"Date","NZU","EUA","KAU","CEA","HBEA","ACCU","UKA","WCA","CCA"
2007-01-02,NA,NA,NA,NA,NA,NA,NA,NA,NA
2007-01-08,NA,33.6264891710222,NA,NA,NA,NA,NA,NA,NA
2007-01-15,NA,22.518497040246,NA,NA,NA,NA,NA,NA,NA
2007-01-22,NA,10.9408042063211,NA,NA,NA,NA,NA,NA,NA
2007-01-29,NA,12.2699918141799,NA,NA,NA,NA,NA,NA,NA
2007-02-05,NA,20.2254618668388,NA,NA,NA,NA,NA,NA,NA
2007-02-12,NA,12.7462772326519,NA,NA,NA,NA,NA,NA,NA
2007-02-19,NA,51.0262433055909,NA,NA,NA,NA,NA,NA,NA
2007-02-26,NA,24.0596345329014,NA,NA,NA,NA,NA,NA,NA
2007-03-05,NA,35.377312319147,NA,NA,NA,NA,NA,NA,NA
2007-03-12,NA,12.2958369934404,NA,NA,NA,NA,NA,NA,NA
2007-03-19,NA,18.541903098248,NA,NA,NA,NA,NA,NA,NA
2007-03-26,NA,19.3421364664662,NA,NA,NA,NA,NA,NA,NA
2007-04-02,NA,29.5052278477295,NA,NA,NA,NA,NA,NA,NA
2007-04-09,NA,19.7476376388205,NA,NA,NA,NA,NA,NA,NA
2007-04-16,NA,11.1190646376405,NA,NA,NA,NA,NA,NA,NA
2007-04-23,NA,10.3971146400253,NA,NA,NA,NA,NA,NA,NA
2007-04-30,NA,16.9953425007267,NA,NA,NA,NA,NA,NA,NA
2007-05-07,NA,14.0024216156456,NA,NA,NA,NA,NA,NA,NA
2007-05-14,NA,5.6952962211532,NA,NA,NA,NA,NA,NA,NA
2007-05-21,NA,16.0179929558008,NA,NA,NA,NA,NA,NA,NA
2007-05-28,NA,38.2818139608501,NA,NA,NA,NA,NA,NA,NA
2007-06-04,NA,23.1516177471594,NA,NA,NA,NA,NA,NA,NA
2007-06-11,NA,20.3747015092543,NA,NA,NA,NA,NA,NA,NA
2007-06-18,NA,21.300260325274,NA,NA,NA,NA,NA,NA,NA
2007-06-25,NA,20.2369993583656,NA,NA,NA,NA,NA,NA,NA
2007-07-02,NA,15.7599772734061,NA,NA,NA,NA,NA,NA,NA
2007-07-09,NA,14.0768137299124,NA,NA,NA,NA,NA,NA,NA
2007-07-16,NA,22.8872426921713,NA,NA,NA,NA,NA,NA,NA
2007-07-23,NA,13.4128143170228,NA,NA,NA,NA,NA,NA,NA
2007-07-30,NA,17.584741386397,NA,NA,NA,NA,NA,NA,NA
2007-08-06,NA,17.3590755907938,NA,NA,NA,NA,NA,NA,NA
2007-08-13,NA,13.3032923936302,NA,NA,NA,NA,NA,NA,NA
2007-08-20,NA,10.2733025849437,NA,NA,NA,NA,NA,NA,NA
2007-08-27,NA,22.8847223718191,NA,NA,NA,NA,NA,NA,NA
2007-09-03,NA,23.2249082579387,NA,NA,NA,NA,NA,NA,NA
2007-09-10,NA,14.4165560623848,NA,NA,NA,NA,NA,NA,NA
2007-09-17,NA,9.99452988697549,NA,NA,NA,NA,NA,NA,NA
2007-09-24,NA,8.09079469560933,NA,NA,NA,NA,NA,NA,NA
2007-10-01,NA,6.43442889613151,NA,NA,NA,NA,NA,NA,NA
2007-10-08,NA,7.32861061989509,NA,NA,NA,NA,NA,NA,NA
2007-10-15,NA,7.12865659221342,NA,NA,NA,NA,NA,NA,NA
2007-10-22,NA,9.41009283465151,NA,NA,NA,NA,NA,NA,NA
2007-10-29,NA,12.5521394394131,NA,NA,NA,NA,NA,NA,NA
2007-11-05,NA,2.71461465316763,NA,NA,NA,NA,NA,NA,NA
2007-11-12,NA,12.8620839277272,NA,NA,NA,NA,NA,NA,NA
2007-11-19,NA,12.2427883298378,NA,NA,NA,NA,NA,NA,NA
2007-11-26,NA,7.88710931966467,NA,NA,NA,NA,NA,NA,NA
2007-12-03,NA,16.8730534242445,NA,NA,NA,NA,NA,NA,NA
2007-12-10,NA,4.13456529071366,NA,NA,NA,NA,NA,NA,NA
2007-12-17,NA,7.75003109854263,NA,NA,NA,NA,NA,NA,NA
2007-12-24,NA,5.19783611772779,NA,NA,NA,NA,NA,NA,NA
2007-12-31,NA,8.40503686616275,NA,NA,NA,NA,NA,NA,NA
2008-01-07,NA,5.94889875772882,NA,NA,NA,NA,NA,NA,NA
2008-01-14,NA,10.6916626366321,NA,NA,NA,NA,NA,NA,NA
2008-01-21,NA,33.8009443678736,NA,NA,NA,NA,NA,NA,NA
2008-01-28,NA,16.8590353391007,NA,NA,NA,NA,NA,NA,NA
2008-02-04,NA,21.5819823779699,NA,NA,NA,NA,NA,NA,NA
2008-02-11,NA,14.7663055510003,NA,NA,NA,NA,NA,NA,NA
2008-02-18,NA,12.4212445914672,NA,NA,NA,NA,NA,NA,NA
2008-02-25,NA,5.44898020348013,NA,NA,NA,NA,NA,NA,NA
2008-03-03,NA,12.9208186078516,NA,NA,NA,NA,NA,NA,NA
2008-03-10,NA,11.0462577705686,NA,NA,NA,NA,NA,NA,NA
2008-03-17,NA,17.360970252232,NA,NA,NA,NA,NA,NA,NA
2008-03-25,NA,14.8695967469472,NA,NA,NA,NA,NA,NA,NA
2008-03-31,NA,13.0066150587943,NA,NA,NA,NA,NA,NA,NA
2008-04-07,NA,12.8634745030803,NA,NA,NA,NA,NA,NA,NA
2008-04-14,NA,10.9057540897574,NA,NA,NA,NA,NA,NA,NA
2008-04-21,NA,13.970154586191,NA,NA,NA,NA,NA,NA,NA
2008-04-28,NA,16.9297393608118,NA,NA,NA,NA,NA,NA,NA
2008-05-06,NA,13.9993263787505,NA,NA,NA,NA,NA,NA,NA
2008-05-12,NA,11.0812439123554,NA,NA,NA,NA,NA,NA,NA
2008-05-19,NA,5.1221499675758,NA,NA,NA,NA,NA,NA,NA
2008-05-26,NA,9.65072476874758,NA,NA,NA,NA,NA,NA,NA
2008-06-02,NA,17.909725256367,NA,NA,NA,NA,NA,NA,NA
2008-06-09,NA,4.04938677149962,NA,NA,NA,NA,NA,NA,NA
2008-06-16,NA,4.83558344723246,NA,NA,NA,NA,NA,NA,NA
2008-06-23,NA,6.95377723009085,NA,NA,NA,NA,NA,NA,NA
2008-06-30,NA,20.0334578281312,NA,NA,NA,NA,NA,NA,NA
2008-07-07,NA,27.2137749216729,NA,NA,NA,NA,NA,NA,NA
2008-07-14,NA,24.351016990919,NA,NA,NA,NA,NA,NA,NA
2008-07-21,NA,6.44472625105706,NA,NA,NA,NA,NA,NA,NA
2008-07-28,NA,4.8673287740137,NA,NA,NA,NA,NA,NA,NA
2008-08-04,NA,13.1130433638626,NA,NA,NA,NA,NA,NA,NA
2008-08-11,NA,12.1980486971202,NA,NA,NA,NA,NA,NA,NA
2008-08-18,NA,9.21099801662607,NA,NA,NA,NA,NA,NA,NA
2008-08-25,NA,7.585964010224,NA,NA,NA,NA,NA,NA,NA
2008-09-01,NA,5.87296192412298,NA,NA,NA,NA,NA,NA,NA
2008-09-08,NA,24.5154716505626,NA,NA,NA,NA,NA,NA,NA
2008-09-15,NA,20.7156458307732,NA,NA,NA,NA,NA,NA,NA
2008-09-22,NA,7.67756065021943,NA,NA,NA,NA,NA,NA,NA
2008-09-29,NA,23.1659206428444,NA,NA,NA,NA,NA,NA,NA
2008-10-06,NA,20.9032305023956,NA,NA,NA,NA,NA,NA,NA
2008-10-13,NA,22.1694818538821,NA,NA,NA,NA,NA,NA,NA
2008-10-20,NA,25.3615921070987,NA,NA,NA,NA,NA,NA,NA
2008-10-27,NA,29.181361286473,NA,NA,NA,NA,NA,NA,NA
2008-11-03,NA,19.2121601163874,NA,NA,NA,NA,NA,NA,NA
2008-11-10,NA,11.1842059747224,NA,NA,NA,NA,NA,NA,NA
2008-11-17,NA,26.3832022046908,NA,NA,NA,NA,NA,NA,NA
2008-11-24,NA,30.3180667457695,NA,NA,NA,NA,NA,NA,NA
2008-12-01,NA,22.2942216585584,NA,NA,NA,NA,NA,NA,NA
2008-12-08,NA,18.6497439488553,NA,NA,NA,NA,NA,NA,NA
2008-12-15,NA,18.0466172638318,NA,NA,NA,NA,NA,NA,NA
2008-12-30,NA,8.26439406193334,NA,NA,NA,NA,NA,NA,NA
2009-01-05,NA,17.0172099112041,NA,NA,NA,NA,NA,NA,NA
2009-01-12,NA,14.2432205883978,NA,NA,NA,NA,NA,NA,NA
2009-01-19,NA,27.1107847539275,NA,NA,NA,NA,NA,NA,NA
2009-01-26,NA,15.9373000489597,NA,NA,NA,NA,NA,NA,NA
2009-02-02,NA,15.5433390589016,NA,NA,NA,NA,NA,NA,NA
2009-02-09,NA,41.8751429951905,NA,NA,NA,NA,NA,NA,NA
2009-02-16,NA,61.4096618180114,NA,NA,NA,NA,NA,NA,NA
2009-02-23,NA,41.3423227517794,NA,NA,NA,NA,NA,NA,NA
2009-03-02,NA,40.6875722300868,NA,NA,NA,NA,NA,NA,NA
2009-03-09,NA,26.0657325126058,NA,NA,NA,NA,NA,NA,NA
2009-03-16,NA,28.9967708802332,NA,NA,NA,NA,NA,NA,NA
2009-03-23,NA,38.3671716265871,NA,NA,NA,NA,NA,NA,NA
2009-03-30,NA,17.320910366262,NA,NA,NA,NA,NA,NA,NA
2009-04-06,NA,21.5551019815521,NA,NA,NA,NA,NA,NA,NA
2009-04-14,NA,27.0684882277935,NA,NA,NA,NA,NA,NA,NA
2009-04-20,NA,22.3831612713741,NA,NA,NA,NA,NA,NA,NA
2009-04-27,NA,15.2708474739877,NA,NA,NA,NA,NA,NA,NA
2009-05-04,NA,24.3948710238204,NA,NA,NA,NA,NA,NA,NA
2009-05-11,NA,18.1441443757903,NA,NA,NA,NA,NA,NA,NA
2009-05-18,NA,13.7836757555038,NA,NA,NA,NA,NA,NA,NA
2009-05-26,NA,9.6786242447194,NA,NA,NA,NA,NA,NA,NA
2009-06-01,NA,16.4194356237834,NA,NA,NA,NA,NA,NA,NA
2009-06-08,NA,19.4728097880911,NA,NA,NA,NA,NA,NA,NA
2009-06-15,NA,27.5951848810841,NA,NA,NA,NA,NA,NA,NA
2009-06-22,NA,14.5262026334732,NA,NA,NA,NA,NA,NA,NA
2009-06-29,NA,9.03974001166932,NA,NA,NA,NA,NA,NA,NA
2009-07-06,NA,7.16877100454439,NA,NA,NA,NA,NA,NA,NA
2009-07-13,NA,23.7348045957726,NA,NA,NA,NA,NA,NA,NA
2009-07-20,NA,8.77466660703029,NA,NA,NA,NA,NA,NA,NA
2009-07-27,NA,9.11504321331543,NA,NA,NA,NA,NA,NA,NA
2009-08-03,NA,18.5380740180114,NA,NA,NA,NA,NA,NA,NA
2009-08-10,NA,5.53183641141553,NA,NA,NA,NA,NA,NA,NA
2009-08-17,NA,3.43001840425589,NA,NA,NA,NA,NA,NA,NA
2009-08-24,NA,3.87197124970803,NA,NA,NA,NA,NA,NA,NA
2009-08-31,NA,12.8077977889329,NA,NA,NA,NA,NA,NA,NA
2009-09-07,NA,13.31207129388,NA,NA,NA,NA,NA,NA,NA
2009-09-14,NA,20.9421621765718,NA,NA,NA,NA,NA,NA,NA
2009-09-21,NA,21.912046094094,NA,NA,NA,NA,NA,NA,NA
2009-09-28,NA,18.2473937054179,NA,NA,NA,NA,NA,NA,NA
2009-10-05,NA,17.9441279635945,NA,NA,NA,NA,NA,NA,NA
2009-10-12,NA,13.8816518121765,NA,NA,NA,NA,NA,NA,NA
2009-10-19,NA,17.6423873482803,NA,NA,NA,NA,NA,NA,NA
2009-10-26,NA,13.813109240106,NA,NA,NA,NA,NA,NA,NA
2009-11-02,NA,8.75397654016263,NA,NA,NA,NA,NA,NA,NA
2009-11-09,NA,6.7628679884666,NA,NA,NA,NA,NA,NA,NA
2009-11-16,NA,16.3849063130066,NA,NA,NA,NA,NA,NA,NA
2009-11-23,NA,16.491681764606,NA,NA,NA,NA,NA,NA,NA
2009-11-30,NA,8.65270427623275,NA,NA,NA,NA,NA,NA,NA
2009-12-07,NA,23.576521129566,NA,NA,NA,NA,NA,NA,NA
2009-12-14,NA,18.0466172638318,NA,NA,NA,NA,NA,NA,NA
2009-12-31,NA,18.0466172638318,NA,NA,NA,NA,NA,NA,NA
2010-01-04,NA,38.8585567026495,NA,NA,NA,NA,NA,NA,NA
2010-01-11,6.5506825178234,20.4651656924651,NA,NA,NA,NA,NA,NA,NA
2010-01-18,6.24128869948038,10.3441238778718,NA,NA,NA,NA,NA,NA,NA
2010-01-25,10.9853876652979,12.4465093687209,NA,NA,NA,NA,NA,NA,NA
2010-02-01,10.9853876652979,11.9725842775917,NA,NA,NA,NA,NA,NA,NA
2010-02-08,5.96712271773627,10.8727055526503,NA,NA,NA,NA,NA,NA,NA
2010-02-15,4.38320391311943,11.8919937045122,NA,NA,NA,NA,NA,NA,NA
2010-02-22,3.67925479517245,8.48144165190923,NA,NA,NA,NA,NA,NA,NA
2010-03-01,6.70719437872748,9.62339039584701,NA,NA,NA,NA,NA,NA,NA
2010-03-08,3.75057230948125,8.53561353693743,NA,NA,NA,NA,NA,NA,NA
2010-03-15,3.66321216162847,4.4523737133166,NA,NA,NA,NA,NA,NA,NA
2010-03-22,5.52268459245669,10.6661823807652,NA,NA,NA,NA,NA,NA,NA
2010-03-29,4.95254224216331,5.93317623189222,NA,NA,NA,NA,NA,NA,NA
2010-04-06,3.74696551902651,6.95141936402695,NA,NA,NA,NA,NA,NA,NA
2010-04-12,4.7859415572195,12.4174977922622,NA,NA,NA,NA,NA,NA,NA
2010-04-19,2.44594996323386,4.32888989552255,NA,NA,NA,NA,NA,NA,NA
2010-04-26,2.55819633198253,22.39506375554,NA,NA,NA,NA,NA,NA,NA
2010-05-03,4.5299472627819,25.1598813662508,NA,NA,NA,NA,NA,NA,NA
2010-05-10,3.0109081419067,11.8318822489064,NA,NA,NA,NA,NA,NA,NA
2010-05-17,41.8358329510915,20.7052339721884,NA,NA,NA,NA,NA,NA,NA
2010-05-24,4.88940020975784,28.9808672604599,NA,NA,NA,NA,NA,NA,NA
2010-05-31,4.9456399900664,4.2579856965956,NA,NA,NA,NA,NA,NA,NA
2010-06-07,10.9853876652979,12.3480079637555,NA,NA,NA,NA,NA,NA,NA
2010-06-14,4.79050037960836,8.23864337058763,NA,NA,NA,NA,NA,NA,NA
2010-06-21,11.7974278825011,8.22883164306543,NA,NA,NA,NA,NA,NA,NA
2010-06-28,12.267653049507,6.0967312384172,NA,NA,NA,NA,NA,NA,NA
2010-07-05,5.54930665849487,11.2293775834343,NA,NA,NA,NA,NA,NA,NA
2010-07-12,8.91493868610085,21.2066547056399,NA,NA,NA,NA,NA,NA,NA
2010-07-19,7.35210210956109,11.0961559381139,NA,NA,NA,NA,NA,NA,NA
2010-07-26,4.65490276085731,14.4071340956384,NA,NA,NA,NA,NA,NA,NA
2010-08-02,4.16290871560467,9.39069283367284,NA,NA,NA,NA,NA,NA,NA
2010-08-09,4.75976618739887,6.79493376894822,NA,NA,NA,NA,NA,NA,NA
2010-08-16,4.42199398424004,10.9528427020711,NA,NA,NA,NA,NA,NA,NA
2010-08-23,4.30127247329562,11.3965081424739,NA,NA,NA,NA,NA,NA,NA
2010-08-30,11.7749108993585,8.36536334249396,NA,NA,NA,NA,NA,NA,NA
2010-09-06,1.54179659255796,6.8529733209764,NA,NA,NA,NA,NA,NA,NA
2010-09-13,22.3019159933348,7.15065676190381,NA,NA,NA,NA,NA,NA,NA
2010-09-20,4.71648929368904,12.2716381516406,NA,NA,NA,NA,NA,NA,NA
2010-09-27,19.3637556374401,9.47213753475384,NA,NA,NA,NA,NA,NA,NA
2010-10-04,2.74012542903937,5.0063418503904,NA,NA,NA,NA,NA,NA,NA
2010-10-11,4.31730039910411,5.85788385355949,NA,NA,NA,NA,NA,NA,NA
2010-10-18,2.8965339733954,2.68053676801445,NA,NA,NA,NA,NA,NA,NA
2010-10-25,10.9853876652979,8.83910713574463,NA,NA,NA,NA,NA,NA,NA
2010-11-01,10.5418511138608,8.83603079644686,NA,NA,NA,NA,NA,NA,NA
2010-11-08,9.72232034398021,10.3041560138648,NA,NA,NA,NA,NA,NA,NA
2010-11-15,2.35336357898779,11.2502534642024,NA,NA,NA,NA,NA,NA,NA
2010-11-22,1.84390434195864,6.92512776643345,NA,NA,NA,NA,NA,NA,NA
2010-11-29,46.3868470581549,8.55027547449956,NA,NA,NA,NA,NA,NA,NA
2010-12-06,24.4956711324712,4.77348310587598,NA,NA,NA,NA,NA,NA,NA
2010-12-13,9.41490068820661,7.07160277859461,NA,NA,NA,NA,NA,NA,NA
2010-12-20,4.60586473705866,18.0466172638318,NA,NA,NA,NA,NA,NA,NA
2010-12-27,10.9853876652979,18.0466172638318,NA,NA,NA,NA,NA,NA,NA
2011-01-03,10.9853876652979,8.15677459009925,NA,NA,NA,NA,NA,NA,NA
2011-01-10,2.63352963277825,7.15566748768254,NA,NA,NA,NA,NA,NA,NA
2011-01-17,18.7394063653501,5.19571275132047,NA,NA,NA,NA,NA,NA,NA
2011-01-24,10.9853876652979,11.6557745759766,NA,NA,NA,NA,NA,NA,NA
2011-01-31,10.9853876652979,9.28524368768695,NA,NA,NA,NA,NA,NA,NA
2011-02-07,6.3962897993214,4.76943754818484,NA,NA,NA,NA,NA,NA,NA
2011-02-14,3.2772405576061,2.82910620170532,NA,NA,NA,NA,NA,NA,NA
2011-02-21,11.6799354330281,5.9305259018767,NA,NA,NA,NA,NA,NA,NA
2011-02-28,21.8507782149246,15.0961465055902,NA,NA,NA,NA,NA,NA,NA
2011-03-07,3.31859146910924,17.9885643016838,NA,NA,NA,NA,NA,NA,NA
2011-03-14,16.584878502963,30.3260912335545,NA,NA,NA,NA,NA,NA,NA
2011-03-21,2.38336664907186,9.09691253815716,NA,NA,NA,NA,NA,NA,NA
2011-03-28,3.52961494607913,11.0453234073208,NA,NA,NA,NA,NA,NA,NA
2011-04-04,14.7948686194232,8.32760652411894,NA,NA,NA,NA,NA,NA,NA
2011-04-11,3.23790438473622,10.0398627163771,NA,NA,NA,NA,NA,NA,NA
2011-04-18,5.17817711210961,7.04045129050486,NA,NA,NA,NA,NA,NA,NA
2011-04-26,8.85876506236114,8.00974692273705,NA,NA,NA,NA,NA,NA,NA
2011-05-02,8.71248851812072,7.26480395282509,NA,NA,NA,NA,NA,NA,NA
2011-05-09,9.38715312703749,4.93766450103239,NA,NA,NA,NA,NA,NA,NA
2011-05-16,7.2280437398767,5.32481996420601,NA,NA,NA,NA,NA,NA,NA
2011-05-23,2.97887654956353,10.050995851572,NA,NA,NA,NA,NA,NA,NA
2011-05-30,3.09152386822299,11.6783051323562,NA,NA,NA,NA,NA,NA,NA
2011-06-06,10.9853876652979,5.05173451684447,NA,NA,NA,NA,NA,NA,NA
2011-06-13,4.197737888144,16.3733212223754,NA,NA,NA,NA,NA,NA,NA
2011-06-20,9.67485856263281,26.7496185435786,NA,NA,NA,NA,NA,NA,NA
2011-06-27,32.9214414476841,21.5093203145294,NA,NA,NA,NA,NA,NA,NA
2011-07-04,6.0822775119592,14.0686881711914,NA,NA,NA,NA,NA,NA,NA
2011-07-11,6.98833633718854,25.8604077098009,NA,NA,NA,NA,NA,NA,NA
2011-07-18,26.1037189503655,16.2095940204384,NA,NA,NA,NA,NA,NA,NA
2011-07-25,4.1555351145374,11.5996082859244,NA,NA,NA,NA,NA,NA,NA
2011-08-01,10.6998187959663,8.85635143105885,NA,NA,NA,NA,NA,NA,NA
2011-08-08,16.8141387290696,23.3490560886912,NA,NA,NA,NA,NA,NA,NA
2011-08-15,27.4760595639582,19.7161179828264,NA,NA,NA,NA,NA,NA,NA
2011-08-22,20.1861201544092,11.4553728852578,NA,NA,NA,NA,NA,NA,NA
2011-08-29,5.42259275973786,14.085306215295,NA,NA,NA,NA,NA,NA,NA
2011-09-05,6.48475359533761,14.0464152710331,NA,NA,NA,NA,NA,NA,NA
2011-09-12,43.398110136463,9.93554550302412,NA,NA,NA,NA,NA,NA,NA
2011-09-19,6.83617755670507,14.4930194736793,NA,NA,NA,NA,NA,NA,NA
2011-09-26,29.0681280867603,24.317896843869,NA,NA,NA,NA,NA,NA,NA
2011-10-03,3.32460720949187,18.7848039831449,NA,NA,NA,NA,NA,NA,NA
2011-10-10,19.1229903115132,17.7300303580621,NA,NA,NA,NA,NA,NA,NA
2011-10-17,3.82013675021584,13.3193111748646,NA,NA,NA,NA,NA,NA,NA
2011-10-24,10.9853876652979,15.6343692479401,NA,NA,NA,NA,NA,NA,NA
2011-10-31,3.43514698713044,16.34851889233,NA,NA,NA,NA,NA,NA,NA
2011-11-07,12.7225842350092,21.5660073160929,NA,NA,NA,NA,NA,NA,NA
2011-11-14,2.78132684868817,10.6294337754306,NA,NA,NA,NA,NA,NA,NA
2011-11-21,44.0083765905316,28.5021564333271,NA,NA,NA,NA,NA,NA,NA
2011-11-28,6.19273205297755,28.8113537572785,NA,NA,NA,NA,NA,NA,NA
2011-12-05,41.4816218409924,32.7405346578923,NA,NA,NA,NA,NA,NA,NA
2011-12-12,61.7914193602166,36.0888002009412,NA,NA,NA,NA,NA,NA,NA
2011-12-19,51.2069496444451,71.3624609323689,NA,NA,NA,NA,NA,NA,NA
2011-12-27,10.9853876652979,24.6643475006532,NA,NA,NA,NA,NA,NA,NA
2012-01-02,10.9853876652979,31.7775454287126,NA,NA,NA,NA,NA,NA,NA
2012-01-09,6.89164368256289,25.2311985441206,NA,NA,NA,NA,NA,NA,NA
2012-01-16,6.61313537734505,29.0262332350274,NA,NA,NA,NA,NA,NA,NA
2012-01-23,10.9853876652979,27.4647896996384,NA,NA,NA,NA,NA,NA,NA
2012-01-30,10.9853876652979,25.9954211106461,NA,NA,NA,NA,NA,NA,NA
2012-02-06,10.9853876652979,21.1093780127595,NA,NA,NA,NA,NA,NA,NA
2012-02-13,48.9124742171918,30.4296894608877,NA,NA,NA,NA,NA,NA,NA
2012-02-20,2.22260744482017,38.1470317179154,NA,NA,NA,NA,NA,NA,NA
2012-02-27,41.88388869445,31.9896247747888,NA,NA,NA,NA,NA,NA,NA
2012-03-05,7.62416966772445,13.982899431611,NA,NA,NA,NA,NA,NA,NA
2012-03-12,18.1309727291276,20.7058450050108,NA,NA,NA,NA,NA,NA,NA
2012-03-19,17.9916868992441,34.1250127226822,NA,NA,NA,NA,NA,NA,NA
2012-03-26,19.9695194876787,26.2452648453224,NA,NA,NA,NA,NA,NA,NA
2012-04-02,15.6410441320006,65.7069357971587,NA,NA,NA,NA,NA,NA,NA
2012-04-10,21.9266087113532,3.60075478769098,NA,NA,NA,NA,NA,NA,NA
2012-04-16,21.4367211974557,24.6610982026859,NA,NA,NA,NA,NA,NA,NA
2012-04-23,10.9853876652979,16.1151667457962,NA,NA,NA,NA,NA,NA,NA
2012-04-30,15.5675310799489,31.0168770501919,NA,NA,NA,NA,NA,NA,NA
2012-05-07,22.1325731022024,6.85605644699098,NA,NA,NA,NA,NA,NA,NA
2012-05-14,8.19665719515555,14.0065988447415,NA,NA,NA,NA,NA,NA,NA
2012-05-21,3.7359892623275,20.6912832929217,NA,NA,NA,NA,NA,NA,NA
2012-05-28,12.6736755977654,15.0450720308726,NA,NA,NA,NA,NA,NA,NA
2012-06-04,10.9853876652979,7.36097701319372,NA,NA,NA,NA,NA,NA,NA
2012-06-11,12.1376118592958,6.58652382630906,NA,NA,NA,NA,NA,NA,NA
2012-06-18,12.3655414757329,33.8776363814831,NA,NA,NA,NA,NA,NA,NA
2012-06-25,20.7080232715067,14.762480963888,NA,NA,NA,NA,NA,NA,NA
2012-07-02,3.79704018733442,17.7453356528934,NA,NA,NA,NA,NA,NA,NA
2012-07-09,4.33800009876776,7.24328452751572,NA,NA,NA,NA,NA,NA,NA
2012-07-16,25.3507672055805,30.8111125959176,NA,NA,NA,NA,NA,NA,NA
2012-07-23,7.31189991936893,19.4432182189857,NA,NA,NA,NA,NA,NA,NA
2012-07-30,21.9062623056423,25.0260181771887,NA,NA,NA,NA,NA,NA,NA
2012-08-06,6.02199567520034,8.07334310228966,NA,NA,NA,NA,NA,NA,NA
2012-08-13,3.28355059952434,16.046670536518,NA,NA,NA,NA,NA,NA,NA
2012-08-20,3.99944449356634,11.4358458455959,NA,NA,NA,NA,NA,NA,NA
2012-08-27,3.85728860907091,21.1328252697571,NA,NA,NA,NA,NA,NA,NA
2012-09-03,4.99091711509775,11.6541764991539,NA,NA,NA,NA,NA,NA,NA
2012-09-10,33.042735350617,22.1089036145639,NA,NA,NA,NA,NA,NA,NA
2012-09-17,58.3992634412089,14.276220030664,NA,NA,NA,NA,NA,NA,NA
2012-09-24,29.9377573326979,16.2152615508097,NA,NA,NA,NA,NA,NA,NA
2012-10-01,35.0478561664452,13.4978424165063,NA,NA,NA,NA,NA,NA,NA
2012-10-08,24.5827223255042,8.73861644358611,NA,NA,NA,NA,NA,NA,NA
2012-10-15,29.5949868811254,22.1157180572081,NA,NA,NA,NA,NA,NA,NA
2012-10-22,10.9853876652979,12.9624612317479,NA,NA,NA,NA,NA,NA,NA
2012-10-29,39.7076821357646,12.4293714409642,NA,NA,NA,NA,NA,NA,NA
2012-11-05,27.8321458272791,9.44186503273457,NA,NA,NA,NA,NA,NA,NA
2012-11-12,74.0967394589202,53.3347284522623,NA,NA,NA,NA,NA,NA,NA
2012-11-19,18.9203656512048,15.3995900582546,NA,NA,NA,NA,NA,NA,NA
2012-11-26,41.3336965301152,19.1623929014433,NA,NA,NA,NA,NA,NA,NA
2012-12-03,42.3787215873148,40.1382026911921,NA,NA,NA,NA,NA,NA,NA
2012-12-10,13.8050997800181,21.7461528108412,NA,NA,NA,NA,NA,NA,NA
2012-12-17,26.067465590369,19.2004906260461,NA,NA,NA,NA,NA,NA,NA
2012-12-27,3.77930562817849,20.0382180914893,NA,NA,NA,NA,NA,NA,NA
2012-12-31,10.9853876652979,14.3372114767809,NA,NA,NA,NA,NA,NA,NA
2013-01-07,6.34486503219143,24.0901934659153,NA,NA,NA,NA,NA,NA,NA
2013-01-14,34.4819330015532,36.295744144032,NA,NA,NA,NA,NA,NA,NA
2013-01-21,10.9853876652979,61.0449632158795,NA,NA,NA,NA,NA,NA,NA
2013-01-28,10.9853876652979,86.2905487319804,NA,NA,NA,NA,NA,NA,NA
2013-02-04,10.9853876652979,46.4540744187823,NA,NA,NA,NA,NA,NA,NA
2013-02-11,99.2273299097696,42.8665407499578,NA,NA,NA,NA,NA,NA,NA
2013-02-18,41.6583674626777,47.3515285872656,NA,NA,NA,NA,NA,NA,NA
2013-02-25,45.9580678397511,63.1293064877748,NA,NA,NA,NA,NA,NA,NA
2013-03-04,40.855033660742,31.9742578742002,NA,NA,NA,NA,NA,NA,NA
2013-03-11,2.39868379723548,40.1769792099257,NA,NA,NA,NA,NA,NA,NA
2013-03-18,12.8071280703927,69.5753693024257,NA,NA,NA,NA,NA,NA,NA
2013-03-25,29.7005743031311,30.5236738507689,NA,NA,NA,NA,NA,NA,NA
2013-04-01,10.9853876652979,10.9405612741541,NA,NA,NA,NA,NA,NA,NA
2013-04-08,12.6062064257647,54.6931894732555,NA,NA,NA,NA,NA,NA,NA
2013-04-15,25.136536732654,156.277362464518,NA,NA,NA,NA,NA,NA,NA
2013-04-22,10.9853876652979,38.2559628182285,NA,NA,NA,NA,NA,NA,NA
2013-04-29,15.9476051468713,76.289390798723,NA,NA,NA,NA,NA,NA,NA
2013-05-06,5.57029317516956,61.8116262949114,NA,NA,NA,NA,NA,NA,NA
2013-05-13,9.13583188787658,33.2188225427319,NA,NA,NA,NA,NA,NA,NA
2013-05-20,4.87196249816268,32.0406667770767,NA,NA,NA,NA,NA,NA,NA
2013-05-27,11.6039779222825,18.862154460198,NA,NA,NA,NA,NA,NA,NA
2013-06-03,10.9853876652979,11.3523795339749,NA,NA,NA,NA,NA,NA,NA
2013-06-10,30.8590200052991,32.7907013425034,NA,NA,NA,NA,NA,NA,NA
2013-06-17,6.52965159058193,23.2599957352178,NA,NA,NA,NA,NA,NA,NA
2013-06-24,7.49040892072018,32.3224931521527,NA,NA,NA,NA,NA,NA,NA
2013-07-01,6.00516572014828,42.451683129231,NA,NA,NA,NA,NA,NA,NA
2013-07-08,9.80456337348977,12.4747828972088,NA,NA,NA,NA,NA,NA,NA
2013-07-15,1.25073070178124,8.25187157484689,NA,NA,NA,NA,NA,NA,NA
2013-07-22,3.92843343401066,2.87138506337752,NA,NA,NA,NA,NA,NA,NA
2013-07-29,8.85691466126483,6.33147505189675,NA,NA,NA,NA,NA,NA,NA
2013-08-05,31.5728523008713,12.7834423665567,NA,NA,NA,NA,NA,NA,NA
2013-08-12,7.11240948280781,11.6187899157527,NA,NA,NA,NA,NA,NA,NA
2013-08-19,42.6285519857135,14.3965282866186,NA,NA,NA,NA,NA,NA,NA
2013-08-26,127.130757252221,8.3955517922701,NA,NA,NA,NA,NA,NA,NA
2013-09-02,36.9750432905578,40.3046439791589,NA,NA,NA,NA,NA,NA,NA
2013-09-09,39.0607629754193,30.7163630254376,NA,NA,NA,NA,NA,NA,NA
2013-09-16,17.9381218005342,19.8184387658729,NA,NA,NA,NA,NA,NA,NA
2013-09-23,23.4055732950965,9.8254195431638,NA,NA,NA,NA,NA,NA,NA
2013-09-30,22.3253313917981,28.1912352876906,NA,NA,NA,NA,NA,NA,NA
2013-10-07,9.50246717107317,3.92281963264481,NA,NA,NA,NA,NA,NA,NA
2013-10-14,11.7943581197373,30.4854721992006,NA,NA,NA,NA,NA,NA,NA
2013-10-21,7.62813360450734,51.903287216328,NA,NA,NA,NA,NA,NA,NA
2013-10-28,10.9853876652979,28.459849857925,NA,NA,NA,NA,NA,NA,NA
2013-11-04,7.67129863756773,29.9215071523063,NA,NA,NA,NA,NA,NA,NA
2013-11-11,30.1075023811886,11.2874179775127,NA,NA,NA,NA,NA,NA,NA
2013-11-18,13.2060740869432,16.2358160002624,NA,NA,NA,NA,NA,NA,NA
2013-11-25,37.1307430999696,8.22150454876795,NA,NA,NA,NA,NA,NA,NA
2013-12-02,10.1311622598201,12.7883787027997,NA,NA,NA,NA,NA,NA,NA
2013-12-09,9.82505754406039,16.275527239687,NA,NA,NA,NA,NA,NA,NA
2013-12-16,24.7508587126085,26.634550619685,NA,NA,NA,NA,NA,NA,NA
2013-12-23,10.9853876652979,21.1472753705639,NA,NA,NA,NA,NA,NA,NA
2013-12-30,10.9853876652979,18.0466172638318,NA,NA,NA,NA,NA,NA,NA
2014-01-06,5.79286021461311,7.12195621733058,NA,NA,NA,NA,NA,NA,NA
2014-01-13,7.79683796570418,18.8558548173195,NA,NA,NA,NA,NA,NA,NA
2014-01-20,10.9853876652979,21.2105174621943,NA,NA,NA,NA,NA,NA,NA
2014-01-27,10.9853876652979,18.7119422148362,NA,NA,NA,NA,NA,NA,NA
2014-02-03,10.9853876652979,20.9502347720319,NA,NA,NA,NA,NA,NA,NA
2014-02-10,8.97158871818019,15.4280366552927,NA,NA,NA,NA,NA,NA,NA
2014-02-17,14.4588689766979,10.6768528305851,NA,NA,NA,NA,NA,NA,NA
2014-02-24,27.8161975820069,54.7497532858097,NA,NA,NA,NA,NA,NA,NA
2014-03-03,5.43044586914801,28.1517597929626,NA,NA,NA,NA,NA,NA,NA
2014-03-10,22.5250195139017,13.1879649894264,NA,NA,NA,NA,NA,NA,NA
2014-03-17,3.62483634566351,29.5855128951087,NA,NA,NA,NA,NA,NA,NA
2014-03-24,4.28322191017629,54.8254205419235,NA,NA,NA,NA,NA,NA,NA
2014-03-31,6.94822705532462,40.628730536815,NA,NA,NA,NA,NA,NA,NA
2014-04-07,1.96756546535142,21.3603244355704,NA,NA,NA,NA,NA,NA,NA
2014-04-14,10.9853876652979,18.0466172638318,NA,NA,15.2048456933275,NA,NA,NA,NA
2014-04-21,10.9853876652979,18.0466172638318,NA,NA,6.43269768083259,NA,NA,NA,NA
2014-04-28,10.9853876652979,26.8500587539467,NA,NA,23.0924110152507,NA,NA,NA,NA
2014-05-05,8.18456860711445,10.7232896385428,NA,NA,23.0924110152507,NA,NA,NA,NA
2014-05-12,75.531440541366,23.8095386158452,NA,NA,4.9572111644156,NA,NA,NA,NA
2014-05-19,24.0952031303519,21.9411887021603,NA,NA,10.470730731641,NA,NA,NA,NA
2014-05-26,38.6998769177902,9.73403057899745,NA,NA,2.89427084723687,NA,NA,NA,NA
2014-06-02,10.9853876652979,17.8464772860425,NA,NA,23.0924110152507,NA,NA,NA,NA
2014-06-09,9.8686540919874,16.4072185158271,NA,NA,4.34400204432164,NA,NA,NA,NA
2014-06-16,46.9360994811829,13.499397756134,NA,NA,6.59456096855362,NA,NA,NA,NA
2014-06-23,7.90677860819899,9.10899521162137,NA,NA,5.05556712915806,NA,NA,NA,NA
2014-06-30,2.45896246049879,24.6069712613306,NA,NA,2.30127243004562,NA,NA,NA,NA
2014-07-07,3.90750341216211,16.3981955091883,NA,NA,4.58702936584399,NA,NA,NA,NA
2014-07-14,2.18401967007821,15.8038243028893,NA,NA,5.59981546324761,NA,NA,NA,NA
2014-07-21,9.68528593642267,11.4702601149457,NA,NA,43.5272335990363,NA,NA,NA,NA
2014-07-28,7.70480137585182,12.523565627246,NA,NA,19.1859940400862,NA,NA,NA,NA
2014-08-04,2.14853365269661,12.6042303939461,NA,NA,13.0621445492189,NA,NA,NA,NA
2014-08-11,3.45211966584521,12.5812490286052,NA,NA,9.20191487765028,NA,NA,NA,NA
2014-08-18,4.11653927848,6.28130486986085,NA,NA,10.0466172326752,NA,NA,NA,NA
2014-08-25,18.8760076825514,6.21659388508072,NA,NA,12.5926863278652,NA,NA,NA,NA
2014-09-01,5.17543180248719,14.4000969332538,NA,NA,4.74846400589009,NA,NA,NA,NA
2014-09-08,7.18384931238575,9.42122705680695,NA,NA,23.0924110152507,NA,NA,NA,NA
2014-09-15,5.54541967758723,13.3799961016386,NA,NA,7.87628440407853,NA,NA,NA,NA
2014-09-22,7.39909884908051,24.0962368326598,NA,NA,3.34134273683022,NA,NA,NA,NA
2014-09-29,9.64349280270113,10.7314925821624,NA,NA,23.0924110152507,NA,NA,NA,NA
2014-10-06,3.74224338749868,19.3845619432433,NA,NA,23.0924110152507,NA,NA,NA,NA
2014-10-13,8.70020830555604,6.32627526496806,NA,NA,10.3936265665759,NA,NA,NA,NA
2014-10-20,11.0263734867381,5.38709265754196,NA,NA,14.2957272775822,NA,NA,NA,NA
2014-10-27,10.9853876652979,16.2087120596331,NA,NA,3.34971182545621,NA,NA,NA,NA
2014-11-03,3.51977027698558,13.4337727899242,NA,NA,9.10806764243205,NA,NA,NA,NA
2014-11-10,10.255307651209,10.613939109061,NA,NA,23.0924110152507,NA,NA,NA,NA
2014-11-17,11.7716586047768,14.2721524636571,NA,NA,4.79139153544068,NA,NA,NA,NA
2014-11-24,10.7622425121289,7.5121437754425,NA,NA,1.7640650271602,NA,NA,NA,NA
2014-12-01,30.118492762358,12.3750764043547,NA,NA,4.90443790425849,NA,NA,NA,NA
2014-12-08,50.9815290720538,15.0100809019275,NA,NA,6.50075533240371,NA,NA,NA,NA
2014-12-15,15.380215714015,8.37326840190842,NA,NA,5.53339475747873,NA,NA,NA,NA
2014-12-22,10.9853876652979,18.0466172638318,NA,NA,4.79390675107338,NA,NA,NA,NA
2014-12-29,10.9853876652979,20.5904358215414,NA,NA,23.0924110152507,NA,NA,NA,NA
2015-01-05,10.9853876652979,7.56532604445726,NA,NA,23.0924110152507,NA,NA,NA,NA
2015-01-12,13.6318158120897,28.9142061954566,NA,NA,2.8053590511642,NA,NA,NA,3.69921166397779
2015-01-19,10.9853876652979,26.3148212410793,7.91839651741147,NA,12.8119791524889,NA,NA,NA,5.89668452246147
2015-01-26,10.9853876652979,6.18775473578349,4.46529609176584,NA,7.71159915423678,NA,NA,NA,5.74971601197474
2015-02-02,10.9853876652979,9.91067248168043,7.51693826604866,NA,3.79602889654292,NA,NA,NA,7.42139921281775
2015-02-09,10.9853876652979,9.70928960279984,3.72669418651,NA,3.08052578756222,NA,NA,NA,2.51811940063579
2015-02-16,1.90938345865256,9.55732921084685,12.1639456705365,NA,23.0924110152507,NA,NA,NA,5.89668452246147
2015-02-23,11.72901877144,25.598500041691,12.1639456705365,NA,23.0924110152507,NA,NA,NA,8.10823160288697
2015-03-02,18.3698175322687,21.6570308630768,2.5215553661986,NA,23.0924110152507,NA,NA,NA,5.89668452246147
2015-03-09,6.55893329176902,19.0899246928972,4.09702847520511,NA,30.6912600781283,NA,NA,NA,7.69683470084013
2015-03-16,9.88437596536614,18.9658508981949,5.38435059781187,NA,10.6242120715222,NA,NA,NA,11.6097316669707
2015-03-23,5.41747023812415,8.27313575592758,3.24723194826711,NA,16.9441005834066,NA,NA,NA,5.3902324823767
2015-03-30,10.9853876652979,18.0466172638318,4.28615924823982,NA,63.4201885970439,NA,NA,NA,5.89668452246147
2015-04-06,10.9853876652979,18.0466172638318,1.95174259812288,NA,23.0924110152507,NA,NA,NA,5.89668452246147
2015-04-13,10.8424531277862,10.0408315903413,1.5388567762332,NA,8.12642186514638,NA,NA,NA,3.2926255233738
2015-04-20,11.191546137411,14.1720177777502,7.07232038547619,NA,15.8641235051253,NA,NA,NA,4.49580215026573
2015-04-27,10.9853876652979,12.5460940180088,12.1639456705365,NA,23.0924110152507,NA,NA,NA,5.89668452246147
2015-05-04,11.490115061903,8.94608602220497,12.1639456705365,NA,23.0924110152507,NA,NA,NA,7.04416583392665
2015-05-11,11.2649421488317,4.6291012644072,3.77261287781654,NA,18.6529635718876,NA,NA,NA,4.78258805347897
2015-05-18,16.7173538918254,8.39477389329589,2.48234253138898,NA,17.9276958466933,NA,NA,NA,4.91488886738907
2015-05-25,9.10025608649634,11.5417457474538,12.1639456705365,NA,11.1715921926827,NA,NA,NA,5.89668452246147
2015-06-01,10.9853876652979,11.3505033557778,5.06732390944519,NA,32.8321143794209,NA,NA,NA,9.59225800206281
2015-06-08,38.6778368445779,6.19297158916496,4.64708898615373,NA,23.0924110152507,NA,NA,NA,6.46064831506956
2015-06-15,26.1549866195158,5.39660286355855,3.7051845152782,NA,16.5140700652956,NA,NA,NA,3.131904972549
2015-06-22,6.69901119613225,5.97548739088762,5.03213555262478,NA,23.0924110152507,NA,NA,NA,5.45663332647722
2015-06-29,8.26859655260337,8.79799254119078,3.70482843607868,NA,23.0924110152507,NA,NA,NA,5.89668452246147
2015-07-06,6.96481923106835,7.64192708921881,4.96208890973927,NA,16.2632285827181,NA,NA,NA,5.89668452246147
2015-07-13,6.53385291295422,10.1464699275942,4.50772751084329,NA,24.826695796209,NA,NA,NA,3.63263055948199
2015-07-20,10.4525579364196,13.0333301407576,1.46553814699473,NA,11.9553774394199,NA,NA,NA,3.44652896489004
2015-07-27,10.136818251994,7.72188186648665,4.94809313575514,NA,27.6814595923574,NA,NA,NA,5.84841320959408
2015-08-03,6.56844087525675,5.89576503206485,4.67900948336723,NA,83.6812712656207,NA,NA,NA,3.50306253137744
2015-08-10,10.3152372615316,5.91678746256205,12.1639456705365,NA,23.1353321928588,NA,NA,NA,3.80043598579609
2015-08-17,5.52109079853083,9.3045732713418,12.1639456705365,NA,26.2557281413545,NA,NA,NA,6.33235210917168
2015-08-24,26.9898651379295,6.72379122280937,10.9381358206338,NA,39.7134132945652,NA,NA,NA,10.020925876081
2015-08-31,10.0557867635216,8.02768450838074,4.74639447629472,NA,23.0924110152507,NA,NA,NA,5.6845995416661
2015-09-07,9.37514016707868,6.87892478974154,2.91917468551214,NA,23.0924110152507,NA,NA,NA,5.89668452246147
2015-09-14,11.5880134679351,4.78053988789794,5.18675715636569,NA,13.7458688314996,NA,NA,NA,5.89668452246147
2015-09-21,8.26423486586177,6.0423288527842,5.39573422621851,NA,14.6564593666021,NA,NA,NA,5.89668452246147
2015-09-28,8.57173864414487,9.47569745588957,12.1639456705365,NA,23.0924110152507,NA,NA,NA,2.34128871616422
2015-10-05,6.65545518202714,9.90842367270954,12.1639456705365,NA,23.0924110152507,NA,NA,NA,3.37268904461704
2015-10-12,6.36232951243567,4.61808854076507,12.1639456705365,NA,7.7710112794825,NA,NA,NA,4.65170545549043
2015-10-19,13.3280409117909,6.10250927408091,10.025999180844,NA,7.22140364504869,NA,NA,NA,6.49519698729144
2015-10-26,10.9853876652979,4.75444154972387,2.30512894267528,NA,15.2378975030207,NA,NA,NA,4.87721697960189
2015-11-02,8.62090726730525,6.4262590320381,4.27822516442891,NA,15.9625410159298,NA,NA,NA,4.96875611647406
2015-11-09,13.8689517497069,6.13263748491072,6.02982435747471,NA,34.1220354958371,NA,NA,NA,5.89668452246147
2015-11-16,8.72758074512019,7.46878277709861,2.84171841171021,NA,3.99490997238042,NA,NA,NA,5.14467074816128
2015-11-23,7.93893126929372,4.7832858726895,4.4394756140126,NA,8.1071804228956,NA,NA,NA,5.89668452246147
2015-11-30,8.62700975038412,5.38860779212492,6.464866797723,NA,11.8023966202837,NA,NA,NA,5.89668452246147
2015-12-07,9.06800502406127,10.3585483941197,7.27479180545382,NA,11.9344178830299,NA,NA,NA,5.89668452246147
2015-12-14,13.9385091658399,5.91226982215259,4.77715785013748,NA,4.65527196570488,NA,NA,NA,5.89668452246147
2015-12-21,10.9853876652979,18.0466172638318,12.1639456705365,NA,5.99499975212386,NA,NA,NA,5.89668452246147
2015-12-28,10.9853876652979,18.0466172638318,12.1639456705365,NA,40.9654875341647,NA,NA,NA,5.89668452246147
2016-01-04,10.9853876652979,8.00543069558533,12.1639456705365,NA,56.3984386904102,NA,NA,NA,5.89668452246147
2016-01-11,6.55570598184239,21.8897308977226,12.4253636075684,NA,6.68592694274027,NA,NA,NA,3.49021437826249
2016-01-18,8.75412700050422,28.5529022087973,3.57493081882978,NA,9.5844656477348,NA,NA,NA,5.89668452246147
2016-01-25,10.9853876652979,30.2039075683571,5.22677237441774,NA,33.8679866099819,NA,NA,NA,4.0159323769521
2016-02-01,10.9853876652979,21.7037037384152,3.49738050285228,NA,12.8389522462935,NA,NA,NA,5.89668452246147
2016-02-08,10.9853876652979,37.1289466481736,12.1639456705365,NA,23.0924110152507,NA,NA,NA,5.89668452246147
2016-02-15,6.82891473449788,38.0379028567824,5.83922109109228,NA,23.0924110152507,NA,NA,NA,5.89668452246147
2016-02-22,6.86161182885064,41.7561704110001,38.5703161037861,NA,8.38245252038196,NA,NA,NA,13.697205800215
2016-02-29,4.21754835561279,5.93596552665277,12.1639456705365,NA,13.0316881300987,NA,NA,NA,3.54601053176731
2016-03-07,9.25889839414705,20.6111843216508,17.5828076991078,NA,26.4214493768018,NA,NA,NA,6.4556897634901
2016-03-14,15.0103225578545,12.5008136509933,27.6081084646813,NA,12.1773495655708,NA,NA,NA,5.05784647949262
2016-03-21,10.9853876652979,18.0466172638318,3.58224865597484,NA,4.03166170901436,NA,NA,NA,5.89668452246147
2016-03-28,10.9853876652979,18.0466172638318,2.92536547351851,NA,18.0123808577332,NA,NA,NA,5.89668452246147
2016-04-04,14.8794345856655,14.022502180872,3.74579728910415,NA,23.0924110152507,NA,NA,NA,5.89668452246147
2016-04-11,23.191067105691,13.7184214328482,12.1639456705365,NA,18.4853932688726,NA,NA,NA,1.69178570118177
2016-04-18,10.0807113446089,14.842831043219,4.30468445103782,NA,26.8512571402805,NA,NA,NA,5.59803143458862
2016-04-25,10.9853876652979,51.5934004207145,14.3770721948005,NA,13.6535043773776,NA,NA,NA,3.44947765400152
2016-05-02,8.63323100018361,23.5462450214778,12.1639456705365,NA,23.0924110152507,NA,NA,NA,5.91588695782337
2016-05-09,7.1337591690801,20.6444875823014,12.1639456705365,NA,29.4089305221093,NA,NA,NA,4.090795210514
2016-05-16,5.41344384698526,16.1113448886901,26.3103709158004,NA,15.4907804174316,NA,NA,NA,4.13250727559795
2016-05-23,12.2678648167815,18.0687241472157,33.3983126625759,NA,29.3595817333624,NA,NA,NA,3.78709401068775
2016-05-30,9.32391820644672,10.8232703784536,12.8622259196992,NA,8.70743050014443,NA,NA,NA,5.89668452246147
2016-06-06,10.9853876652979,19.432861510254,12.1639456705365,NA,23.0924110152507,NA,NA,NA,4.2854656690649
2016-06-13,2.88368724119066,11.3788674333417,9.36707548247937,NA,23.0924110152507,NA,NA,NA,3.98288169521753
2016-06-20,11.1430623065058,47.3400882152614,7.39004664472748,NA,8.93884476401105,NA,NA,NA,9.63551689967148
2016-06-27,8.2701932580159,20.6725791167117,2.38471294685842,NA,12.5675058074031,NA,NA,NA,4.50777094809561
2016-07-04,13.3596516784061,33.7594904410479,3.41023431098686,NA,16.5196293558814,NA,NA,NA,5.89668452246147
2016-07-11,6.59355212569837,20.5171122980415,4.21417460368029,NA,20.9393070163356,NA,NA,NA,3.24323451086556
2016-07-18,4.65562869078199,9.78466350649009,2.39431636582638,NA,8.5986116169689,NA,NA,NA,2.48397715757339
2016-07-25,7.00898477483142,7.05110820115702,3.48838634314124,NA,32.7510071966636,NA,NA,NA,2.59832899829695
2016-08-01,4.50798641968404,14.9411405830267,4.20054185159922,NA,2.30161882374606,NA,NA,NA,2.77249973709115
2016-08-08,4.36291396324321,19.0520664228934,9.76219667012247,NA,17.3964230201862,NA,NA,NA,2.02563604814025
2016-08-15,5.28820629521417,23.5401821324085,12.1639456705365,NA,12.4351701866618,NA,NA,NA,2.83700123386212
2016-08-22,2.26402327747298,20.5257438693623,6.64516987965424,NA,19.2905116621879,NA,NA,NA,2.53522828859112
2016-08-29,7.17040889010424,17.8159004365029,2.8892076343167,NA,13.7801158161204,NA,NA,NA,2.73074167917538
2016-09-05,7.13923445430271,29.1494188959735,5.97913324718452,NA,23.2466349201225,NA,NA,NA,5.89668452246147
2016-09-12,7.01689783639055,20.369659907939,12.1639456705365,NA,23.0924110152507,NA,NA,NA,2.94452328606657
2016-09-19,6.07306458621101,27.9494691017358,12.1639456705365,NA,23.0924110152507,NA,NA,NA,5.89668452246147
2016-09-26,2.59051703851583,41.1272228190234,11.1862176611659,NA,10.9868305297069,NA,NA,NA,1.59648211758353
2016-10-03,4.86623085598916,35.2504535611504,12.1639456705365,NA,23.0924110152507,NA,NA,NA,5.89668452246147
2016-10-10,4.67125493218282,21.6465207063706,5.98165282135936,NA,23.0924110152507,NA,NA,NA,5.89668452246147
2016-10-17,4.28923647835629,28.3774316092796,4.92131814997276,NA,14.5898847028562,NA,NA,NA,2.69259322084072
2016-10-24,10.9853876652979,14.8589852016642,12.319233143698,NA,28.9197265267927,NA,NA,NA,5.89668452246147
2016-10-31,6.65638683844273,17.2703406141974,3.64120654092391,NA,2.08796548058353,NA,NA,NA,5.89668452246147
2016-11-07,7.34594330979754,11.1715302990901,8.00676328957223,NA,7.57869890480877,NA,NA,NA,2.83387614875623
2016-11-14,10.7956670214207,42.7663671915295,2.62951906115945,NA,10.5545026040525,NA,NA,NA,2.92672235410451
2016-11-21,8.64358735703951,17.1462091743652,3.54278742575482,NA,10.0423793272387,NA,NA,NA,5.89668452246147
2016-11-28,4.47686950025608,16.8193839103784,2.14469311915784,NA,15.1345852350718,NA,NA,NA,5.89668452246147
2016-12-05,5.03772185022473,22.1402729209412,4.47992871873168,NA,13.7770025504766,NA,NA,NA,5.89668452246147
2016-12-12,13.1964344203671,33.536820871763,4.1753325278692,NA,23.0924110152507,NA,NA,NA,5.89668452246147
2016-12-19,2.30120116981095,21.7620084638039,5.26262388171382,NA,23.0924110152507,NA,NA,NA,3.00233448455215
2016-12-26,10.9853876652979,18.0466172638318,12.1639456705365,NA,23.0924110152507,NA,NA,NA,5.89668452246147
2017-01-02,10.9853876652979,45.2016185874486,12.1639456705365,NA,23.0924110152507,NA,NA,NA,5.89668452246147
2017-01-09,2.88232342672009,40.3137799986606,5.49740611966409,NA,20.1211543959879,NA,NA,NA,1.6357787482022
2017-01-16,4.86920689777894,45.0300461819505,17.5282479815999,NA,58.4805729394959,NA,NA,NA,5.89668452246147
2017-01-23,10.9853876652979,24.8450591997059,12.1639456705365,NA,23.0924110152507,NA,NA,NA,5.89668452246147
2017-01-30,10.9853876652979,20.4003819297906,12.1639456705365,NA,23.0924110152507,NA,NA,NA,3.44759425607587
2017-02-06,10.9853876652979,13.8684532757464,39.0098797107371,NA,15.9534217289675,NA,NA,NA,1.93630226522302
2017-02-13,9.14519339166356,24.2247541123901,26.3517583133717,NA,7.86327760401784,NA,NA,NA,3.59629398193894
2017-02-20,2.68224068551701,16.5907258867225,5.03064026987135,NA,8.79151079782062,NA,NA,NA,5.89668452246147
2017-02-27,7.17871752102896,55.0379382377339,12.1639456705365,NA,14.5483337619781,NA,NA,NA,4.14447568842449
2017-03-06,3.824542540352,8.44321472797601,11.7068888036608,NA,27.976834040643,NA,NA,NA,5.29713490863517
2017-03-13,7.59000105228658,8.08866536863711,6.66201707776749,NA,12.2740354268598,NA,NA,NA,5.13629951328263
2017-03-20,4.80042267202602,14.1408868778713,10.461466253435,NA,30.3240410794235,NA,NA,NA,3.20457180171351
2017-03-27,4.47239929607596,24.9210294528415,4.987572667868,NA,30.9258832075079,NA,NA,NA,2.93231586125137
2017-04-03,6.12624576605548,30.7921843883984,5.76310624880128,NA,23.0924110152507,NA,NA,NA,14.3415365185226
2017-04-10,10.9853876652979,18.0466172638318,2.83227298317982,NA,13.2838766178357,NA,NA,NA,5.46612100239022
2017-04-17,10.9853876652979,18.0466172638318,6.12239678209862,NA,16.0761256653663,NA,NA,NA,5.02036711990852
2017-04-24,10.9853876652979,16.9018314910248,4.21395344330732,NA,26.9547976290311,NA,NA,NA,6.52680061404405
2017-05-01,10.9853876652979,16.0666310391216,12.1639456705365,NA,23.0924110152507,NA,NA,NA,2.99415258759773
2017-05-08,5.04522417759884,19.5773667306864,12.1639456705365,NA,8.84525474639695,NA,NA,NA,3.58477776268389
2017-05-15,4.73928779072745,16.0879728704931,5.17959126261148,NA,17.8612229407876,NA,NA,NA,5.43171088788562
2017-05-22,10.1104352062764,21.0864759880141,2.79075090179573,NA,4.36460413986323,NA,NA,NA,2.63188519084522
2017-05-29,6.57579765377732,15.3545109602112,9.17583571290171,NA,23.0924110152507,NA,NA,NA,2.33094153885916
2017-06-05,10.9853876652979,20.686265243331,12.1639456705365,NA,13.3796120681091,NA,NA,NA,2.22230299910843
2017-06-12,3.10561749518242,11.9727819158449,14.0324256880759,NA,8.0537057073792,NA,NA,NA,3.36122537351775
2017-06-19,3.42118771899468,6.15290685968709,12.6637577539648,NA,18.1846694557016,NA,NA,NA,2.95161085973146
2017-06-26,5.84855247538779,15.8828935954282,16.2522189765419,NA,18.4068177041308,NA,NA,NA,4.8934481907788
2017-07-03,2.69585603436876,14.779767730293,17.2966856051463,NA,16.8528679505246,NA,NA,NA,5.56945342785443
2017-07-10,6.11164944375928,15.1873403305418,5.22575095800039,NA,8.59003035711546,NA,NA,NA,4.53639329749008
2017-07-17,1.72890749559994,13.2756561840869,3.83750349501375,NA,21.4878804189105,NA,NA,NA,5.83807548181576
2017-07-24,6.09710028593677,11.1842893930061,4.89745145842009,NA,16.486003641747,NA,NA,NA,3.54837046655503
2017-07-31,5.92082113794313,9.57328229881707,4.48660848626298,NA,209.04023041377,NA,NA,NA,8.30977081129102
2017-08-07,5.39899317908178,8.67488230875238,2.95185881893169,NA,18.3198976114284,NA,NA,NA,1.14583615661185
2017-08-14,4.74396021584486,13.862437778382,12.1639456705365,NA,9.43650169648813,NA,NA,NA,2.01565876315348
2017-08-21,2.56676789752265,12.0683911459629,5.49389985451722,NA,30.3829081858849,NA,NA,NA,6.08873711982904
2017-08-28,3.21320356709665,6.88252167930585,4.29076537556038,NA,32.4945351387044,NA,NA,NA,5.12121267145223
2017-09-04,4.46214471863937,21.8420499993467,3.82694097563333,NA,12.3511486628723,NA,NA,NA,5.58377783737842
2017-09-11,5.32188956924142,18.9458474714999,3.55706076110323,NA,5.61448459388518,NA,NA,NA,3.44855145946543
2017-09-18,8.7568414902519,25.8299555839016,6.85601053385348,NA,11.8903199113636,NA,NA,NA,2.68892391464929
2017-09-25,3.38010954070842,35.9453272959287,2.93053757218627,NA,39.2717857003661,NA,NA,NA,4.61512392759732
2017-10-02,1.55957372392854,10.5868496779595,12.1639456705365,NA,23.0924110152507,NA,NA,NA,3.12943120369655
2017-10-09,4.25112693814278,20.3931960445711,12.1639456705365,NA,23.0924110152507,NA,NA,NA,2.82315945865069
2017-10-16,10.9853876652979,19.5306987053156,2.20508190942836,NA,29.0273103507058,NA,NA,NA,4.05276736807195
2017-10-23,10.9853876652979,7.94444299727952,2.57815238149257,NA,11.6192871340533,NA,NA,NA,5.81897351266739
2017-10-30,3.91477694309159,9.92970851799184,4.80170177947633,NA,29.6944858162375,NA,NA,NA,4.18722294829636
2017-11-06,7.17169887027132,8.44217112052555,2.44010534241285,NA,17.4425955839736,NA,NA,NA,1.72812649284546
2017-11-13,4.32255264716787,16.7665589375172,8.82483811194006,NA,32.920875493344,NA,NA,NA,4.68907309278405
2017-11-20,3.35895514340548,13.3140899040601,21.0578393705703,NA,7.51258019579433,NA,NA,NA,5.08242715335424
2017-11-27,7.28256475796914,13.1341804589079,30.9778178408365,NA,7.42402142495077,NA,NA,NA,2.58730690907258
2017-12-04,11.1238357018996,10.2006833274696,39.7993341934636,NA,7.69444827871852,NA,NA,NA,6.79467264277544
2017-12-11,5.36210429384378,7.47539343355382,17.1226982980289,NA,2.7003303809648,NA,NA,NA,3.54720757160724
2017-12-18,5.43800881804534,5.63483531802192,7.61434750910425,NA,5.41271848474603,NA,NA,NA,5.89668452246147
2017-12-25,10.9853876652979,18.0466172638318,12.1639456705365,NA,4.82379871677703,NA,NA,NA,5.89668452246147
2018-01-02,10.9853876652979,14.6847534444356,12.1639456705365,NA,13.3492104804716,NA,NA,NA,2.55623782158288
2018-01-08,8.52849453240167,10.4304638723838,2.3677022505032,NA,62.3046732731675,3.38417266320821,NA,NA,4.72354817077037
2018-01-15,2.95329912193654,14.0769541896321,4.39605896880389,NA,23.0924110152507,4.08542418174352,NA,NA,5.89668452246147
2018-01-22,10.9853876652979,22.4025415400109,11.9296718947931,NA,15.048323505435,7.80673852424473,NA,NA,2.40799992359866
2018-01-29,10.9853876652979,20.2456582389456,8.45412023712228,NA,14.6037122654512,7.80673852424473,NA,NA,3.82849956469174
2018-02-05,10.9853876652979,14.5677208507853,6.67533324113051,NA,8.50759139352184,7.80673852424473,NA,NA,3.26444617881334
2018-02-12,3.52461405009067,20.813482134963,12.1639456705365,NA,23.0924110152507,7.80673852424473,NA,NA,5.49923653961412
2018-02-19,3.89382943890686,16.8444093394731,12.1639456705365,NA,23.0924110152507,7.80673852424473,NA,NA,5.89668452246147
2018-02-26,7.42430237959082,20.8008882642203,12.1639456705365,NA,27.3311821260741,7.80673852424473,NA,NA,5.17693663717963
2018-03-05,2.85524908148504,11.3428744234027,5.7315688820632,NA,15.9374862016146,7.80673852424473,NA,NA,3.14822743427277
2018-03-12,4.02001050269058,12.3210727274295,10.4537697244725,NA,23.0924110152507,7.80673852424473,NA,NA,2.36730399518036
2018-03-19,1.05346432566402,33.0854958967281,6.94454301972817,NA,26.7777225065851,5.1383117802497,NA,NA,4.32952829747035
2018-03-26,10.9853876652979,18.0466172638318,6.41073027329112,NA,12.499802939415,7.80673852424473,NA,NA,4.53768324050348
2018-04-02,10.9853876652979,18.0466172638318,7.34354185632816,NA,23.0924110152507,7.80673852424473,NA,NA,1.62971699706607
2018-04-09,3.68061902492981,8.09707636092651,2.03494941827281,NA,23.0924110152507,7.80673852424473,NA,NA,1.43367082176969
2018-04-16,0.633312245510365,14.1471620097483,2.57056199507715,NA,10.2190039395744,7.80673852424473,NA,NA,5.89668452246147
2018-04-23,10.9853876652979,10.0549888565248,2.86435412737958,NA,6.87244560444746,7.80673852424473,NA,NA,3.00321738781368
2018-04-30,2.25903281163014,9.50356889699806,12.1639456705365,NA,23.0924110152507,7.80673852424473,NA,NA,3.06585739945397
2018-05-07,3.50232824012807,15.576256942297,12.1639456705365,NA,23.3384671789662,7.80673852424473,NA,NA,3.15138917399034
2018-05-14,4.01031013623106,21.661784257712,3.30249949633005,NA,2.36403454310377,7.80673852424473,NA,NA,2.39915144542674
2018-05-21,1.48536240051791,12.6241634536564,12.1639456705365,NA,17.843550087375,7.80673852424473,NA,NA,3.71977756163052
2018-05-28,7.05919698769533,25.6488586583783,38.319170486096,NA,13.8483654285394,7.80673852424473,NA,NA,5.89668452246147
2018-06-04,10.9853876652979,21.014701453466,12.1639456705365,NA,9.38967568967658,7.80673852424473,NA,NA,1.19393667864084
2018-06-11,6.25212982256748,11.6326954408197,12.1639456705365,NA,11.6724877957173,7.80673852424473,NA,NA,7.72186845128981
2018-06-18,5.53724705359524,14.0461970811565,3.99513544943354,NA,23.0924110152507,2.24430232614396,NA,NA,2.91487641643888
2018-06-25,4.22068740402396,8.23535701983515,22.2504775463486,NA,12.4114578608511,7.80673852424473,NA,NA,5.25450552798959
2018-07-02,5.6621288124308,7.97926865827025,20.3413008125032,NA,43.8351322934738,7.80673852424473,NA,NA,5.89668452246147
2018-07-09,10.9853876652979,9.68503887141673,3.20617988481944,NA,13.0621685490375,7.80673852424473,NA,NA,1.59726500686397
2018-07-16,6.3824644541264,9.65191823957736,48.5061235764115,NA,19.1694078197657,12.692146153999,NA,NA,2.90507984291418
2018-07-23,5.94953682051736,10.9663379659655,2.93925195502502,NA,20.7878278168423,7.80673852424473,NA,NA,3.09466772110209
2018-07-30,10.9853876652979,9.98860575009599,3.9593821022912,NA,19.9974529161946,7.80673852424473,NA,NA,2.83722122977787
2018-08-06,10.9853876652979,7.77986783375908,14.9779900268932,NA,12.4027532289613,7.80673852424473,NA,NA,3.9820426546044
2018-08-13,10.9853876652979,4.64543695339518,12.1639456705365,NA,12.0550192536903,16.4679636647024,NA,NA,2.91830439742661
2018-08-20,3.74231321162689,8.26127346603818,2.20324947738161,NA,34.4750876884775,3.44183723772472,NA,NA,4.11161048013373
2018-08-27,2.78357732671842,16.1447063298859,2.21642884811811,NA,14.2104009958763,7.80673852424473,NA,NA,2.70287219767561
2018-09-03,10.9853876652979,34.6207547236583,4.53587699475948,NA,27.1601476820745,7.80673852424473,NA,NA,5.89668452246147
2018-09-10,2.70819481992787,78.880758389301,3.86959532718392,NA,23.0924110152507,7.80673852424473,NA,NA,3.29667089284456
2018-09-17,2.13844656453974,27.2886295069857,4.45348218767538,NA,29.0502849715902,7.80673852424473,NA,NA,3.59754843447077
2018-09-24,3.04352472441839,28.413898816673,12.1639456705365,NA,23.0924110152507,7.80673852424473,NA,NA,3.37062866503533
2018-10-01,2.81097101208858,14.2502535929037,12.1639456705365,NA,23.0924110152507,7.80673852424473,NA,NA,2.41879556769401
2018-10-08,10.9853876652979,30.0450508272992,12.1639456705365,NA,23.0924110152507,7.80673852424473,NA,NA,2.56619169484474
2018-10-15,2.49915737609397,36.3417190970422,6.11683037275337,NA,24.9112989065786,1.47815966423043,NA,NA,3.08235560488559
2018-10-22,10.9853876652979,20.766328660569,2.72803160718717,NA,21.3898143309121,1.77059797655697,NA,NA,2.95116402743751
2018-10-29,4.73477454944788,50.405102728973,3.10073880657291,NA,40.5392038091197,7.80673852424473,NA,NA,3.97121292563578
2018-11-05,3.9790256621999,19.1197825395713,2.65105536803748,NA,75.4757755036065,7.80673852424473,NA,NA,2.20561784922717
2018-11-12,10.9853876652979,24.5786733470201,2.28199021075323,NA,23.0818671831074,7.80673852424473,NA,NA,5.11810267566742
2018-11-19,3.00791998478279,24.2233580776888,12.1764714625463,NA,38.500617199037,7.80673852424473,NA,NA,3.74250022269637
2018-11-26,2.69829359018231,18.3882208960669,9.85457420664471,NA,71.2578055619101,7.80673852424473,NA,NA,3.90472215782573
2018-12-03,10.9853876652979,20.5158158826289,3.76788941972024,NA,53.7526895617318,10.3911800462721,NA,NA,1.09371803702579
2018-12-10,15.5541681275361,26.8327637839127,12.770741274836,NA,40.7939884672763,5.30222512455067,NA,NA,2.47981873112462
2018-12-17,4.99832433257145,14.0691749974324,14.2520288393086,NA,33.5491348417375,7.80673852424473,NA,NA,3.4806259581345
2018-12-24,10.9853876652979,18.0466172638318,12.1639456705365,NA,44.5742765408496,7.80673852424473,NA,NA,5.89668452246147
2018-12-31,10.9853876652979,34.4431583244108,12.1639456705365,NA,23.0924110152507,7.80673852424473,NA,NA,5.56094349518714
2019-01-07,4.62568919496349,28.8572003041311,3.52081977950878,NA,32.898895474239,6.04689637447943,NA,NA,4.39508492062213
2019-01-14,1.43380905653822,17.04068241175,2.43220695371405,NA,94.3289113665281,7.80673852424473,NA,NA,1.83946370427098
2019-01-21,10.9853876652979,15.9628325853735,7.06353902715081,NA,42.2839223595657,7.80673852424473,NA,NA,4.47113654092832
2019-01-28,10.9853876652979,20.5639927391047,2.65762026324035,NA,25.0087874901799,7.80673852424473,NA,NA,1.86613876228091
2019-02-04,10.9853876652979,26.320767702476,12.1639456705365,NA,23.0924110152507,5.62201524936404,NA,NA,1.06889475659289
2019-02-11,4.07290031342855,33.7673136389633,16.6450238925343,NA,23.0924110152507,7.80673852424473,NA,NA,3.62975156945362
2019-02-18,4.57777811722842,29.1831904009341,11.9217823338766,NA,60.6451653957512,7.80673852424473,NA,NA,5.89668452246147
2019-02-25,3.27039432360976,18.6802149766825,12.1639456705365,NA,37.516166606648,7.80673852424473,NA,NA,1.58422907293585
2019-03-04,4.22784111094361,25.8723374290521,12.1639456705365,NA,41.7122282965387,6.37315850931672,NA,NA,3.57049732181283
2019-03-11,2.24490837729974,13.9582588717906,1.76974086659085,NA,19.9353834924921,2.20048321727451,NA,NA,2.41442119646164
2019-03-18,2.98546539015361,17.6999836730333,1.07318197634853,NA,12.8892175961266,7.80673852424473,NA,NA,4.10933446069593
2019-03-25,5.94445421620634,17.1059694640728,1.65532248314293,NA,50.2943225491723,7.94176423358537,NA,NA,1.84322400405567
2019-04-01,3.20577820966643,17.194967204016,3.80954647408868,NA,23.0924110152507,2.37926355697254,NA,NA,1.97734422631262
2019-04-08,1.53486103962059,24.5758438153266,4.12582344016784,NA,23.0924110152507,5.97659976739978,NA,NA,5.64791932309482
2019-04-15,10.9853876652979,18.0466172638318,2.63113429327726,NA,64.9737668051834,7.80673852424473,NA,NA,5.89668452246147
2019-04-22,10.9853876652979,18.0466172638318,10.1235180892385,NA,19.6825953320267,7.80673852424473,NA,NA,5.89668452246147
2019-04-29,2.06659871090144,20.4047544458936,12.1639456705365,NA,23.0924110152507,7.80673852424473,NA,NA,8.6364184879995
2019-05-06,1.49910554610373,20.8915475997967,12.1639456705365,NA,23.0924110152507,7.80673852424473,NA,NA,4.85272683912439
2019-05-13,2.67815170894144,16.9453673941869,10.4153654820497,NA,27.4200702406999,4.74898438074531,NA,NA,4.03074056093221
2019-05-20,3.29160855196715,16.5921642506871,25.3474460450151,NA,5.42914298607525,7.80673852424473,NA,NA,4.10230106910498
2019-05-27,4.46733130372837,10.5959230571402,7.50604480199036,NA,39.1150711738936,7.80673852424473,NA,NA,5.89668452246147
2019-06-03,10.9853876652979,19.3936955347563,12.1639456705365,NA,23.0924110152507,7.80673852424473,NA,NA,4.32320977563414
2019-06-10,10.9853876652979,10.1588227869812,3.83525672099928,NA,23.0924110152507,7.80673852424473,NA,NA,1.73579256723868
2019-06-17,4.35486363102493,4.16061486128581,4.81993078758118,NA,72.7871742201517,7.80673852424473,NA,NA,6.85696084398061
2019-06-24,20.4853637648277,21.8643015351908,2.71970057023305,NA,33.0627693515145,7.80673852424473,NA,NA,4.00020447194357
2019-07-01,4.46557916482296,12.4371929000461,2.02718186192253,NA,14.9712257025269,7.80673852424473,NA,NA,2.60257832083203
2019-07-08,3.15610213829195,18.6467702046645,1.48430197665796,NA,40.2073555236442,7.80673852424473,NA,NA,4.31419012076886
2019-07-15,10.9853876652979,18.7113874508384,1.91788657154715,NA,9.22436787205159,7.80673852424473,NA,NA,3.65784263145783
2019-07-22,2.76566713642024,15.3233166465912,4.18875223075868,NA,7.66212669495027,7.80673852424473,NA,NA,5.89668452246147
2019-07-29,5.0276468309465,19.3875187429027,4.2960418578914,NA,23.4951630675428,7.80673852424473,NA,NA,5.89668452246147
2019-08-05,9.80102121281598,7.76401697786417,7.66590002463098,NA,16.9201658026841,7.80673852424473,NA,NA,2.67523972662761
2019-08-12,2.02116195696029,19.3177080876867,12.1639456705365,NA,28.7759249505385,6.98931848671632,NA,NA,2.20317938863991
2019-08-19,3.90506934323083,12.7743094040894,10.0212768886816,NA,13.9233287517423,7.80673852424473,NA,NA,2.23458650011911
2019-08-26,4.10629696015386,14.0563766108384,2.94382087206682,NA,11.1227744533729,4.09676525492469,NA,NA,3.64120944091251
2019-09-02,2.98328797829635,15.8006786627475,4.05470594625917,NA,8.62201595180437,2.3450985324607,NA,NA,5.89668452246147
2019-09-09,1.84160298535599,23.1120738068074,12.1639456705365,NA,23.0924110152507,3.70611737294672,NA,NA,3.76749189880516
2019-09-16,2.432649917012,20.5142219986289,12.1639456705365,NA,23.0924110152507,3.14546588580183,NA,NA,3.94992434066636
2019-09-23,4.01555327503322,11.6506108209325,3.37134052284496,NA,22.4158384750629,2.9331385120014,NA,NA,2.72011507016982
2019-09-30,2.56966613999958,15.0101161915739,12.1639456705365,NA,23.0924110152507,7.80673852424473,NA,NA,2.0001799588756
2019-10-07,2.43962456663349,23.5949776257701,12.1639456705365,NA,23.0924110152507,7.80673852424473,NA,NA,1.69410182655586
2019-10-14,2.79632436152914,23.2023790061222,1.55655660999302,NA,13.6559746319659,4.21157123021159,NA,NA,1.98764786405796
2019-10-21,2.61967471349786,16.973389827349,2.88153979923753,NA,19.5022108861404,3.5433288495189,NA,NA,2.3379402516972
2019-10-28,10.9853876652979,11.4454836623533,3.30933180503741,NA,14.1997976825755,5.29122505552797,NA,NA,1.26285480453573
2019-11-04,1.20386821616464,11.4524971479096,3.19868062354124,NA,10.5861810905591,10.9672757680391,NA,NA,2.21813542269706
2019-11-11,5.9165646666614,12.6747564589672,18.3904392603276,NA,46.92518813943,8.94462615440588,NA,NA,0.705339741665042
2019-11-18,3.60351934279058,14.0260666793624,9.10147872119907,NA,20.2877088690585,2.17950077696741,NA,NA,1.69826869753393
2019-11-25,1.83486163459117,10.7139313712598,14.6133321652751,NA,27.4242842474295,0.89398488578699,NA,NA,1.15188569575181
2019-12-02,2.61530590545552,17.9558868716713,13.2661132617821,NA,15.1875825555749,2.76955932952242,NA,NA,3.63923974830988
2019-12-09,1.36697913553953,18.3031671966065,8.48371432351065,NA,15.833269939851,3.7490615879816,NA,NA,2.70778399803222
2019-12-16,47.3481341986279,13.9308169939374,1.3950129468966,NA,7.48085209710044,4.99596209723762,NA,NA,2.04784326566492
2019-12-23,10.9853876652979,18.0466172638318,12.1639456705365,NA,15.1167749305046,7.80673852424473,NA,NA,5.89668452246147
2019-12-30,10.9853876652979,26.1994545788261,12.1639456705365,NA,22.7239328404299,7.80673852424473,NA,NA,4.40650180797246
2020-01-06,4.7138613246136,17.1843263385083,40.9481939536438,NA,53.2907936563139,6.61837548720832,NA,NA,4.81142514511555
2020-01-13,2.37078844604038,12.2256284784573,21.1434964659863,NA,50.8098631649594,4.19854987002473,NA,NA,2.06382166192754
2020-01-20,10.9853876652979,4.95930183423083,12.1639456705365,NA,23.0924110152507,1.82233015563509,NA,NA,3.60006030625578
2020-01-27,10.9853876652979,10.7830167541212,12.1639456705365,NA,23.0924110152507,7.80673852424473,NA,NA,2.26586029071191
2020-02-03,10.9853876652979,12.6273063189425,8.66182907389611,NA,23.0924110152507,3.60651786396892,NA,NA,0.883121509680502
2020-02-10,5.60740882384988,10.4800933151368,16.7761236497225,NA,23.0924110152507,1.84728483367534,NA,NA,2.11257198123362
2020-02-17,2.67648613602543,10.889410906977,5.9224380724884,NA,23.0924110152507,2.3902804284417,NA,NA,5.89668452246147
2020-02-24,5.04079775167369,13.5449067511638,9.10682565733337,NA,23.0924110152507,2.55428815270598,NA,NA,3.98825394693918
2020-03-02,4.98279802616333,9.28913479652757,10.9297345091395,NA,23.0924110152507,10.1027653435257,NA,NA,5.16414702301615
2020-03-09,10.4720053772673,24.7617243502504,14.6964407376454,NA,23.0924110152507,10.4335347116543,NA,NA,13.9026011722396
2020-03-16,16.4926012476933,68.866197524117,12.2418126239483,NA,23.0924110152507,14.0677842739653,NA,NA,52.4743588769539
2020-03-23,11.4138615706487,40.4335766957842,11.6425910057909,NA,23.0924110152507,7.80673852424473,NA,NA,30.8577818391491
2020-03-30,16.0992425044287,26.7851271961702,10.7422946596058,NA,19.184161116933,5.34598145749341,NA,NA,17.7353625273419
2020-04-06,10.9853876652979,18.0466172638318,4.7444094757328,NA,23.0924110152507,7.80673852424473,NA,NA,5.89668452246147
2020-04-13,10.9853876652979,18.0466172638318,12.1639456705365,NA,9.04365258080418,7.80673852424473,NA,NA,5.89668452246147
2020-04-20,7.51091010086995,30.7397530716582,3.40947352663709,NA,28.4369954552355,6.17193999496774,NA,NA,12.4162412261649
2020-04-27,10.9853876652979,10.0151634733052,12.1639456705365,NA,23.0924110152507,8.80864021110379,NA,NA,4.25655669643135
2020-05-04,3.7085206692175,13.1368290207873,12.1639456705365,NA,23.0924110152507,10.5193084743258,NA,NA,5.52116378234752
2020-05-11,4.60504791642816,14.0856256428534,39.159653197221,NA,7.92301973930872,3.36166690627282,NA,NA,4.73371938516956
2020-05-18,3.08755291073647,26.4560566178302,15.2832906496226,NA,6.96658216249387,3.75954910594374,NA,NA,4.90264341424043
2020-05-25,3.22406617446461,6.35711521884319,14.3660229335517,NA,7.0076442771769,4.51851671573647,NA,NA,6.12265424302177
2020-06-01,10.9853876652979,22.1750059490497,10.2997424969903,NA,23.8492511950809,6.499789120898,NA,NA,4.76162629812013
2020-06-08,8.88767411461205,13.2135575373226,9.74582565869454,NA,18.9724095681112,7.80673852424473,NA,NA,3.25241515218261
2020-06-15,17.0870748117514,24.1803938002651,5.24592699061246,NA,10.714908577003,0.891959629895115,NA,NA,3.19573848323205
2020-06-22,7.4598267704836,15.2137398593312,13.4536955538747,NA,23.0924110152507,2.95000984311516,NA,NA,3.65249330326393
2020-06-29,2.7198393061044,22.5961676561358,10.61078417565,NA,23.0924110152507,4.18220719407888,NA,NA,1.46069911824113
2020-07-06,3.61509533899984,24.1372422142992,41.5114331836922,NA,20.6767322308969,1.25001941309039,NA,NA,3.38761689445727
2020-07-13,11.1800047672275,34.616471213476,27.0453944357389,NA,34.7789629511793,2.21245536875631,NA,NA,1.84185724406587
2020-07-20,6.58185390093151,26.5471743007987,9.66397485458326,NA,3.93098914492421,4.73267775397796,NA,NA,2.11058043991733
2020-07-27,5.75437446541611,26.370401348276,36.0167921509212,NA,3.863923533666,4.22299730123358,NA,NA,4.69021303882688
2020-08-03,5.80891620396513,11.2104725700843,46.4412326172213,NA,4.74027186315655,2.06769145523949,NA,NA,3.46807715012309
2020-08-10,2.20689078215901,9.96999419041706,17.4944953522749,NA,2.18107811863517,1.74070013022127,NA,NA,2.21303229211224
2020-08-17,2.95353579941408,13.9033762133973,12.1639456705365,NA,16.5971515859792,3.74057460788458,NA,NA,3.65716018260983
2020-08-24,3.11804542205246,23.2245470786576,8.57548329202474,NA,9.2205755859794,2.22914755180803,NA,NA,3.75335690534902
2020-08-31,5.13641548190078,22.3127288185451,38.6344490748735,NA,8.59045940247223,4.57411992257092,NA,NA,3.74039901052386
2020-09-07,6.6230081442009,16.6355385946939,3.04781001155964,NA,4.05332589326379,3.07810840817057,NA,NA,5.89668452246147
2020-09-14,5.44385213557501,34.6148293383737,4.20531927707891,NA,2.7246918662445,1.86333083325277,NA,NA,2.20471915177147
2020-09-21,3.95267964215496,33.1576874409841,8.3764065178041,NA,4.30143848909875,3.17132853831282,NA,NA,2.96163136670734
2020-09-28,2.3889232305067,25.3893833416864,12.1639456705365,NA,23.0924110152507,1.99307507989132,NA,NA,2.15255214363017
2020-10-05,4.70668086570467,8.51279119191621,12.1639456705365,NA,23.0924110152507,7.80673852424473,NA,NA,3.5478158463749
2020-10-12,3.49023912074961,15.5817493530516,12.1639456705365,NA,14.4260699014852,1.72474257480626,NA,NA,2.57036957780925
2020-10-19,5.29423672357829,25.9232192309255,10.7531112714904,NA,2.90939657167771,4.39674652434935,NA,NA,2.57095315054181
2020-10-26,10.9853876652979,28.1949290910884,7.14312258605472,NA,26.2826329933948,3.70588179127837,NA,NA,1.67108511246691
2020-11-02,1.9783223999147,17.6175899798763,32.0579518933466,NA,47.2706220998034,7.79388998024487,NA,NA,2.37615501276765
2020-11-09,6.45629724028346,16.3939685856534,3.26935849952449,NA,28.7724061399164,4.69794592426107,NA,NA,3.19054042253119
2020-11-16,5.27312864461782,22.6939435011168,3.06851258622941,NA,19.9424426028503,3.3259493326086,NA,NA,2.0600576003044
2020-11-23,1.5757735395949,6.58186600904669,1.6292423386765,NA,13.4291107543602,2.14721032815352,NA,NA,5.89668452246147
2020-11-30,5.04407405749376,18.8626311640473,6.91949586290147,NA,13.4074174415529,3.90049745275038,NA,NA,4.44706183764629
2020-12-07,4.82557027428823,16.0303940133808,7.20266337915199,NA,18.3901454078026,6.87043751169332,NA,NA,2.55511777560402
2020-12-14,2.60210230776259,17.8746191791826,31.5448590622496,NA,27.1783686086611,1.26355208528348,NA,NA,1.71607752803746
2020-12-21,10.9853876652979,18.0466172638318,12.1639456705365,NA,21.0844397904732,2.59890149537455,NA,NA,5.89668452246147
2020-12-28,10.9853876652979,18.0466172638318,12.1639456705365,NA,23.0924110152507,3.62976928361958,NA,NA,5.89668452246147
2021-01-04,10.9853876652979,18.0466172638318,12.1639456705365,NA,23.0924110152507,3.4069618634843,NA,NA,5.89668452246147
2021-01-11,5.98536636705502,16.8397323929361,37.0088137653257,NA,7.67964595293352,4.50010150188622,NA,NA,3.50298209785832
2021-01-18,4.83371514376107,17.1293393841987,30.7895515003703,NA,16.4988744577773,5.09186072717268,NA,NA,2.7604022183318
2021-01-25,10.9853876652979,16.4761199874752,27.8284768799784,NA,58.6279088302403,3.22278547412521,NA,NA,3.24339898917332
2021-02-01,10.9853876652979,24.8834169488679,6.51920305413545,NA,66.269910328995,7.11952824700531,NA,NA,3.84148854910477
2021-02-08,10.9853876652979,15.2421632707244,12.1639456705365,NA,23.0924110152507,9.15124895387179,NA,NA,2.25164591944747
2021-02-15,2.56881864513536,8.31927186272192,12.1639456705365,NA,23.0924110152507,10.8668164629542,NA,NA,2.21618508399721
2021-02-22,7.38681090608702,15.6911374774001,5.80842736232964,NA,31.6697817084745,6.45741256096718,NA,NA,2.91074370014444
2021-03-01,3.44726101945739,16.1786662173412,12.1639456705365,NA,87.2292151182596,3.76424800073093,NA,NA,2.93246553432636
2021-03-08,2.62626978510476,9.64538923053899,7.21893213927942,NA,44.3630262302806,2.00781647524805,NA,NA,3.75753845456562
2021-03-15,12.2632640006309,15.1933151518483,12.2335286940783,NA,57.4047694396148,2.32799877336787,NA,NA,3.10355325317308
2021-03-22,6.49791945362698,21.6393338710812,2.69423208213335,NA,79.8826560048162,4.12963866004014,NA,NA,2.77664851336302
2021-03-29,10.9853876652979,18.0466172638318,7.75885342383105,NA,14.6570864968766,7.80673852424473,NA,NA,5.89668452246147
2021-04-05,10.9853876652979,18.0466172638318,38.6474137892673,NA,23.0924110152507,7.80673852424473,NA,NA,5.89668452246147
2021-04-12,3.98006630459976,8.87178565645959,24.725485140313,NA,36.0913848615068,2.38495005373288,NA,NA,1.50515824076736
2021-04-19,2.14282093664652,12.5915760240718,10.2240851576225,NA,22.7369088654712,2.28014342707839,NA,NA,3.46153453896982
2021-04-26,10.9853876652979,4.94589737625588,35.8135522484145,NA,26.3461172867322,4.04820952651715,NA,NA,7.12198336909365
2021-05-03,3.82457236892795,9.42072253556598,12.1639456705365,NA,23.0924110152507,2.43447616811898,NA,NA,5.07760680660932
2021-05-10,3.90976264673832,17.1287759918832,7.53247451910989,NA,32.6539823286821,3.05682367075922,NA,NA,4.17171516810479
2021-05-17,3.39655398291155,36.2762934147109,12.1639456705365,NA,22.5537950507406,2.00348510575595,NA,NA,8.58729860275552
2021-05-24,8.26553451972711,15.9703806808481,13.8397536126109,NA,39.4582032382356,1.9804851631802,12.697657401713,NA,3.37298476076134
2021-05-31,3.65622342721104,12.3106254378564,48.2577497038854,NA,70.8983511629649,3.46884722253093,8.41137677553847,NA,5.64261691191002
2021-06-07,10.9853876652979,14.4208530970471,20.5813032651703,NA,72.6259681130555,4.31585739600468,10.6476946304416,NA,4.9207438312516
2021-06-14,6.07413442131034,12.7355925055794,30.4270536942736,NA,23.0924110152507,3.64686362919677,10.07440430402,NA,1.96478575268689
2021-06-21,20.0348517182205,6.73782615461717,65.1920920921015,NA,64.4143105065983,3.20203288655068,8.1914590042418,NA,7.50699381420725
2021-06-28,5.08492400753219,7.41666681639864,44.0690515505893,NA,17.034969594118,14.3348072413065,9.87993226473992,NA,5.2292675540551
2021-07-05,4.0139596573986,28.562528526333,59.2560783219707,NA,25.7633833932107,5.94071726483035,24.0760645474688,NA,23.1302813564694
2021-07-12,3.9648271868349,19.1746071821299,1.5250519977364,NA,34.1544854858518,11.2408597901804,17.6844439080202,NA,7.33767053595229
2021-07-19,4.78250590062447,13.2484020965299,3.21631783147933,1.7081455391763,26.3982353991161,4.24203504514846,12.0672643539493,NA,8.79680124938276
2021-07-26,1.64621191806909,16.3397525647123,7.31977874278551,22.7313892965529,12.6146178033192,6.2126933884341,37.9505120242079,NA,5.60894457194022
2021-08-02,4.3823233387458,7.92093776371792,8.01379011185298,47.5888180963362,20.9211339706357,3.01370986067086,9.39212789549728,NA,4.39896161093415
2021-08-09,3.46531823946325,11.800140599177,37.5900234895402,18.7024904252138,22.7919385621091,4.59004521686537,9.95577757613202,NA,3.07076361506482
2021-08-16,2.3973129650711,30.5132566706223,12.1639456705365,21.1715866133725,13.6577539894442,4.56675873537094,21.7899504995564,NA,8.7570540249928
2021-08-23,4.28987723362459,10.8882457941959,35.8601239889679,26.0149280291188,36.5371862573439,3.86864930601827,9.52125478929948,NA,14.1065274947634
2021-08-30,41.1225033114688,12.6070696503928,5.81336588923216,5.55307777453988,52.3072802173147,2.57188735266183,10.1122518806444,NA,15.5740487429784
2021-09-06,16.8385471481208,12.6057729176476,22.7522999661585,21.5695383955275,17.2434967110641,19.3782226011838,8.46635776517806,NA,4.97831638761862
2021-09-13,22.0993506308248,7.05083829552597,7.17382835081963,17.556381569997,6.71612059501366,9.90813033622722,10.8136087553475,NA,12.3449863979226
2021-09-20,3.88169148111022,13.4225945186522,12.1639456705365,12.1419431374454,23.0924110152507,2.63553600594119,26.8033740813492,NA,12.1635986911765
2021-09-27,8.82549256049027,18.3510678454504,7.86666462819357,12.1419431374454,23.0924110152507,33.3768317077443,32.0669378239024,NA,10.2137831997747
2021-10-04,1.02882426124316,36.1190887729573,12.1639456705365,12.1419431374454,23.0924110152507,8.33099504878011,49.8554201095854,NA,14.6061970793726
2021-10-11,2.52673987733663,18.9349654733711,12.1639456705365,19.1648941512519,20.9664282253511,14.4478106551514,32.5971956487414,NA,5.76463732641023
2021-10-18,4.06498418994722,33.3793611788527,8.94602711666341,3.86196040927901,15.2578823704898,13.8467146063521,36.4097641852877,NA,11.0936694180728
2021-10-25,10.9853876652979,10.4471374551034,9.09435292821701,5.30663588765098,10.2853160876755,10.7696901703826,11.7781017650604,NA,15.0628857404714
2021-11-01,3.28211587119483,19.3553626852197,3.15137436791428,3.38168563290873,35.3170764908916,10.2301381403457,19.635394325194,NA,12.63408429056
2021-11-08,3.25588850188067,14.9588268595781,4.18895118968284,4.5273416439471,11.8636394990294,3.59593606025088,3.85930214777338,NA,11.9842382671366
2021-11-15,3.20574489617689,13.7539086580336,25.0011473922908,4.87718581889729,21.8521956328732,10.6832051182475,10.5867306731946,NA,18.4423010083164
2021-11-22,4.28676874250305,21.1201851738638,23.2488324653516,5.20598352983047,50.2820022035785,6.36861853615423,16.806986019424,NA,5.89668452246147
2021-11-29,18.3195339596008,15.5359538007906,11.2432938115586,3.80067867919773,17.5643084605609,7.08507360657837,27.9198734279678,NA,42.2370226644518
2021-12-06,4.69921177246351,46.995698319452,8.17594960832248,12.4388481493166,19.5185477230149,4.36399358095354,13.8782064023842,NA,23.7035133269424
2021-12-13,2.11290564486906,53.4052544414711,17.8671459780339,15.7012192374066,33.2842760918065,8.48141794359911,28.9567380190236,NA,17.5724791834636
2021-12-20,2.39042452475092,37.8831066360702,4.03251792434797,16.5343894906023,48.4872860766127,7.80673852424473,12.6272079082597,NA,6.48588891925247
2021-12-27,1.77423873152419,9.9476575688223,12.1639456705365,44.1953358531304,14.0239702672951,7.80673852424473,3.52021857467782,NA,13.1605664553382
2022-01-03,5.65217249520536,19.3924724103524,12.1639456705365,12.1419431374454,23.0924110152507,7.80673852424473,7.64765471427241,NA,16.319506558042
2022-01-10,8.79469436586522,24.5630893028178,1.65258948282523,8.54703383030785,15.4773232248857,9.20114218036409,22.578467587009,NA,15.3238312586762
2022-01-17,4.43269537504045,19.1765731109402,2.71860894307967,20.7630548978543,5.5163018810999,8.54835135592865,22.1004026160871,NA,5.89668452246147
2022-01-24,2.59642291971714,13.6225441584018,2.65809397276708,32.8518812556484,24.0082856837569,11.0419314186173,8.46205878011213,NA,17.6541742957126
2022-01-31,4.70280079237469,14.8026406838499,12.1639456705365,12.1419431374454,23.0924110152507,9.79222237010941,17.0258985000981,NA,16.4770048591776
2022-02-07,10.6802628588676,24.1524497112477,8.97291523458596,12.1419431374454,23.0924110152507,7.84734160183325,22.519640971988,NA,8.19297075844732
2022-02-14,9.25308718648565,19.2716497927276,16.9668312040872,20.811355724071,19.0035308376448,10.4725066407935,4.99160752504941,NA,10.4379178059973
2022-02-21,8.24543716019332,38.3469895109175,1.97578804377674,13.2495481869366,15.2998968364535,0.947701319274573,26.035699131519,NA,20.9409445417859
2022-02-28,9.98077399865453,50.2092428197518,12.1639456705365,6.40763719959065,4.34995996314642,81.8950626801883,41.6602539312836,NA,15.5961076454614
2022-03-07,29.6753182843341,71.7942478194533,12.1639456705365,6.59205762271174,5.82605259391094,68.5730845821686,17.2055200082545,NA,49.3327428454946
2022-03-14,11.6063539647432,11.9548382042866,25.6344762045648,9.46001476585423,6.60460428922,8.5259104856855,14.025861720925,NA,5.38271586559727
2022-03-21,5.81517425000026,22.9153903725972,53.1869560877144,5.87686689948928,30.6860535399646,2.13011053489797,13.4351725827176,NA,9.20520901084437
2022-03-28,1.26161000058327,22.7064062469185,8.0783246979277,3.02986098299896,10.178872536598,7.4124270003279,18.5026762891049,NA,16.7811911297908
2022-04-04,5.23161208604255,13.1210748650129,15.5105429567567,12.1419431374454,23.0924110152507,10.6853308377717,19.2027991040751,NA,5.0922897552102
2022-04-11,8.79594774622075,18.0466172638318,8.02251493178975,2.00831158845162,5.26854650282559,7.80673852424473,17.2055200082545,NA,5.89668452246147
2022-04-18,6.61905890667509,18.0466172638318,9.42086944082236,3.67208229661755,10.8274844398685,7.80673852424473,17.2055200082545,NA,5.89668452246147
2022-04-25,4.46460560670021,25.4420895830025,13.5824485653984,3.56164672015531,8.73768760628697,7.80673852424473,8.32901767668502,NA,6.30540524186053
2022-05-02,5.2569252425985,21.3740739165398,12.1639456705365,12.1419431374454,23.0924110152507,7.59983983969855,14.3175904108379,NA,5.85656955384453
2022-05-09,5.75788976232837,18.8037472200566,2.75627674764091,2.08659918584649,18.9485499173408,13.3438300115498,12.4446441229538,NA,10.3584844977665
2022-05-16,4.76794830732875,29.861029931623,21.29588097686,2.97934135626888,18.0801963894409,5.2285422977549,13.4089205743799,NA,6.33343836988536
2022-05-23,4.8438383187463,21.8058183321949,10.2907839791205,6.57958533477747,20.853945186036,53.5637139518532,14.7389261864167,NA,5.89668452246147
2022-05-30,2.47250199077493,7.74000483877461,12.1639456705365,12.1419431374454,23.0924110152507,3.38623698926459,8.5721563700364,NA,5.89668452246147
2022-06-06,2.41169077356282,23.3620238868571,12.1639456705365,12.1419431374454,23.0924110152507,4.7397223155011,9.22383967038593,NA,8.61138344856751
2022-06-13,8.06002755157121,20.0822054694868,61.5479491200093,3.46847261597333,41.3198580163157,7.80673852424473,8.29638204807439,NA,8.4889317173796
2022-06-20,3.1227073849651,17.7279055255386,67.3832167796987,2.83344790142022,4.69205354127979,7.80673852424473,7.8172504478312,NA,5.89668452246147
2022-06-27,2.33743288203198,23.6709707815559,29.214549683768,7.35518980184289,3.89263987899471,3.09570241483073,6.07120744407095,NA,13.7263905254305
2022-07-04,5.5660499122453,12.6290138213926,35.0925228117415,18.4473714860236,37.0532934452487,2.84630784691509,4.1682242612487,NA,3.50395784091416
2022-07-11,5.58743426515497,12.0540398061428,13.0381646638103,15.0560690502582,35.914933230601,38.8158168742237,10.3135425153816,NA,3.42508199013201
2022-07-18,3.22771598402543,15.7297102559138,19.2544450282945,9.61342053674077,21.8585148521751,13.6048491259499,16.2304438898061,NA,6.37078407153852
2022-07-25,37.3892349916704,12.854512312805,21.1040345478106,13.6500016184582,23.9759049539332,9.98695139350293,10.562870918019,NA,8.99908053381492
2022-08-01,2.78787617227486,7.5360696496145,28.6258584039876,10.3574052838242,7.8946835020056,5.41011262410292,6.48763271481473,NA,15.0436878913943
2022-08-08,3.75650252320202,10.7550305714092,15.0822964223981,8.5287177762122,17.0137434880666,7.24763519967828,8.5432548155208,NA,13.6356975357315
2022-08-15,7.60820780893526,9.82081312872827,12.1639456705365,1.4293917305104,10.7927082462819,30.2633827656635,10.5252085951864,NA,10.7808302282504
2022-08-22,6.78699246754163,21.5173847899733,7.77183290360839,5.70875032161604,9.33415031451915,3.75223220754935,14.6992768020127,NA,20.5226226348559
2022-08-29,3.28496100548413,22.2879196067,5.32804432524892,5.93518613421063,14.7420319402971,7.60715642614612,24.9472995791206,NA,13.7706663373201
2022-09-05,8.14773559301007,14.7975089479288,12.1639456705365,7.92375326864141,8.05699718160777,5.42824498768145,26.0799361877622,NA,7.56746360290473
2022-09-12,2.44042410649295,31.8141369691443,12.1639456705365,12.1419431374454,23.0924110152507,4.6077044634146,20.0668115721248,NA,6.43432245821504
2022-09-19,5.61740337449948,22.0643573603381,16.5000340132651,3.46709446389646,8.89096031283028,7.80673852424473,17.9826115372042,NA,6.87183847155162
2022-09-26,7.55120862442244,31.8725967916772,27.1231894993873,3.89630545158055,10.4924715323231,5.71292424348334,5.29189844174101,NA,5.86886838447954
2022-10-03,17.1055257507363,11.0213532405456,12.1639456705365,12.1419431374454,23.0924110152507,14.3547995722834,7.28008940846559,NA,11.4457207667976
2022-10-10,5.47150650537971,20.0216334203906,12.1639456705365,12.1419431374454,23.0924110152507,1.69141509828444,24.9486492438914,NA,4.44044303696897
2022-10-17,2.01251272355827,10.788229943754,29.3031136551579,11.1227085719052,5.17986968007345,7.95021051002345,8.71812055864923,NA,4.48722218184418
2022-10-24,9.95427414733549,24.9982177121984,15.6427361290282,8.45881605193293,4.82291045381621,8.30188000523618,16.419168612467,NA,10.0456759108971
2022-10-31,3.01540521797948,12.6822443040958,16.609056943535,2.92353872002845,8.53483131886781,3.00115457384305,10.4235334595156,NA,15.5905149236771
2022-11-07,3.57917793532174,22.5654496824117,7.4981124364924,4.22721222850765,11.8984062889387,19.2656030581552,13.7185705979122,NA,7.5028101322658
2022-11-14,3.29809154336849,16.3304160782011,8.72904721418476,2.91804585443472,6.59266649231304,8.12743065114207,7.64080273939673,NA,4.56129673272411
2022-11-21,5.414452593875,12.5911048851523,31.8633058258133,4.19909558546459,4.72742936205008,1.91832659916833,13.6296112311004,NA,11.7065916026418
2022-11-28,4.20832654917122,12.542023885003,5.04698765555944,5.93205416344505,25.8217197170666,5.38304449676378,22.0558481768605,NA,11.383454959364
2022-12-05,8.03700663770927,5.08839474322957,16.1750500481608,3.60343207320829,17.4040472555147,6.80692738432106,7.85055212061992,NA,6.72457680696017
2022-12-12,32.6145158394448,14.6202118857623,8.31042443800293,13.9987629573291,14.4055028268173,9.27320601207775,12.7281175931364,33.9647602993925,5.94680958865616
2022-12-19,9.0806219231253,15.9540042360492,41.2764125843338,14.4732732928909,14.8828595744869,3.85113243656478,28.0665489881195,5.0644588949476,1.93600366164278
2022-12-26,3.93282344656847,18.0466172638318,12.1639456705365,6.24433397564074,6.55646667038939,7.80673852424473,17.2055200082545,22.0502754072301,5.89668452246147
2023-01-02,5.54373420854402,29.1498756593494,12.1639456705365,12.1419431374454,23.0924110152507,7.80673852424473,18.7284698410701,6.70868243761496,5.89668452246147
2023-01-09,8.79563016649844,20.9268675919802,29.5933845163684,2.67963755473268,9.19796554598445,7.28678598648671,13.2311292182204,3.24349070800097,5.89668452246147
2023-01-16,8.06185132513929,20.4765249359813,36.4092472343383,2.9290045142028,26.9524981863358,15.2218564756857,18.4737637705845,1.76636517692923,5.89668452246147
2023-01-23,3.65329955427068,27.9896871536711,12.1639456705365,12.1419431374454,23.0924110152507,4.84491243807441,29.8218650986966,1.65165754090641,4.18451583959377
2023-01-30,7.14588708582295,17.631681196871,13.234968513764,12.1419431374454,23.0924110152507,12.180524079645,17.2055200082545,6.25887359993459,10.7757242251373
2023-02-06,2.72026215974509,13.1041741461735,16.1762964988363,4.11401009873154,15.2197718040456,16.2043987276538,15.1647938074318,2.57595253810561,3.92939316876038
2023-02-13,5.68402338057371,15.181220886051,2.41153760119814,2.27696776542814,15.4348832301545,20.0476470735981,5.93200128724905,2.47845081399394,2.79012584800067
2023-02-20,8.44248813105389,17.3626235988521,8.3672856954508,4.74902706261492,12.283822195016,9.9269031889983,16.8912688515127,1.32795436225675,5.89668452246147
2023-02-27,3.45013413304833,18.8947408168819,12.1639456705365,14.032587426655,6.74969884552137,7.72330502415583,13.8912539831289,6.86146099897639,8.96306737597806
2023-03-06,11.1396494692021,6.80116612827895,7.28437984785404,8.87152829902323,6.05971050128829,3.94572741277489,12.810432704399,51.281145220885,8.45123828128578
2023-03-13,18.3116916265927,13.3880222724414,10.1044195800914,6.48248780264306,10.1268361060128,1.17287528887109,13.7363563298599,6.470155480701,9.72930318099523
2023-03-20,7.54607525020387,23.6521076471777,43.3566362707574,8.15119080167903,5.49594463206362,7.06686038800864,15.8180225881532,4.33111099534589,4.5077054798536
2023-03-27,32.5017003238161,6.5127792131333,14.4724969115605,4.49602898192558,6.97777846543165,13.3065559365752,10.8676755827835,29.3932124297416,5.35036360640605
2023-04-03,20.4105169684638,18.0466172638318,20.7956462521003,12.1419431374454,23.0924110152507,7.80673852424473,17.2055200082545,7.96214772280467,5.89668452246147
2023-04-10,23.3402764511607,18.0466172638318,10.3711159020233,6.39293856765613,21.3548412320971,7.80673852424473,17.2055200082545,16.9571654467507,5.89668452246147
2023-04-17,6.83220354731607,14.9919669213993,4.37269722710772,15.0089290859172,27.4726369679526,12.841928697664,10.3927404575565,19.64001249795,6.59096875078799
2023-04-24,13.7847425358353,10.6124222526012,29.1827171475271,7.32318180263108,42.6848654833102,7.80673852424473,6.41771436408386,20.4992646100202,5.44446395463278
2023-05-01,19.0229658128067,14.081195501806,12.1639456705365,12.1419431374454,23.0924110152507,6.54770105966916,13.6797403730976,4.37737400881086,3.7285205945769
2023-05-08,14.0386855314939,11.8225434810282,12.1639456705365,3.15828163663243,22.6433962307361,5.75502931992892,13.3021427894354,3.77601917023392,1.81613941236018
2023-05-15,17.596779651954,11.2370592394327,6.410098602331,12.380407614283,26.8264228115728,9.39760075853352,23.5559564761514,3.68426045852283,4.93944062391924
2023-05-22,10.2428418732027,7.71425801488962,14.2756631136664,10.4084063557828,7.17820783429882,9.49813016282114,17.660123397174,1.48862532303916,1.83737430319489
2023-05-29,9.36432259593543,13.792156843775,12.1639456705365,14.3242164055926,203.73285030192,6.20219566059537,30.5873044101765,3.65235552561218,5.89668452246147
2023-06-05,2.08494401239186,15.7449255096542,12.1639456705365,0.826369925349674,21.4992511686805,13.2952171293018,28.0316487718248,69.683879303572,5.81530819018404
2023-06-12,25.5497960137759,13.8506515331308,8.07642828634476,11.4485754803531,7.17574468061509,7.80673852424473,41.3250522166411,21.1056853749491,5.59260389621741
2023-06-19,26.3417444819344,20.5439206549254,6.9115882221667,12.1419431374454,23.0924110152507,19.2368628071092,15.8191677798929,9.72117507675784,2.78400525085468
2023-06-26,37.0600354401167,14.2958940150317,32.6443980032548,12.1419431374454,23.0924110152507,10.3817452392423,17.2055200082545,8.90850329750275,3.52885729646436
2023-07-03,42.7542866215434,7.69796985298291,8.4560280311267,8.67615909786539,24.1003040006592,39.8785420212461,38.6238272115492,3.53575427667599,5.89668452246147
2023-07-10,16.4076416180369,4.49795368531595,13.8571888757776,8.52475078365592,29.2909950646725,36.8539592373308,11.0185391575984,8.9190673582041,8.72499538200107
2023-07-17,91.727474487051,4.26184667470119,3.82541823836418,12.4703473149462,9.96012497649466,8.9839262354041,9.82702036723985,6.08427598854091,3.54268366081957
2023-07-24,93.5849113980034,9.93218498056348,6.8895074016656,31.4262790242898,19.6384029667155,10.8836365307524,6.48700290448174,5.15954528436842,15.3528741023171
2023-07-31,18.0225260973554,11.3895939929885,6.13007295881642,19.0900712285777,8.4905139894262,10.0877621489731,26.2262666084184,4.3836484369854,12.9002359547261
2023-08-07,13.3519220501734,10.74803869388,29.2254739390968,5.91218821162569,43.1914954640248,13.8822265041258,12.0202763730518,2.30039328866353,6.96130579843106
2023-08-14,10.5057275580061,7.89484282219471,12.1639456705365,16.1709210969959,33.7075467554295,2.32671913740521,10.9715061512682,14.856144682116,3.58627517918516
2023-08-21,3.79401148824049,13.7347665994982,8.89862544989649,42.7401543736033,15.8791604397522,8.20701208388383,43.0280558150763,6.44119016479487,8.44430145657688
2023-08-28,10.9150748729946,7.756711925609,15.1381657158739,27.4615309619627,10.9520498473442,33.7015233007601,14.8145698464499,10.0622626844073,4.9358564664424
2023-09-04,8.63780440292917,4.46228503354372,12.3161814146364,21.694335635485,129.957320747449,28.3809466295513,1.96443188239002,49.7278282389781,5.89668452246147
2023-09-11,10.2878870489628,9.43532700019378,30.52958324459,7.36468801018806,35.8764083482441,6.4091947719162,12.9347876139235,10.1948312420241,1.60006462830436
2023-09-18,11.702800636508,10.8814079603793,61.4358915486968,5.64335160936974,9.10167188199543,11.0558451662282,33.6260849907961,11.9191901767921,4.83790075934336
2023-09-25,10.975036238114,8.97302806827031,12.1639456705365,12.1419431374454,23.0924110152507,6.09264456173715,22.7081968265738,4.57313116781502,3.66655844148529
2023-10-02,6.10355438834805,11.9089367729823,12.1639456705365,12.1419431374454,23.0924110152507,11.722041004346,17.9775436025859,4.7535846815631,5.90747870984467
2023-10-09,8.27718844077024,11.6688462837997,12.1639456705365,12.1419431374454,23.0924110152507,17.465585645956,17.2055200082545,13.46011205571,4.86691404631617
2023-10-16,8.61407019559766,8.456644630002,13.1692822905277,3.94184979036409,34.2895456998685,12.6252159127027,16.066766172091,3.4108678573886,3.38414041138166
2023-10-23,10.9250203908158,3.39549768922229,5.77069777307261,10.4370210836654,36.5289773323287,6.23756973800046,9.38096248039482,7.16648625091037,6.47780050300847
2023-10-30,3.98415140081647,4.89717528201637,17.9625126238173,9.27844296121715,10.9506030751699,13.0417336808232,24.432399978781,6.59691185157631,2.66615438708732
2023-11-06,6.46089564131464,13.3835798287113,28.8125497727635,6.59924542573391,33.724915790282,3.6934412472827,17.2055200082545,5.19690359087842,1.94977096060038
2023-11-13,7.0063393156716,15.039720658834,4.52212393230707,5.17595731627655,8.79110509898025,10.270586378274,17.2055200082545,12.9396099001741,7.51484773883047
2023-11-20,3.62389468399072,8.87973566487798,41.9475018371012,6.17555967772378,328.73023043312,2.2774788659713,13.782728718929,3.26138432118932,7.00317200379809
2023-11-27,5.18547471891921,17.290939452098,32.1896648965151,8.34008382605554,312.432940095569,6.17623055378077,17.80028064526,1.08683612062139,3.24257520423254
2023-12-04,27.4372720946727,12.9342017963621,40.6628918720508,28.6951827560946,121.830934660431,4.34059306126733,19.2372086866682,13.4099152713616,3.45418687778648
2023-12-11,9.3190660560834,13.8150356136334,41.2794666771799,6.48283614834163,26.9528359886091,5.80695664987191,15.208463355822,8.67626302997247,3.7680499106513
2023-12-18,6.87841307963232,15.4401029428793,12.6402677150656,16.4514230751159,48.4488385885331,1.77168561936402,38.2721440564085,11.2388655880278,5.34097989316061
2023-12-25,3.6140473344786,18.0466172638318,12.1639456705365,12.9334016116687,15.5790005213363,7.80673852424473,17.2055200082545,12.7075050120681,5.89668452246147
2024-01-01,5.72713328903559,18.0466172638318,12.1639456705365,12.1419431374454,23.0924110152507,7.80673852424473,17.2055200082545,3.30873207177812,5.89668452246147
2024-01-08,8.51448275427706,12.0045816565383,22.8730341346446,28.0577770616723,18.854012061556,6.83890193968665,15.7342168769192,8.06713827844503,5.48492291171242
2024-01-15,4.76185199040379,17.9075399616228,14.0297340902349,41.4405116881386,17.6124720799136,2.95288115146194,17.2055200082545,11.4479964103822,5.89668452246147
2024-01-22,10.9188812429635,24.0490972668261,11.1333138806085,33.4108405371389,42.1756186434841,7.80673852424473,17.2055200082545,26.461642793405,3.10587518873178
2024-01-29,12.0085060314583,20.1415004808182,12.9346836032644,48.3103208611731,24.7441568584015,7.80673852424473,38.3415580706438,25.3803657989359,3.88652925813984
2024-02-05,4.65285920642156,13.3452409399625,12.1639456705365,12.1419431374454,23.0924110152507,6.93291653290002,24.5192254334669,34.1105510565123,3.59462997101878
2024-02-12,6.29369481258047,14.7320353400543,12.1639456705365,12.1419431374454,23.0924110152507,8.97709767238497,17.506120405659,10.9066869046583,2.3807056498212
2024-02-19,13.9553716300384,23.1110352483588,2.84155266582943,12.1419431374454,23.0924110152507,4.66198257038017,21.1635652495297,0.786646047318545,6.17529390720314
2024-02-26,4.88937369253249,21.1431313545929,12.1639456705365,18.4513361500464,33.2104102814905,7.25745746011152,21.9432357663961,1.49506942755102,9.55607621216558
2024-03-04,8.7356204679136,23.2807777693003,12.1639456705365,16.0857412590922,11.9541893799615,6.63671360734138,19.3163996724954,43.3992641513371,3.86250955279536
2024-03-11,5.55025159241049,21.5526706547412,3.18665626993758,26.7457351252263,28.7718434119315,1.14788544817444,18.3148476960156,23.4981481014061,32.127861405201
2024-03-18,93.1903974012143,20.8806897755992,4.22002645638711,35.4438374868459,23.5082546690956,5.54882925611687,32.4983051080913,17.0157459476874,8.19034423270901
2024-03-25,10.7037501693671,18.0466172638318,16.2524077048273,18.9194773747033,12.8338674937626,7.80673852424473,17.2055200082545,43.3103054818822,5.89668452246147
2024-04-01,7.16194131117181,18.0466172638318,9.42515058818492,12.1419431374454,23.0924110152507,7.80673852424473,17.2055200082545,5.36494699491165,5.89668452246147
2024-04-08,30.8960773019615,27.7206635116355,12.1639456705365,12.1419431374454,23.0924110152507,6.60106656701175,66.0771905192586,6.20294619105925,12.2800178460917
2024-04-15,17.8111987742463,28.2842274873134,5.96363061255423,15.593278131684,8.71242058997368,12.1822728179774,22.0560958485372,7.19412922501664,2.88598061812745
2024-04-22,2.4652123181531,18.7179209909942,9.54330757766079,6.7884095920805,2.01728447172054,7.80673852424473,13.9415057704235,10.9619323639211,3.35605707041248
2024-04-29,4.73162422965063,20.8770583690845,12.1639456705365,12.1419431374454,23.0924110152507,9.8902529237866,13.8062760128301,13.1270348878649,3.39834949187779
2024-05-06,5.31076185915347,16.5702754577384,12.1639456705365,12.1419431374454,23.0924110152507,2.47463876245109,17.2055200082545,1.48590712628731,7.14510395225973
2024-05-13,19.2733533335643,11.9950178403679,12.1639456705365,42.6127217933589,3.14379609410798,1.60487799156554,21.7093614288534,1.60121099268059,5.53428442258113
2024-05-20,40.8432637105294,17.0767782043265,2.98691097866576,10.13193370909,3.99757862906873,5.03091101125956,20.3742174624365,4.4219036111411,3.05017491430488
2024-05-27,14.1867631407574,13.5074323879052,2.95859253762889,14.6245206465683,6.63250304749605,5.00208804388545,17.2055200082545,1.99584753229,13.6715474449481
2024-06-03,41.192239565841,10.597678170317,12.1639456705365,4.82007517256081,7.81463258602446,1.66332518347354,12.48725106396,22.6795266147858,21.7254596906063
2024-06-10,18.5966697994572,10.8486327158088,2.92139956775311,12.1419431374454,23.0924110152507,7.80673852424473,17.2055200082545,16.5164133482174,4.03319916528922
2024-06-17,23.0195386637119,12.7845989555304,3.77731525079684,4.33574184213635,9.31303523312503,5.63092209256432,28.0935311650698,5.98189354479977,5.0184823131521
2024-06-24,3.45297513840976,8.56354355317645,2.74382620881473,5.61322861621878,16.0459144074861,2.42084476071298,19.7157968042195,4.35321275455009,4.66344779771276
2024-07-01,16.8532356108737,13.0170513987846,1.39129318855406,12.1419431374454,23.0924110152507,10.846465592904,15.2664044991602,6.35721367158278,3.13382871002968
2024-07-08,7.69092174074908,9.39023659116843,3.21031753033913,4.25143240163599,23.0924110152507,5.63531706707194,5.87261075013891,2.71681483549452,12.6863684909993
2024-07-15,15.2720524177507,8.72488787091644,4.8358720360089,13.5094119692416,23.0924110152507,4.40863254846789,5.72765017290613,2.30670645405136,10.6925247753602
2024-07-22,7.04586561833847,20.1297095990931,2.53785082830081,11.8670315698326,23.0924110152507,3.35140194764482,11.4126260925668,1.68731682741835,4.30029136296283
2024-07-29,9.73580219253386,9.97865194470938,7.2112766414711,12.1419431374454,23.0924110152507,4.81189437651846,18.6172110788141,10.8024257007565,20.8168865681577
2024-08-05,10.4196986739814,13.0267818337936,6.65111444714585,8.05592469453361,23.0924110152507,4.72269010503548,11.6472965971364,3.52983371832494,7.72410027014883
2024-08-12,11.4815917679784,13.8687727281616,12.1639456705365,5.37668958310253,23.0924110152507,2.93810650043574,15.1119516857047,3.73771531838646,6.40041879524529
2024-08-19,25.9355406477738,18.0466172638318,60.9766654236134,12.1419431374454,23.0924110152507,7.80673852424473,17.2055200082545,59.6477183063652,5.89668452246147
