"Date","TCI","Model_Success","Num_Variables","Serial_Autocorrelation_p_value","Stability","Normality_p_value"
2011-12-23,22.9020147460357,1,2,NA,NA,NA
2011-12-30,22.3492890702374,1,2,NA,NA,NA
2012-01-06,23.5210545341461,1,2,NA,NA,NA
2012-01-13,23.7425327637848,1,2,NA,NA,NA
2012-01-20,23.2950629422555,1,2,NA,NA,NA
2012-01-27,24.1903764015108,1,2,NA,NA,NA
2012-02-03,25.0455926584784,1,2,NA,NA,NA
2012-02-10,25.2034449022939,1,2,NA,NA,NA
2012-02-17,24.090498942611,1,2,NA,NA,NA
2012-02-24,23.2935109137563,1,2,NA,NA,NA
2012-03-02,23.2108178745063,1,2,NA,NA,NA
2012-03-09,22.7031469564694,1,2,NA,NA,NA
2012-03-16,23.307858240508,1,2,NA,NA,NA
2012-03-23,21.4598601491681,1,2,NA,NA,NA
2012-03-30,21.307863156099,1,2,NA,NA,NA
2012-04-13,21.3813047159733,1,2,NA,NA,NA
2012-04-20,20.9560362927943,1,2,NA,NA,NA
2012-04-27,19.9615690474688,1,2,NA,NA,NA
2012-05-04,20.2034931986583,1,2,NA,NA,NA
2012-05-11,20.126729284516,1,2,NA,NA,NA
2012-05-18,19.949563251402,1,2,NA,NA,NA
2012-05-25,20.0805304561707,1,2,NA,NA,NA
2012-06-01,20.2243846225043,1,2,NA,NA,NA
2012-06-08,20.1289075031329,1,2,NA,NA,NA
2012-06-15,20.6280000540245,1,2,NA,NA,NA
2012-06-22,19.8005616351706,1,2,NA,NA,NA
2012-06-29,18.5289560216269,1,2,NA,NA,NA
2012-07-06,18.3558731098524,1,2,NA,NA,NA
2012-07-13,18.1582335469858,1,2,NA,NA,NA
2012-07-20,18.7943284370025,1,2,NA,NA,NA
2012-07-27,18.7454880506052,1,2,NA,NA,NA
2012-08-03,18.2788421147144,1,2,NA,NA,NA
2012-08-10,18.0561918137135,1,2,NA,NA,NA
2012-08-17,17.9961065681984,1,2,NA,NA,NA
2012-08-24,17.7629117947935,1,2,NA,NA,NA
2012-08-31,17.7846443727334,1,2,NA,NA,NA
2012-09-07,18.0001065369965,1,2,NA,NA,NA
2012-09-14,19.1209741598116,1,2,NA,NA,NA
2012-09-21,19.2246351648971,1,2,NA,NA,NA
2012-09-28,19.620667495099,1,2,NA,NA,NA
2012-10-05,19.4742468865689,1,2,NA,NA,NA
2012-10-12,19.5580617890704,1,2,NA,NA,NA
2012-10-19,18.8504679286432,1,2,NA,NA,NA
2012-10-26,18.6399041879414,1,2,NA,NA,NA
2012-11-02,18.6503867337068,1,2,NA,NA,NA
2012-11-09,18.1205790504486,1,2,NA,NA,NA
2012-11-16,16.5059321665744,1,2,NA,NA,NA
2012-11-23,15.7288737165854,1,2,NA,NA,NA
2012-11-30,16.4543730327391,1,2,NA,NA,NA
2012-12-07,16.3355888292632,1,2,NA,NA,NA
2012-12-14,16.2400141493776,1,2,NA,NA,NA
2012-12-21,16.5784045660109,1,2,NA,NA,NA
2012-12-28,16.6797439049861,1,2,NA,NA,NA
2013-01-04,16.1863332676632,1,2,NA,NA,NA
2013-01-11,16.1265948808595,1,2,NA,NA,NA
2013-01-18,15.0794888857186,1,2,NA,NA,NA
2013-01-25,14.4167168244924,1,2,NA,NA,NA
2013-02-01,14.1833862569775,1,2,NA,NA,NA
2013-02-08,14.2788725285036,1,2,NA,NA,NA
2013-02-15,6.20450572673006,1,2,NA,NA,NA
2013-02-22,4.91012920879765,1,2,NA,NA,NA
2013-03-01,5.34591993498702,1,2,NA,NA,NA
2013-03-08,3.56620181660759,1,2,NA,NA,NA
2013-03-15,3.66216288742161,1,2,NA,NA,NA
2013-03-22,3.58571389498492,1,2,NA,NA,NA
2013-04-05,3.54755049512401,1,2,NA,NA,NA
2013-04-12,3.47036688603578,1,2,NA,NA,NA
2013-04-19,3.81965082104366,1,2,NA,NA,NA
2013-04-26,3.81702119451925,1,2,NA,NA,NA
2013-05-03,3.8082620866052,1,2,NA,NA,NA
2013-05-10,3.84471409321348,1,2,NA,NA,NA
2013-05-17,3.78482935581274,1,2,NA,NA,NA
2013-05-24,3.7859524340888,1,2,NA,NA,NA
2013-05-31,3.69467122087667,1,2,NA,NA,NA
2013-06-07,3.60953803491779,1,2,NA,NA,NA
2013-06-14,3.68685385399802,1,2,NA,NA,NA
2013-06-21,3.69020798991929,1,2,NA,NA,NA
2013-06-28,3.68593727191305,1,2,NA,NA,NA
2013-07-05,3.70806827527672,1,2,NA,NA,NA
2013-07-12,3.2379297593698,1,2,NA,NA,NA
2013-07-19,2.77523451739922,1,2,NA,NA,NA
2013-07-26,2.72318077399712,1,2,NA,NA,NA
2013-08-02,2.651601194492,1,2,NA,NA,NA
2013-08-09,2.78351536351898,1,2,NA,NA,NA
2013-08-16,2.73268449598163,1,2,NA,NA,NA
2013-08-23,2.9385934114639,1,2,NA,NA,NA
2013-08-30,3.10474676696555,1,2,NA,NA,NA
2013-09-06,2.60512806852539,1,2,NA,NA,NA
2013-09-13,2.66003824303076,1,2,NA,NA,NA
2013-09-20,2.65153309966494,1,2,NA,NA,NA
2013-09-27,2.55996919757671,1,2,NA,NA,NA
2013-10-04,2.60744659873139,1,2,NA,NA,NA
2013-10-11,2.40676508333287,1,2,NA,NA,NA
2013-10-18,2.15503724532174,1,2,NA,NA,NA
2013-10-25,2.15288829753458,1,2,NA,NA,NA
2013-11-01,1.52530046751702,1,2,NA,NA,NA
2013-11-08,1.53447098101518,1,2,NA,NA,NA
2013-11-15,1.56203875047819,1,2,NA,NA,NA
2013-11-22,1.24953738827332,1,2,NA,NA,NA
2013-11-29,0.879159551572348,1,2,NA,NA,NA
2013-12-06,0.498225439330964,1,2,NA,NA,NA
2013-12-13,0.219993662406772,1,2,NA,NA,NA
2013-12-20,0.154997941181848,1,2,NA,NA,NA
2013-12-27,0.161629401047787,1,2,NA,NA,NA
2014-01-03,0.0848349005442908,1,2,NA,NA,NA
2014-01-10,0.0827086823605998,1,2,NA,NA,NA
2014-01-17,0.0934121969487629,1,2,NA,NA,NA
2014-01-24,0.100772925105967,1,2,NA,NA,NA
2014-01-31,0.0756713985302775,1,2,NA,NA,NA
2014-02-07,0.121331126026874,1,2,NA,NA,NA
2014-02-14,0.105955362187013,1,2,NA,NA,NA
2014-02-21,0.100238025682362,1,2,NA,NA,NA
2014-02-28,0.162745784754943,1,2,NA,NA,NA
2014-03-07,0.178451011431735,1,2,NA,NA,NA
2014-03-14,0.168671973888106,1,2,NA,NA,NA
2014-03-21,0.180804249015276,1,2,NA,NA,NA
2014-03-28,0.143534850307818,1,2,NA,NA,NA
2014-04-04,0.134199504929685,1,2,NA,NA,NA
2014-04-11,0.148309315506386,1,2,NA,NA,NA
2014-04-18,0.161121086341636,1,2,NA,NA,NA
2014-04-25,0.15468789164416,1,2,NA,NA,NA
2014-05-02,0.136076186187497,1,2,NA,NA,NA
2014-05-09,0.123376053715278,1,2,NA,NA,NA
2014-05-16,0.18481827153155,1,2,NA,NA,NA
2014-05-23,0.149053190221738,1,2,NA,NA,NA
2014-05-30,0.116290024580496,1,2,NA,NA,NA
2014-06-06,0.0817761631049739,1,2,NA,NA,NA
2014-06-13,0.0805487770551951,1,2,NA,NA,NA
2014-06-20,0.127035443195037,1,2,NA,NA,NA
2014-06-27,0.156092143453565,1,2,NA,NA,NA
2014-07-04,0.145708926090234,1,2,NA,NA,NA
2014-07-11,0.141380952302907,1,2,NA,NA,NA
2014-07-18,0.14790170545741,1,2,NA,NA,NA
2014-07-25,0.147723194220539,1,2,NA,NA,NA
2014-08-01,0.14977940653692,1,2,NA,NA,NA
2014-08-08,0.1416963135152,1,2,NA,NA,NA
2014-08-15,0.445685263161628,1,2,NA,NA,NA
2014-08-22,0.472486405934375,1,2,NA,NA,NA
2014-08-29,0.592470206685195,1,2,NA,NA,NA
2014-09-05,0.613033237636474,1,2,NA,NA,NA
2014-09-12,0.61955053668479,1,2,NA,NA,NA
2014-09-19,0.582828970921513,1,2,NA,NA,NA
2014-09-26,0.604048714279426,1,2,NA,NA,NA
2014-10-03,0.615902114743377,1,2,NA,NA,NA
2014-10-10,0.590683824880239,1,2,NA,NA,NA
2014-10-17,0.643771436706117,1,2,NA,NA,NA
2014-10-24,0.705637769067468,1,2,NA,NA,NA
2014-10-31,0.913493211606269,1,2,NA,NA,NA
2014-11-07,0.812318222408506,1,2,NA,NA,NA
2014-11-14,0.899338530858303,1,2,NA,NA,NA
2014-11-21,0.955817567173068,1,2,NA,NA,NA
2014-11-28,0.976233524148419,1,2,NA,NA,NA
2014-12-05,1.09147388258257,1,2,NA,NA,NA
2014-12-12,1.11936976966604,1,2,NA,NA,NA
2014-12-19,1.10947804837664,1,2,NA,NA,NA
2014-12-26,1.42549707989539,1,2,NA,NA,NA
2015-01-02,1.32821455573123,1,2,NA,NA,NA
2015-01-09,1.33542795723227,1,2,NA,NA,NA
2015-01-16,0.183432319613111,1,2,NA,NA,NA
2015-01-23,0.187407882983621,1,2,NA,NA,NA
2015-01-30,0.72369303979472,1,2,NA,NA,NA
2015-02-06,0.201903255085074,1,2,NA,NA,NA
2015-02-13,0.477952256928092,1,2,NA,NA,NA
2015-02-20,0.462952676567297,1,2,NA,NA,NA
2015-02-27,0.623275141113057,1,2,NA,NA,NA
2015-03-06,0.546830290323997,1,2,NA,NA,NA
2015-03-13,4.91669042894103,1,2,NA,NA,NA
2015-03-20,5.49262076112743,1,2,NA,NA,NA
2015-03-27,6.38128473038209,1,2,NA,NA,NA
2015-04-03,6.52116964304998,1,2,NA,NA,NA
2015-04-10,6.5362525266953,1,2,NA,NA,NA
2015-04-17,6.44379584326269,1,2,NA,NA,NA
2015-04-24,5.98392865273073,1,2,NA,NA,NA
2015-05-01,5.83835440374535,1,2,NA,NA,NA
2015-05-08,6.95405507695067,1,2,NA,NA,NA
2015-05-15,7.03437741231388,1,2,NA,NA,NA
2015-05-22,6.25673469191498,1,2,NA,NA,NA
2015-05-29,6.15415396760282,1,2,NA,NA,NA
2015-06-05,6.01259800677483,1,2,NA,NA,NA
2015-06-12,5.59104627943138,1,2,NA,NA,NA
2015-06-19,4.48025311926091,1,2,NA,NA,NA
2015-06-26,4.44787123318662,1,2,NA,NA,NA
2015-07-03,4.77404016797015,1,2,NA,NA,NA
2015-07-10,5.39511383922567,1,2,NA,NA,NA
2015-07-17,5.34036004841254,1,2,NA,NA,NA
2015-07-24,5.31900419059208,1,2,NA,NA,NA
2015-07-31,4.18894166529456,1,2,NA,NA,NA
2015-08-07,4.3319438489178,1,2,NA,NA,NA
2015-08-14,4.39865938874523,1,2,NA,NA,NA
2015-08-21,4.79985670096607,1,2,NA,NA,NA
2015-08-28,4.89795022286941,1,2,NA,NA,NA
2015-09-04,4.01410020984147,1,2,NA,NA,NA
2015-09-11,3.44266319376465,1,2,NA,NA,NA
2015-09-18,3.40437636601163,1,2,NA,NA,NA
2015-09-25,3.19957985793878,1,2,NA,NA,NA
2015-10-02,3.40235499227803,1,2,NA,NA,NA
2015-10-09,3.52875350433078,1,2,NA,NA,NA
2015-10-16,3.3664862686871,1,2,NA,NA,NA
2015-10-23,3.01333846611745,1,2,NA,NA,NA
2015-10-30,1.86556086779589,1,2,NA,NA,NA
2015-11-06,1.77188067967946,1,2,NA,NA,NA
2015-11-13,1.9238693799043,1,2,NA,NA,NA
2015-11-20,1.90692484793198,1,2,NA,NA,NA
2015-11-27,1.74271317271296,1,2,NA,NA,NA
2015-12-04,1.78172170196211,1,2,NA,NA,NA
2015-12-11,2.50098162715398,1,2,NA,NA,NA
2015-12-18,2.48155881527708,1,2,NA,NA,NA
2015-12-25,1.91543643198084,1,2,NA,NA,NA
2016-01-08,3.20465578477406,1,2,NA,NA,NA
2016-01-15,2.98920464068823,1,2,NA,NA,NA
2016-01-22,2.71552446293968,1,2,NA,NA,NA
2016-01-29,2.50835676032242,1,2,NA,NA,NA
2016-02-05,2.22659919446855,1,2,NA,NA,NA
2016-02-12,1.92376024471901,1,2,NA,NA,NA
2016-02-19,1.77444918203982,1,2,NA,NA,NA
2016-02-26,2.92470509662782,1,2,NA,NA,NA
2016-03-04,3.18175429218098,1,2,NA,NA,NA
2016-03-11,4.27774242166403,1,3,NA,NA,NA
2016-03-18,4.38393788425423,1,3,NA,NA,NA
2016-03-25,4.34816298570262,1,3,NA,NA,NA
2016-04-01,4.35383281791656,1,3,NA,NA,NA
2016-04-08,3.99731927414071,1,3,NA,NA,NA
2016-04-15,2.05163478884785,1,3,NA,NA,NA
2016-04-22,3.05146793011696,1,3,NA,NA,NA
2016-04-29,3.42730501852718,1,3,NA,NA,NA
2016-05-06,3.16082933501466,1,3,NA,NA,NA
2016-05-13,3.59451779818131,1,3,NA,NA,NA
2016-05-20,3.64186231766238,1,3,NA,NA,NA
2016-05-27,3.92286766286487,1,3,NA,NA,NA
2016-06-03,3.94497542871231,1,3,NA,NA,NA
2016-06-10,3.85781649533544,1,3,NA,NA,NA
2016-06-17,3.89441234061811,1,3,NA,NA,NA
2016-06-24,3.96164631699691,1,3,NA,NA,NA
2016-07-01,3.95223752716538,1,3,NA,NA,NA
2016-07-08,3.99266653796379,1,3,NA,NA,NA
2016-07-15,5.08680470921615,1,3,NA,NA,NA
2016-07-22,5.82642801948299,1,3,NA,NA,NA
2016-07-29,6.57126362953808,1,3,NA,NA,NA
2016-08-05,7.10498376860392,1,3,NA,NA,NA
2016-08-12,6.51272275099096,1,3,NA,NA,NA
2016-08-19,6.40284116215658,1,3,NA,NA,NA
2016-08-26,6.46193669210135,1,3,NA,NA,NA
2016-09-02,6.50526324339791,1,3,NA,NA,NA
2016-09-09,6.4694713157959,1,3,NA,NA,NA
2016-09-16,6.48036070022891,1,3,NA,NA,NA
2016-09-23,6.35958418067058,1,3,NA,NA,NA
2016-09-30,5.9776861022997,1,3,NA,NA,NA
2016-10-07,5.80447655690191,1,3,NA,NA,NA
2016-10-14,5.61917340169613,1,3,NA,NA,NA
2016-10-21,5.70913212618214,1,3,NA,NA,NA
2016-10-28,5.6871133689716,1,3,NA,NA,NA
2016-11-04,5.68750983311743,1,3,NA,NA,NA
2016-11-11,5.92325102287611,1,3,NA,NA,NA
2016-11-18,6.21946046887974,1,3,NA,NA,NA
2016-11-25,5.89156806083088,1,3,NA,NA,NA
2016-12-02,6.74592104145377,1,3,NA,NA,NA
2016-12-09,6.97325296398882,1,3,NA,NA,NA
2016-12-16,7.7931854522456,1,4,NA,NA,NA
2016-12-23,7.51247923507223,1,5,NA,NA,NA
2016-12-30,7.02477928464549,1,5,NA,NA,NA
2017-01-06,6.60313077117335,1,5,NA,NA,NA
2017-01-13,6.0512608712781,1,5,NA,NA,NA
2017-01-20,5.89052604896809,1,5,NA,NA,NA
2017-01-27,5.74125288792878,1,5,NA,NA,NA
2017-02-03,5.76845929864931,1,5,NA,NA,NA
2017-02-10,5.14837407473544,1,5,NA,NA,NA
2017-02-17,5.23236893498637,1,5,NA,NA,NA
2017-02-24,5.31434513012253,1,5,NA,NA,NA
2017-03-03,5.38733323978798,1,5,NA,NA,NA
2017-03-10,5.27851475780485,1,5,NA,NA,NA
2017-03-17,5.49421061263753,1,5,NA,NA,NA
2017-03-24,5.34227626826696,1,5,NA,NA,NA
2017-03-31,5.68291834770414,1,5,NA,NA,NA
2017-04-07,5.35334672320256,1,5,NA,NA,NA
2017-04-14,5.47958884145505,1,5,NA,NA,NA
2017-04-21,4.74190546806131,1,5,NA,NA,NA
2017-04-28,4.5508757962379,1,5,NA,NA,NA
2017-05-05,4.6505378336933,1,5,NA,NA,NA
2017-05-12,4.91309374106263,1,5,NA,NA,NA
2017-05-19,5.66282132383379,1,5,NA,NA,NA
2017-05-26,5.77127525384458,1,5,NA,NA,NA
2017-06-02,5.77788168570695,1,5,NA,NA,NA
2017-06-09,5.85613293726634,1,5,NA,NA,NA
2017-06-16,5.64904740127638,1,5,NA,NA,NA
2017-06-23,5.55629421010519,1,5,NA,NA,NA
2017-06-30,5.50920449800297,1,5,NA,NA,NA
2017-07-07,5.37064536726683,1,5,NA,NA,NA
2017-07-14,5.34888950925008,1,5,NA,NA,NA
2017-07-21,4.92868740682417,1,5,NA,NA,NA
2017-07-28,4.90698574487881,1,5,NA,NA,NA
2017-08-04,4.95116972914631,1,5,NA,NA,NA
2017-08-11,5.01977715705292,1,5,NA,NA,NA
2017-08-18,5.05504640566761,1,5,NA,NA,NA
2017-08-25,5.00321978717992,1,5,NA,NA,NA
2017-09-01,4.99966669557709,1,5,NA,NA,NA
2017-09-08,5.17603712055539,1,5,NA,NA,NA
2017-09-15,5.08242447256621,1,5,NA,NA,NA
2017-09-22,5.04797351882185,1,5,NA,NA,NA
2017-09-29,5.31862314081873,1,5,NA,NA,NA
2017-10-06,5.37218357712,1,5,NA,NA,NA
2017-10-13,5.5444714628711,1,5,NA,NA,NA
2017-10-20,5.48960114103839,1,5,NA,NA,NA
2017-10-27,5.6095783608353,1,5,NA,NA,NA
2017-11-03,5.68665553665287,1,5,NA,NA,NA
2017-11-10,5.35927853170804,1,5,NA,NA,NA
2017-11-17,5.5232403235227,1,5,NA,NA,NA
2017-11-24,5.52164007122932,1,5,NA,NA,NA
2017-12-01,5.76509500154878,1,5,NA,NA,NA
2017-12-08,5.99297315135832,1,5,NA,NA,NA
2017-12-15,5.76127141607337,1,5,NA,NA,NA
2017-12-22,5.76811032869288,1,5,NA,NA,NA
2017-12-29,5.83444997545976,1,5,NA,NA,NA
2018-01-05,6.15699831098312,1,5,NA,NA,NA
2018-01-12,6.51502539422085,1,5,NA,NA,NA
2018-01-19,7.29025915170557,1,5,NA,NA,NA
2018-01-26,7.11722452199525,1,5,NA,NA,NA
2018-02-02,7.30390033386883,1,5,NA,NA,NA
2018-02-09,7.83125790827225,1,5,NA,NA,NA
2018-02-16,7.86980100196521,1,5,NA,NA,NA
2018-02-23,7.9235520632103,1,5,NA,NA,NA
2018-03-02,8.01408181620326,1,5,NA,NA,NA
2018-03-09,8.71173936886963,1,5,NA,NA,NA
2018-03-16,8.42454608003138,1,5,NA,NA,NA
2018-03-23,8.4946178175009,1,5,NA,NA,NA
2018-03-30,8.58062992404034,1,5,NA,NA,NA
2018-04-06,8.68303527299677,1,5,NA,NA,NA
2018-04-13,8.82465820180678,1,5,NA,NA,NA
2018-04-20,8.10752212671149,1,5,NA,NA,NA
2018-04-27,8.37392194368325,1,5,NA,NA,NA
2018-05-04,7.70246712696065,1,5,NA,NA,NA
2018-05-11,7.7563713845416,1,5,NA,NA,NA
2018-05-18,6.67263668916653,1,5,NA,NA,NA
2018-05-25,7.5379057507635,1,5,NA,NA,NA
2018-06-01,6.61442568243282,1,5,NA,NA,NA
2018-06-08,7.1244765399474,1,5,NA,NA,NA
2018-06-15,8.28327076024492,1,5,NA,NA,NA
2018-06-22,9.60963809489658,1,5,NA,NA,NA
2018-06-29,8.02005209930596,1,5,NA,NA,NA
2018-07-06,8.03558976246198,1,5,NA,NA,NA
2018-07-13,8.05881771019406,1,5,NA,NA,NA
2018-07-20,7.25297660621675,1,5,NA,NA,NA
2018-07-27,7.4314161994694,1,5,NA,NA,NA
2018-08-03,7.33975097212674,1,5,NA,NA,NA
2018-08-10,7.01790236738997,1,5,NA,NA,NA
2018-08-17,6.97786684162404,1,5,NA,NA,NA
2018-08-24,7.2967586863766,1,5,NA,NA,NA
2018-08-31,6.96003703234995,1,5,NA,NA,NA
2018-09-07,6.90465172962658,1,5,NA,NA,NA
2018-09-14,6.09531804263731,1,5,NA,NA,NA
2018-09-21,6.31815279316226,1,5,NA,NA,NA
2018-09-28,6.38444726066608,1,5,NA,NA,NA
2018-10-05,5.9890882066579,1,5,NA,NA,NA
2018-10-12,6.94815441993614,1,5,NA,NA,NA
2018-10-19,6.82551852929169,1,5,NA,NA,NA
2018-10-26,6.93868482697967,1,5,NA,NA,NA
2018-11-02,6.92641167581736,1,5,NA,NA,NA
2018-11-09,7.40861627929032,1,5,NA,NA,NA
2018-11-16,7.63231458095924,1,5,NA,NA,NA
2018-11-23,8.01968397824717,1,5,NA,NA,NA
2018-11-30,7.79171826771454,1,5,NA,NA,NA
2018-12-07,7.62477474363545,1,5,NA,NA,NA
2018-12-14,7.22606788471057,1,5,NA,NA,NA
2018-12-21,7.17310665154947,1,5,NA,NA,NA
2018-12-28,6.79091952357154,1,5,NA,NA,NA
2019-01-04,6.30528503325367,1,5,NA,NA,NA
2019-01-11,6.02436674694532,1,5,NA,NA,NA
2019-01-18,5.556668485541,1,5,NA,NA,NA
2019-01-25,5.49916227388469,1,5,NA,NA,NA
2019-02-01,5.69365507089756,1,5,NA,NA,NA
2019-02-08,6.20477701035257,1,5,NA,NA,NA
2019-02-15,6.22582044658689,1,5,NA,NA,NA
2019-02-22,5.79073127385952,1,5,NA,NA,NA
2019-03-01,5.79739370862461,1,5,NA,NA,NA
2019-03-08,6.19778469554073,1,5,NA,NA,NA
2019-03-15,6.32650753900984,1,5,NA,NA,NA
2019-03-22,6.5812515540727,1,5,NA,NA,NA
2019-03-29,6.7565462087072,1,5,NA,NA,NA
2019-04-05,6.97158239202942,1,5,NA,NA,NA
2019-04-12,7.11052760479012,1,5,NA,NA,NA
2019-04-19,7.11479949421265,1,5,NA,NA,NA
2019-04-26,7.04359414359668,1,5,NA,NA,NA
2019-05-03,6.69350712812099,1,5,NA,NA,NA
2019-05-10,6.51201378150182,1,5,NA,NA,NA
2019-05-17,7.04297476003896,1,5,NA,NA,NA
2019-05-24,6.99433890658972,1,5,NA,NA,NA
2019-05-31,7.20861669983881,1,5,NA,NA,NA
2019-06-07,6.54114315514289,1,5,NA,NA,NA
2019-06-14,6.88756684804104,1,5,NA,NA,NA
2019-06-21,5.8332288465191,1,5,NA,NA,NA
2019-06-28,6.07325543341053,1,5,NA,NA,NA
2019-07-05,6.31315029989789,1,5,NA,NA,NA
2019-07-12,6.53449212937767,1,5,NA,NA,NA
2019-07-19,6.08098211498147,1,5,NA,NA,NA
2019-07-26,6.25700206111795,1,5,NA,NA,NA
2019-08-02,6.39374380502944,1,5,NA,NA,NA
2019-08-09,6.20737024857856,1,5,NA,NA,NA
2019-08-16,5.74414667323774,1,5,NA,NA,NA
2019-08-23,5.59666529632497,1,5,NA,NA,NA
2019-08-30,5.60543421379443,1,5,NA,NA,NA
2019-09-06,5.63944134444568,1,5,NA,NA,NA
2019-09-13,5.34079762600251,1,5,NA,NA,NA
2019-09-20,5.27905706761513,1,5,NA,NA,NA
2019-09-27,5.26364836860915,1,5,NA,NA,NA
2019-10-04,5.45200316078037,1,5,NA,NA,NA
2019-10-11,5.51209885558438,1,5,NA,NA,NA
2019-10-18,5.86544835083577,1,5,NA,NA,NA
2019-10-25,5.22225084217478,1,5,NA,NA,NA
2019-11-01,5.24209376696592,1,5,NA,NA,NA
2019-11-08,5.45211500500244,1,5,NA,NA,NA
2019-11-15,5.76716978940342,1,5,NA,NA,NA
2019-11-22,5.81890239316217,1,5,NA,NA,NA
2019-11-29,5.89556726521992,1,5,NA,NA,NA
2019-12-06,8.06572745869397,1,6,NA,NA,NA
2019-12-13,8.03207183517254,1,6,NA,NA,NA
2019-12-20,9.16618510312573,1,6,NA,NA,NA
2019-12-27,9.02985112097125,1,6,NA,NA,NA
2020-01-03,8.72054730682498,1,6,NA,NA,NA
2020-01-10,8.91814513449537,1,6,NA,NA,NA
2020-01-17,8.87493701658883,1,6,NA,NA,NA
2020-01-24,8.83130070813969,1,6,NA,NA,NA
2020-01-31,9.85660110583341,1,6,NA,NA,NA
2020-02-07,7.72439877940666,1,6,NA,NA,NA
2020-02-14,7.63108974518844,1,6,NA,NA,NA
2020-02-21,7.60110749143006,1,6,NA,NA,NA
2020-02-28,8.30693435914687,1,6,NA,NA,NA
2020-03-06,9.2707563002643,1,6,NA,NA,NA
2020-03-13,11.5547475190153,1,6,NA,NA,NA
2020-03-20,22.8262518430758,1,6,NA,NA,NA
2020-03-27,17.5984001843564,1,6,NA,NA,NA
2020-04-03,18.3270347542574,1,6,NA,NA,NA
2020-04-10,17.1392515488443,1,6,NA,NA,NA
2020-04-17,17.2618064769218,1,6,NA,NA,NA
2020-04-24,17.1958395596323,1,6,NA,NA,NA
2020-05-01,17.4690597856675,1,6,NA,NA,NA
2020-05-08,17.4116511929911,1,6,NA,NA,NA
2020-05-15,17.7373390047109,1,6,NA,NA,NA
2020-05-22,18.4724194471625,1,6,NA,NA,NA
2020-05-29,18.8667517917958,1,6,NA,NA,NA
2020-06-05,17.5407360606856,1,6,NA,NA,NA
2020-06-12,15.2121909414634,1,6,NA,NA,NA
2020-06-19,15.3466003907652,1,6,NA,NA,NA
2020-06-26,15.4275097454518,1,6,NA,NA,NA
2020-07-03,15.5440420936205,1,6,NA,NA,NA
2020-07-10,15.2397011010377,1,6,NA,NA,NA
2020-07-17,15.8121025655818,1,6,NA,NA,NA
2020-07-24,15.93475602575,1,6,NA,NA,NA
2020-07-31,15.9100274177115,1,6,NA,NA,NA
2020-08-07,16.0498425667028,1,6,NA,NA,NA
2020-08-14,16.3021879999843,1,6,NA,NA,NA
2020-08-21,16.4695974900025,1,6,NA,NA,NA
2020-08-28,16.9148304759606,1,6,NA,NA,NA
2020-09-04,16.8192548397294,1,6,NA,NA,NA
2020-09-11,16.8777993094914,1,6,NA,NA,NA
2020-09-18,16.9854645341528,1,6,NA,NA,NA
2020-09-25,17.1311349235815,1,6,NA,NA,NA
2020-10-02,17.1854180055354,1,6,NA,NA,NA
2020-10-09,17.4805335317841,1,6,NA,NA,NA
2020-10-16,18.9248493310129,1,6,NA,NA,NA
2020-10-23,19.2681492600098,1,6,NA,NA,NA
2020-10-30,19.4273508123524,1,6,NA,NA,NA
2020-11-06,19.4568111913556,1,6,NA,NA,NA
2020-11-13,19.7773283966662,1,6,NA,NA,NA
2020-11-20,20.39994106198,1,6,NA,NA,NA
2020-11-27,20.4134411088424,1,6,NA,NA,NA
2020-12-04,20.4340887628238,1,6,NA,NA,NA
2020-12-11,20.6644391490576,1,6,NA,NA,NA
2020-12-18,20.5685563207553,1,6,NA,NA,NA
2020-12-25,20.4243801232668,1,6,NA,NA,NA
2021-01-01,20.3849372629509,1,6,NA,NA,NA
2021-01-08,20.8574269644011,1,6,NA,NA,NA
2021-01-15,20.6672725721691,1,6,NA,NA,NA
2021-01-22,21.3933700112846,1,6,NA,NA,NA
2021-01-29,21.3738162099364,1,6,NA,NA,NA
2021-02-05,22.147099536811,1,6,NA,NA,NA
2021-02-12,21.3789025488253,1,6,NA,NA,NA
2021-02-19,20.4840999543087,1,6,NA,NA,NA
2021-02-26,21.6215602806895,1,6,NA,NA,NA
2021-03-05,21.4678757161527,1,6,NA,NA,NA
2021-03-12,20.8174609418853,1,6,NA,NA,NA
2021-03-19,20.2122287862669,1,6,NA,NA,NA
2021-03-26,20.6690435066449,1,6,NA,NA,NA
2021-04-02,20.650674976215,1,6,NA,NA,NA
2021-04-09,20.5848825446236,1,6,NA,NA,NA
2021-04-16,20.2826954065976,1,6,NA,NA,NA
2021-04-23,19.6796815000954,1,6,NA,NA,NA
2021-04-30,19.5112021102114,1,6,NA,NA,NA
2021-05-07,19.851608897128,1,6,NA,NA,NA
2021-05-14,20.0554249081383,1,6,NA,NA,NA
2021-05-21,19.5743893103545,1,6,NA,NA,NA
2021-05-28,19.6867411086312,1,6,NA,NA,NA
2021-06-04,19.9136290204453,1,6,NA,NA,NA
2021-06-11,20.3497893087954,1,6,NA,NA,NA
2021-06-18,20.9143359839562,1,6,NA,NA,NA
2021-06-25,21.2233866772299,1,6,NA,NA,NA
2021-07-02,20.8009466431148,1,6,NA,NA,NA
2021-07-09,20.3943023421669,1,6,NA,NA,NA
2021-07-16,20.1903288723342,1,6,NA,NA,NA
2021-07-23,19.7496376912597,1,6,NA,NA,NA
2021-07-30,18.855608667572,1,6,NA,NA,NA
2021-08-06,19.2686760984567,1,6,NA,NA,NA
2021-08-13,19.1120618536497,1,6,NA,NA,NA
2021-08-20,19.3674452540343,1,6,NA,NA,NA
2021-08-27,19.9022786521504,1,6,NA,NA,NA
2021-09-03,19.9894266009373,1,6,NA,NA,NA
2021-09-10,20.0831337808454,1,6,NA,NA,NA
2021-09-17,19.2768963973077,1,6,NA,NA,NA
2021-09-24,19.4531471463032,1,6,NA,NA,NA
2021-10-01,19.5380257689767,1,6,NA,NA,NA
2021-10-08,18.3526332497408,1,6,NA,NA,NA
2021-10-15,17.9526630434767,1,6,NA,NA,NA
2021-10-22,17.6191474869485,1,6,NA,NA,NA
2021-10-29,17.017232226584,1,6,NA,NA,NA
2021-11-05,17.0413491196752,1,6,NA,NA,NA
2021-11-12,17.2638297458928,1,6,NA,NA,NA
2021-11-19,18.1094295742322,1,6,NA,NA,NA
2021-11-26,17.3291124603132,1,6,NA,NA,NA
2021-12-03,15.5455331361634,1,6,NA,NA,NA
2021-12-10,15.9251667109726,1,6,NA,NA,NA
2021-12-17,14.650699363767,1,6,NA,NA,NA
2021-12-24,14.8290745072908,1,6,NA,NA,NA
2021-12-31,14.8058352779196,1,6,NA,NA,NA
2022-01-07,14.7239931777938,1,6,NA,NA,NA
2022-01-14,14.4355282031436,1,6,NA,NA,NA
2022-01-21,13.4095842029456,1,6,NA,NA,NA
2022-01-28,13.0609717146148,1,6,NA,NA,NA
2022-02-04,12.0495180649848,1,6,NA,NA,NA
2022-02-11,8.44871685608518,1,6,NA,NA,NA
2022-02-18,9.32472738767603,1,6,NA,NA,NA
2022-02-25,9.73556322915347,1,6,NA,NA,NA
2022-03-04,15.9344471859407,1,6,NA,NA,NA
2022-03-11,18.1873942280473,1,6,NA,NA,NA
2022-03-18,18.262688540545,1,6,NA,NA,NA
2022-03-25,17.9950159069617,1,6,NA,NA,NA
2022-04-01,17.6593659609559,1,6,NA,NA,NA
2022-04-08,17.6537839669082,1,6,NA,NA,NA
2022-04-15,17.5951999913675,1,6,NA,NA,NA
2022-04-22,17.6506703078556,1,6,NA,NA,NA
2022-04-29,18.6980199420007,1,6,NA,NA,NA
2022-05-06,18.7169511509463,1,6,NA,NA,NA
2022-05-13,18.8339758893233,1,6,NA,NA,NA
2022-05-20,18.7526577378009,1,6,NA,NA,NA
2022-05-27,17.958640314913,1,6,NA,NA,NA
2022-06-03,17.248738214182,1,6,NA,NA,NA
2022-06-10,17.263798793293,1,6,NA,NA,NA
2022-06-17,16.880670445172,1,6,NA,NA,NA
2022-06-24,17.0381855695854,1,6,NA,NA,NA
2022-07-01,16.5179308956505,1,6,NA,NA,NA
2022-07-08,15.9583974745444,1,6,NA,NA,NA
2022-07-15,16.0793631305288,1,6,NA,NA,NA
2022-07-22,15.4722938426848,1,6,NA,NA,NA
2022-07-29,14.8072490187005,1,6,NA,NA,NA
2022-08-05,14.7311245252574,1,6,NA,NA,NA
2022-08-12,14.6585929461249,1,6,NA,NA,NA
2022-08-19,14.3987676883611,1,6,NA,NA,NA
2022-08-26,14.4538141967084,1,6,NA,NA,NA
2022-09-02,14.287138570551,1,6,NA,NA,NA
2022-09-09,13.9473807586166,1,6,NA,NA,NA
2022-09-16,14.0556254948101,1,6,NA,NA,NA
2022-09-23,14.4228309585652,1,6,NA,NA,NA
2022-09-30,15.5065358682441,1,6,NA,NA,NA
2022-10-07,15.4488689091881,1,6,NA,NA,NA
2022-10-14,15.227687292777,1,6,NA,NA,NA
2022-10-21,15.1656130822082,1,6,NA,NA,NA
2022-10-28,15.2469127688818,1,6,NA,NA,NA
2022-11-04,15.1490096630215,1,6,NA,NA,NA
2022-11-11,14.503768801866,1,6,NA,NA,NA
2022-11-18,14.4196320512297,1,6,NA,NA,NA
2022-11-25,14.0006859960606,1,6,NA,NA,NA
2022-12-02,13.9340092035282,1,6,NA,NA,NA
2022-12-09,13.9173078466482,1,6,NA,NA,NA
2022-12-16,13.8299091776615,1,6,NA,NA,NA
2022-12-23,13.7743963004175,1,6,NA,NA,NA
2022-12-30,13.1879601855939,1,6,NA,NA,NA
2023-01-06,13.4776191205703,1,6,NA,NA,NA
2023-01-13,13.5340226506044,1,6,NA,NA,NA
2023-01-20,13.8507975716486,1,6,NA,NA,NA
2023-01-27,13.6122795659775,1,6,NA,NA,NA
2023-02-03,13.7770365056888,1,6,NA,NA,NA
2023-02-10,13.8236077061031,1,6,NA,NA,NA
2023-02-17,13.9057711100795,1,6,NA,NA,NA
2023-02-24,13.8444198755391,1,6,NA,NA,NA
2023-03-03,13.561432412214,1,6,NA,NA,NA
2023-03-10,13.4748285825963,1,6,NA,NA,NA
2023-03-17,13.2651301770433,1,6,NA,NA,NA
2023-03-24,13.4841390438188,1,6,NA,NA,NA
2023-03-31,13.2007537369906,1,6,NA,NA,NA
2023-04-07,13.1059716448511,1,6,NA,NA,NA
2023-04-14,12.9031668353842,1,6,NA,NA,NA
2023-04-21,22.5175619660272,1,7,NA,NA,NA
2023-04-28,23.1004248535391,1,7,NA,NA,NA
2023-05-05,23.0481939978384,1,7,NA,NA,NA
2023-05-12,23.2471591962943,1,7,NA,NA,NA
2023-05-19,23.4335349582411,1,7,NA,NA,NA
2023-05-26,23.3686410564267,1,7,NA,NA,NA
2023-06-02,22.6201472759532,1,7,NA,NA,NA
2023-06-09,22.7820587653035,1,7,NA,NA,NA
2023-06-16,23.4441603604553,1,8,NA,NA,NA
2023-06-23,23.5911763853757,1,8,NA,NA,NA
2023-06-30,23.9652245151693,1,8,NA,NA,NA
2023-07-07,24.8773103768275,1,8,NA,NA,NA
2023-07-14,25.0357507355406,1,8,NA,NA,NA
2023-07-21,24.3424170673394,1,8,NA,NA,NA
2023-07-28,24.8477643547266,1,8,NA,NA,NA
2023-08-04,25.0297181210379,1,8,NA,NA,NA
2023-08-11,23.4336432913671,1,8,NA,NA,NA
2023-08-18,23.5580245063801,1,8,NA,NA,NA
2023-08-25,22.9265502768351,1,8,NA,NA,NA
2023-09-01,23.249944206272,1,8,NA,NA,NA
2023-09-08,23.1180048763115,1,8,NA,NA,NA
2023-09-15,22.3916761206733,1,8,NA,NA,NA
2023-09-22,22.3372236440923,1,8,NA,NA,NA
2023-09-29,21.9713612413002,1,8,NA,NA,NA
2023-10-06,21.5423476265346,1,8,NA,NA,NA
2023-10-13,21.9887197152137,1,8,NA,NA,NA
2023-10-20,22.2562024512795,1,8,NA,NA,NA
2023-10-27,22.9731545202898,1,8,NA,NA,NA
2023-11-03,22.1210367198473,1,8,NA,NA,NA
2023-11-10,22.0621860428162,1,8,NA,NA,NA
2023-11-17,21.9329434032061,1,8,NA,NA,NA
2023-11-24,24.3847889412989,1,8,NA,NA,NA
2023-12-01,22.7324510293641,1,8,NA,NA,NA
2023-12-08,21.7034913066985,1,8,NA,NA,NA
2023-12-15,22.0118801256456,1,8,NA,NA,NA
2023-12-22,22.57565885341,1,8,NA,NA,NA
2023-12-29,22.4728129901049,1,8,NA,NA,NA
2024-01-05,22.1420611007421,1,8,NA,NA,NA
2024-01-12,22.7686850947194,1,8,NA,NA,NA
2024-01-19,22.9164330227177,1,8,NA,NA,NA
2024-01-26,20.1842061911442,1,8,NA,NA,NA
2024-02-02,20.015907833621,1,8,NA,NA,NA
2024-02-09,19.8383276513514,1,8,NA,NA,NA
2024-02-16,20.0922703305703,1,8,NA,NA,NA
2024-02-23,20.0170220351771,1,8,NA,NA,NA
2024-03-01,20.0092881477916,1,8,NA,NA,NA
2024-03-08,19.7843818707759,1,8,NA,NA,NA
2024-03-15,19.5082188442768,1,8,NA,NA,NA
2024-03-22,19.083258404698,1,8,NA,NA,NA
2024-03-29,19.3855720486864,1,8,NA,NA,NA
2024-04-05,19.117414010216,1,8,NA,NA,NA
2024-04-12,19.3583618541627,1,8,NA,NA,NA
2024-04-19,19.1551211095496,1,8,NA,NA,NA
2024-04-26,19.4209100343626,1,8,NA,NA,NA
2024-05-03,19.6810369682938,1,8,NA,NA,NA
2024-05-10,20.2941026253363,1,8,NA,NA,NA
2024-05-17,20.2058542659758,1,8,NA,NA,NA
2024-05-24,19.895112603486,1,8,NA,NA,NA
2024-05-31,20.3856635430237,1,8,NA,NA,NA
2024-06-07,20.980902935666,1,8,NA,NA,NA
2024-06-14,20.924838881684,1,8,NA,NA,NA
2024-06-21,21.4572355856221,1,8,NA,NA,NA
2024-06-28,21.1601107898349,1,8,NA,NA,NA
2024-07-05,20.9115453194183,1,8,NA,NA,NA
2024-07-12,20.8953985505542,1,8,NA,NA,NA
2024-07-19,20.5015812798827,1,8,NA,NA,NA
2024-07-26,20.79590031899,1,8,NA,NA,NA
2024-08-02,20.3537576646877,1,8,NA,NA,NA
2024-08-09,20.4136149816645,1,8,NA,NA,NA
2024-08-16,20.2559901891767,1,8,NA,NA,NA
2024-08-23,19.8186198484806,1,8,NA,NA,NA
