"bprior","Vprior.1","Vprior.2","Vprior.3","Vprior.4","Vprior.5","Vprior.6","Vprior.7","Vprior.8","Vprior.9","Vprior.10","Vprior.11","Vprior.12","Vprior.13","Vprior.14","Vprior.15","Vprior.16","Vprior.17","Vprior.18","Vprior.19","Vprior.20","Vprior.21","Vprior.22","Vprior.23","Vprior.24","Vprior.25","Vprior.26","Vprior.27","Vprior.28","Vprior.29","Vprior.30","Vprior.31","Vprior.32","Vprior.33","Vprior.34","Vprior.35","Vprior.36","Vprior.37","Vprior.38","Vprior.39","Vprior.40","Vprior.41","Vprior.42","Vprior.43","Vprior.44","Vprior.45","Vprior.46","Vprior.47","Vprior.48","Vprior.49","Q.1","Q.2","Q.3","Q.4","Q.5","Q.6","Q.7"
-0.39734400083425,5.73625121766613,-1.29356032273636,0.371928655373613,-2.23165310695123,0.154402563572118,-0.902139778749325,4.55018217115298,-1.31341470902338e-14,-3.24097844915661e-15,-7.89120288210987e-15,3.95863897217907e-15,-9.62148112917949e-16,3.82257159953214e-15,-2.92763860029743e-14,-7.65261064152728e-15,2.08400462685387e-14,5.69525980195773e-15,5.8642327105396e-15,8.92162862684009e-16,-2.54302330061906e-15,-3.21487628185402e-15,-2.73259605047815e-15,2.79682960818706e-14,7.16137218970125e-15,-3.36709826687098e-14,4.16279424125809e-15,-1.13684560897054e-14,-7.5317356518223e-15,-5.45028432108463e-15,-1.7942841223223e-14,-3.28952360142964e-15,4.50074005842183e-15,-1.26827259631923e-15,5.32912472830938e-16,-1.16777247594069e-14,3.89171659308241e-15,3.57118306280879e-14,2.78439380926865e-15,2.93489191283136e-14,1.45570404688766e-15,-2.30628775625685e-15,8.91040713435487e-15,-7.17508395905141e-15,-3.30776530298171e-15,-3.86974794656242e-15,2.18293265408231e-15,-9.73234080131613e-16,-3.40706466945423e-15,-1.61348256803862e-14,0.00282679630875494,-1.6044412225825e-05,3.31524504402702e-05,1.51528146726344e-05,0.000118819941260243,8.48639802900189e-05,-0.000190317734260336
-0.0118306463713428,-1.29356032273233,151.67471197655,4.62409881812187,3.92702498606428,6.51066542943466,-21.079948560041,6.89748741647645,-5.32835765527234e-14,-1.80598228429266e-12,-1.34225096315443e-13,6.27567442457178e-13,-1.56521063471304e-13,5.82641113090407e-13,2.30073122012286e-13,2.93785314001496e-14,-1.80262001072545e-13,-5.35786692790197e-14,1.03343548996104e-13,-2.18764351252176e-14,9.82833877217343e-14,-4.88994695430067e-14,-2.79602187756856e-14,-1.95147598167772e-12,-7.94366742523644e-14,9.12811493058996e-15,-7.94098944587041e-14,6.36297221509596e-13,-1.08317868563468e-13,5.91766490410511e-14,6.28463982786133e-13,2.53273964301304e-14,-6.55916293501591e-14,2.8936217571357e-14,-8.23160983820515e-14,2.89713890898324e-13,-2.96635274937146e-14,-9.87044511879462e-13,-1.03925982403164e-13,1.76501174786736e-13,-6.51321444694597e-14,2.97075515229284e-13,-5.44308521865933e-14,2.15997203033714e-13,-1.28381272355548e-12,4.08960517360446e-14,1.52430151834082e-14,-3.4868131602514e-14,4.6194520647927e-13,3.88539515231573e-13,-1.6044412225825e-05,0.000107627395936142,-1.864064841185e-05,-2.04218602155212e-08,-5.90433888713852e-05,4.47416889775621e-05,-2.11056550244181e-05
-0.0375853339007725,0.371928655373869,4.62409881812045,6.29129756046852,-11.7734692231637,0.846844455069943,-2.66426538064248,2.02338367607799,-4.69871537511768e-14,-1.21988573756338e-13,-2.3147933223e-14,3.28244376124331e-14,-1.00709371397834e-14,1.6084356069257e-14,-9.88441099802895e-14,-3.66170852320047e-14,2.10631208655276e-14,3.62611416587777e-15,1.16399945238044e-14,-7.6588041464376e-16,-8.66738321739224e-15,-1.65340831304039e-14,-2.10852385898463e-14,-5.87342674496227e-14,1.48028291013791e-14,-6.75848266240564e-14,5.69076036294192e-15,-1.78459677591114e-16,-7.22321508161983e-14,-1.01795199873578e-14,3.34010163277609e-15,-4.96011651890393e-15,-2.01401395560907e-14,-1.65340831304039e-16,-4.09026111591881e-15,-6.27015800391817e-15,9.83609894922299e-15,5.23691333353948e-14,7.0681308028675e-15,8.71525074330748e-14,3.66178441735254e-15,6.29162520693338e-15,1.68398281430449e-14,-7.19454877617931e-15,-8.72389725563305e-14,-7.99983993979292e-15,1.14812673257525e-14,-4.89452228746856e-15,1.70181251903101e-14,-2.19494561415345e-14,3.31524504402702e-05,-1.864064841185e-05,0.00279337477853035,0.000118222377491747,-0.000400476596648512,3.4312428016699e-05,-7.66580704464446e-05
0.333058989163778,-2.23165310695193,3.92702498612624,-11.7734692231646,249.442957409111,-9.85891968260551,4.03864879429143,-32.1230499190297,9.26068249862411e-13,1.24217650054881e-12,4.09183104066457e-13,1.3988810110277e-14,6.30051566474776e-14,1.19970006151604e-13,2.41252851029827e-12,6.75147437956269e-13,-9.24923332368266e-13,-2.06824141146811e-13,-1.31561428418081e-13,-4.4207693061793e-14,2.62595500899465e-13,5.68017854973846e-14,4.21168308561981e-13,-1.03458908107257e-13,-3.29083982286704e-13,1.33293376336496e-12,-1.59372515184941e-13,4.04547922938647e-13,1.45972123277716e-12,2.08217991459758e-13,2.52778700748912e-13,8.14834311135826e-14,2.59625654308593e-13,2.94122365351868e-14,3.70285399564629e-14,2.67445787738296e-13,-2.18595974654789e-13,-1.66605444718027e-12,-2.27196733648682e-13,-1.50601753290402e-12,-1.32657773654898e-13,4.61731347600747e-14,-3.5095537587182e-13,2.39971887847079e-13,6.64741265504754e-13,1.48219110596148e-13,-1.7519319328585e-13,5.99190835837149e-14,1.55171014926125e-14,5.5186410996555e-13,1.51528146726344e-05,-2.04218602155212e-08,0.000118222377491747,7.73180803887249e-05,0.000112442997415151,-5.55660879739272e-06,3.47435979019546e-05
0.0284353619155365,0.154402563572378,6.51066542943129,0.846844455069911,-9.85891968260689,8.17321219758987,0.873397264184635,0.0665987528784719,-3.95607212353571e-14,-1.28431987267419e-13,-2.03539442245049e-14,7.78890840713586e-15,-6.7242218737551e-15,1.69030913398094e-14,-1.02851754890665e-13,-3.04194061433172e-14,1.27802499486074e-14,2.9921811556255e-15,2.20882340196127e-14,-7.35089072945172e-16,-6.3486000310975e-15,-2.12360511120391e-14,-1.93848843227373e-14,-8.66676522215393e-14,7.15660170014232e-15,-4.53595494498416e-14,1.89301699315969e-15,9.83870103443696e-15,-7.21714354945391e-14,7.84908162770881e-16,3.92130718087497e-14,2.53649098252984e-15,-2.00412603179601e-14,1.72518249685893e-15,-6.95933111485858e-15,1.25273055817665e-14,4.19494083567229e-15,1.37338057593084e-14,4.15162695888149e-15,5.75650638268144e-14,2.80331313717852e-15,1.00891517362811e-14,8.91214185783085e-16,3.550585932037e-15,-6.37151057825483e-14,-1.24401357270987e-15,8.63805554862651e-15,-2.53771070997388e-15,1.73736079776138e-14,5.02072342034587e-15,0.000118819941260243,-5.90433888713852e-05,-0.000400476596648512,0.000112442997415151,0.00247910189316314,-7.05581443278566e-05,-2.74833240783497e-05
-0.704122106526185,-0.902139778750365,-21.0799485600315,-2.66426538064193,4.03864879428967,0.873397264185815,77.7861154244221,-1.68033786578734,1.13385348202502e-13,3.07636050965107e-13,9.38507084546902e-14,-6.35760541434216e-13,8.47687805366482e-14,-1.15370115804508e-13,-1.09098494127657e-13,5.44875695127414e-14,1.05364556055726e-13,5.82709878613197e-14,-1.43000195018672e-13,2.1242556325074e-14,-5.9648683561897e-14,1.4443697973765e-13,-2.20326686582728e-14,4.05452255970717e-13,-4.26184695173637e-14,1.72851316593281e-13,-5.75472829111856e-15,-1.18931015209711e-13,-6.38352218307325e-14,-4.75051313390817e-15,-3.49584998535907e-14,2.85276901927645e-14,5.9609435443253e-14,5.72762323680642e-15,-4.82974120766255e-15,-1.00140382097713e-13,3.19143583088488e-14,1.31552104279398e-13,6.43256064733477e-14,-3.14262504907958e-13,2.62662070912856e-14,-5.25400035977786e-14,1.36427327768196e-14,6.88664213545701e-14,7.28680746926898e-13,7.88303070823476e-14,-8.08090573622966e-14,4.42230074174793e-14,-1.63649435257381e-13,2.37518229910527e-13,8.48639802900189e-05,4.47416889775621e-05,3.4312428016699e-05,-5.55660879739272e-06,-7.05581443278566e-05,0.000265131504632435,-4.532212360159e-05
-1.173498166453,4.55018217115393,6.89748741645283,2.02338367607805,-32.1230499190366,0.0665987528777405,-1.68033786577979,50.3974820093121,-1.49211806105276e-13,-3.75001462174507e-13,-7.94052323893624e-14,4.27019530846451e-14,-2.55867375897889e-14,5.04587691074754e-14,-3.06199510191618e-13,-9.09017869657469e-14,1.46230033290506e-13,4.10045261634018e-14,-3.79557496543725e-15,8.6389229103645e-15,-3.20750370708112e-14,-1.22107185474007e-14,-5.9611170166729e-14,-6.75245449832662e-14,5.4001941807158e-14,-1.74055214685609e-13,2.33250918579841e-14,-6.39245600897453e-15,-2.04586347862801e-13,-6.64323197147043e-14,-1.17404783811503e-13,-3.61837296236622e-14,-4.46170878021235e-14,-1.20897215849514e-14,-1.06273496947029e-14,-1.16221268720018e-13,5.39297339424705e-14,2.60675812532862e-13,4.21581172749264e-14,2.46663800496094e-13,2.20292534214295e-14,1.47538231631827e-14,1.1471552874287e-13,-3.79036537399846e-14,-2.25865550221305e-13,-2.92676039653772e-14,3.34142435942653e-14,-1.50463409093193e-14,2.24259629963419e-14,-1.00588374435384e-13,-0.000190317734260336,-2.11056550244181e-05,-7.66580704464446e-05,3.47435979019546e-05,-2.74833240783497e-05,-4.532212360159e-05,0.000380495798869595
-0.0438336653374415,7.69845884089626e-15,7.83574187522909e-14,1.29891757072453e-14,-1.51448298346679e-13,5.98859069972368e-15,-9.17535361924515e-14,7.45649202105181e-14,5.73625121766604,-1.29356032273378,0.371928655373977,-2.23165310695216,0.154402563572299,-0.902139778750044,4.55018217115375,-4.65966600613733e-14,1.71878050722944e-13,1.39274771321926e-13,1.65573973734639e-13,-1.49456529487968e-13,5.07020361758334e-15,-1.21008218670218e-13,3.32096456445922e-15,-7.35333836879567e-14,2.6710860848595e-14,5.86919293547872e-16,-1.53723575379704e-14,-2.26155119869268e-13,1.14658157507287e-14,7.76328988770522e-14,-2.0762399107665e-13,2.8052050223239e-14,5.28102867290497e-14,6.2926024447265e-14,-3.32103283002081e-14,1.01934013115281e-13,-1.80209839301346e-14,-2.77444071421122e-13,2.741605230548e-14,7.48364315395628e-14,-2.38028127227632e-14,-6.43156425071518e-14,-5.38072089325842e-14,-4.45758530471111e-15,-2.03928631001188e-13,-2.67204039982348e-14,-2.75049915060956e-14,4.56317152177171e-15,2.42438782791014e-13,9.85545778135337e-15,0.00282679630875494,-1.6044412225825e-05,3.31524504402702e-05,1.51528146726344e-05,0.000118819941260243,8.48639802900189e-05,-0.000190317734260336
0.244565803924695,1.41393380293994e-14,-1.96229875881401e-12,-7.13899967787202e-14,1.53993137685937e-13,-8.374339633202e-14,4.13069941749764e-13,-1.27095165988744e-13,-1.2935603227337,151.674711976556,4.62409881811776,3.92702498614734,6.51066542943264,-21.0799485600309,6.89748741646212,-6.83238771112772e-14,2.67557621657141e-13,-2.34362828258823e-13,5.98130653994388e-12,-4.82811228707202e-13,3.13358144241438e-13,2.81858320151207e-13,2.22028991990231e-14,1.62302683766773e-12,1.77781400288491e-13,-1.36393785263485e-13,1.27067988513115e-14,-2.07421970923521e-12,2.4776101902388e-13,4.68438044098125e-14,-4.2255089294233e-12,-7.56836378109339e-14,5.08484440737609e-13,-1.68840321900533e-12,2.67028715914848e-13,-4.03664738201688e-14,2.63397354062225e-13,-4.88409057644429e-12,-1.65835428876776e-13,2.46471734758865e-12,-1.26137563679308e-12,-2.92573594301054e-13,1.36619101109652e-13,-6.4489418291068e-14,5.29012994053073e-12,2.01224391297678e-13,2.38202698600479e-14,2.8021591016394e-13,-1.34988133732821e-12,7.82911488003219e-14,-1.6044412225825e-05,0.000107627395936142,-1.864064841185e-05,-2.04218602155212e-08,-5.90433888713852e-05,4.47416889775621e-05,-2.11056550244181e-05
0.0583008064366193,9.02229679855537e-15,-4.5594225010076e-14,-4.28888695391816e-15,5.89701898423556e-14,-8.0109530120609e-15,2.66462199527417e-14,9.1175331173865e-14,0.371928655373968,4.62409881811786,6.29129756046841,-11.7734692231625,0.846844455070008,-2.66426538064048,2.02338367607826,2.13534405611661e-14,7.96421640218519e-14,-8.78107388539685e-15,9.61695953178177e-13,1.18081069316151e-13,-9.3326193995894e-14,-1.86858085496106e-14,1.21613373736088e-14,5.6042593297244e-13,1.64595027264311e-14,2.09788295676278e-13,-3.26055761573239e-15,-5.98625112696073e-13,6.56306877334228e-15,9.48096758530121e-14,-1.94208427877603e-13,4.86943122339511e-14,-8.24043253338375e-14,-1.10936020298377e-13,1.4918390526351e-13,1.15237142643218e-13,1.06295979848427e-13,2.10861748153629e-13,8.42456064016118e-14,6.38231804103544e-14,1.51191850228052e-13,-6.1537347017466e-14,9.40688092742129e-14,-2.51743699755718e-14,9.19154837038897e-13,-4.72814987591388e-15,1.75499331321778e-14,3.39267603607593e-14,-6.39088214023161e-13,-1.48586324789771e-14,3.31524504402702e-05,-1.864064841185e-05,0.00279337477853035,0.000118222377491747,-0.000400476596648512,3.4312428016699e-05,-7.66580704464446e-05
-0.146582087749285,-2.03743272253476e-15,-9.32066923642338e-15,-9.56179579958416e-15,3.67428309999696e-13,-1.04222186436687e-14,-1.18597839882106e-13,-9.02611319020252e-14,-2.23165310695191,3.92702498614453,-11.773469223163,249.442957409099,-9.85891968260566,4.03864879426272,-32.1230499190272,-1.04403166884329e-13,3.22341977803254e-13,-3.10001332872074e-13,3.92725825817952e-12,-8.27892191379489e-13,6.55935165395655e-13,3.99208633814971e-13,1.14297541700323e-14,-5.54516249405687e-12,-3.61007203948313e-14,-3.45201298102005e-12,-8.86982680229145e-14,3.53574338725479e-12,2.65348290215406e-13,-1.16023242581345e-13,-3.96089386367016e-12,-1.42729252895768e-13,1.03840037696951e-12,-8.77229695540839e-13,-4.96062253638662e-13,4.28439564641864e-14,1.06387187403276e-13,-9.2977492838122e-12,-4.72158058907168e-13,2.56719580489506e-12,-2.07082419110714e-12,1.20632041004541e-12,-6.30012887562273e-13,-7.66444835048163e-15,9.51644078514872e-13,1.24319296719057e-14,7.00339309114839e-14,1.59048445461519e-13,7.15768120128195e-13,7.80544384551898e-14,1.51528146726344e-05,-2.04218602155212e-08,0.000118222377491747,7.73180803887249e-05,0.000112442997415151,-5.55660879739272e-06,3.47435979019546e-05
0.031494099997542,5.70808049264737e-15,-1.93818106095783e-13,1.18760253367545e-14,-1.62543589699027e-13,-3.18701228602114e-15,1.05085753467071e-14,-4.46734663150927e-15,0.154402563572338,6.51066542943299,0.846844455069795,-9.85891968260477,8.17321219759008,0.87339726418668,0.0665987528778096,3.89980365073423e-14,2.50649798420711e-13,7.10244656395632e-14,8.44326981919684e-14,1.66759327311137e-13,-6.08176611327876e-14,-2.01800442946754e-13,-1.85415274984741e-14,4.71485861818798e-13,-1.58117122571618e-14,2.46773467545841e-13,2.31691962910749e-14,-3.85946450071463e-13,4.27343029669666e-15,-7.5834014322917e-15,2.28911864934952e-13,-2.45694167153021e-14,-4.82974798392613e-16,-8.02789451803893e-16,7.26890094712447e-14,-4.47482017260949e-14,-6.17192508368998e-14,1.10669873123108e-12,-1.2738351040355e-14,-1.64703848975177e-13,-4.58375547059326e-14,-1.94482941197292e-13,1.82267754762853e-13,1.41015769300339e-14,7.51189747157097e-13,6.7597463932113e-14,3.9550124853187e-14,9.8042060411765e-15,-2.5514228679004e-13,2.2246432245589e-14,0.000118819941260243,-5.90433888713852e-05,-0.000400476596648512,0.000112442997415151,0.00247910189316314,-7.05581443278566e-05,-2.74833240783497e-05
-0.153923871689216,4.15604237222894e-14,4.5970464847972e-13,2.18211841825078e-13,-4.06382046069798e-12,1.7388217601888e-13,-1.96387068933379e-13,6.71794651158075e-13,-0.902139778749864,-21.079948560018,-2.66426538063952,4.0386487942548,0.87339726418647,77.786115424419,-1.68033786578108,8.99535462073806e-14,7.47584509653452e-13,1.14681859437327e-12,-1.47584478682071e-11,7.96829669435859e-13,-3.63152172638639e-13,-6.43145045819147e-13,-7.27393996518592e-13,1.07436803685277e-11,-1.21132941730603e-12,4.55472276919295e-12,7.83515365319887e-13,-3.75447459770763e-12,-3.22549353491599e-13,-6.65110442088427e-13,6.72577386596633e-12,-2.05383165732326e-13,-1.44042682173758e-12,-5.74709694672148e-13,-2.55856940769616e-13,-3.84092721854529e-13,-1.80998259665057e-12,2.22543185181041e-11,-5.4463247808694e-13,-8.31969460704063e-12,4.31433289303277e-13,-2.84529532443975e-12,8.0675923264746e-13,5.54322025685265e-13,-2.75729467399628e-13,9.91523814751599e-13,1.50270738743846e-13,-3.5819719697445e-13,1.29309239515318e-12,3.81468672440967e-13,8.48639802900189e-05,4.47416889775621e-05,3.4312428016699e-05,-5.55660879739272e-06,-7.05581443278566e-05,0.000265131504632435,-4.532212360159e-05
-0.0172529770816664,1.0323773086407e-14,2.77620808286638e-14,2.38706623911789e-14,-4.65558147588752e-13,1.10150603915837e-14,-1.10170770076246e-13,1.24324162076306e-13,4.55018217115364,6.89748741646345,2.02338367607852,-32.1230499190277,0.0665987528779407,-1.68033786578373,50.3974820093108,4.83010901054407e-14,-7.73333965766419e-15,-1.21434656560481e-13,-2.62420835929478e-14,1.16658961137051e-13,-4.56213537813107e-14,-9.13059673712541e-14,8.45855063237849e-15,1.47653472243071e-12,-2.10349858191516e-14,7.13774417175628e-13,3.18029633118895e-14,-1.00991526881707e-12,-5.3136179267374e-14,-5.72856725502614e-15,2.41813758873301e-14,-1.04949531087395e-13,7.59249027581024e-14,-7.76119154092592e-14,1.14904475111865e-13,-7.90765497245098e-14,-1.35291969040861e-14,1.38831926318773e-12,1.54536883710163e-13,-2.91440266017573e-13,1.46562004984293e-13,-3.63992630863217e-13,1.23429586863788e-13,3.65655176544176e-15,6.25698223489946e-13,3.48447052122918e-14,-2.35974095623946e-14,9.0431520202662e-15,-2.1436201672871e-13,2.66027332812297e-14,-0.000190317734260336,-2.11056550244181e-05,-7.66580704464446e-05,3.47435979019546e-05,-2.74833240783497e-05,-4.532212360159e-05,0.000380495798869595
-0.102429656615768,6.14559672682674e-16,-6.83649914023227e-14,8.2097143753318e-15,-1.45244927196586e-13,2.11235109265351e-15,7.20015952242192e-15,-1.81865156614891e-14,8.79847450970207e-15,-6.31776670700497e-13,-5.48155628515936e-14,-3.40965069492351e-13,-8.44669735919373e-15,3.10684085579154e-14,2.27269379429404e-15,5.73625121766608,-1.29356032273401,0.371928655374061,-2.23165310695142,0.15440256357209,-0.902139778749961,4.55018217115361,3.07369249139249e-14,-3.93146218052905e-13,5.68585127761698e-14,-1.24985816780856e-13,-3.6905149596542e-14,-1.42096130390167e-13,-1.46693998128464e-14,1.70594470970719e-14,-6.35456979754876e-14,6.5141087178619e-14,1.97024750911456e-13,1.36951522630873e-13,-3.05083830898384e-14,-8.15362160892731e-14,3.49428153709761e-14,-3.90703865253342e-13,3.50205934037342e-14,1.08953848005321e-16,1.04276612538712e-13,4.97640284489727e-15,6.28972107686795e-15,-2.2065148712353e-14,-7.83528358871472e-13,-8.03385709265107e-14,-1.36501807375248e-14,-1.55632782481208e-14,3.36548949514285e-13,-5.28302115909471e-14,0.00282679630875494,-1.6044412225825e-05,3.31524504402702e-05,1.51528146726344e-05,0.000118819941260243,8.48639802900189e-05,-0.000190317734260336
0.567228422554217,3.95275039912976e-14,-3.82810916212811e-14,1.26157710580305e-13,-2.88353629168681e-12,1.21936261001515e-13,7.37335539846562e-14,4.44765535165259e-13,3.54026648914184e-13,7.52740190965633e-12,2.44626839782669e-13,1.1628631576817e-13,-4.76112253920989e-13,-2.88279563967204e-12,9.31793351482133e-13,-1.29356032273336,151.674711976556,4.62409881811773,3.92702498614398,6.51066542943211,-21.0799485600276,6.89748741646291,-3.9535734266339e-13,4.77330471962911e-12,-6.074541316109e-13,-2.87794642988854e-13,5.26830736247345e-13,-1.02029214578707e-12,4.57373717146895e-13,-2.93903726414961e-13,-4.70206370165213e-13,-3.70978121373042e-13,8.87563858333377e-13,-1.95621797858356e-12,2.52832799710932e-13,-3.85952698845273e-13,-8.00591128508219e-13,4.34447466210477e-12,-7.87634028721077e-13,-5.75074909973895e-13,-2.19791546804999e-12,-9.73497413410492e-13,2.56240782325873e-13,2.83772782873773e-13,6.2278311051244e-12,8.9234328004003e-13,1.07075588867201e-13,1.4279838682495e-13,-1.71880961991066e-12,3.67971893075959e-13,-1.6044412225825e-05,0.000107627395936142,-1.864064841185e-05,-2.04218602155212e-08,-5.90433888713852e-05,4.47416889775621e-05,-2.11056550244181e-05
-0.306342909396979,-7.27025319287311e-15,-1.04052942477562e-13,-6.39451599310226e-15,1.33455746453848e-13,-6.96751684126085e-15,3.14990546666782e-14,-1.20465703384864e-13,6.65708013959487e-14,-3.27542917541645e-13,-1.33347136289461e-13,4.22129352143936e-13,1.72259379264795e-13,1.40128225414196e-13,-1.04714947853752e-14,0.371928655373852,4.62409881811729,6.29129756046837,-11.7734692231615,0.846844455069795,-2.66426538064051,2.02338367607807,2.34496895574923e-14,1.52500641915953e-14,4.68183358496243e-14,-3.61260771731403e-14,-1.60162237035951e-14,-3.26376402930807e-13,9.46749053936866e-16,8.00891238263602e-14,-1.68978054571718e-13,-3.37363331664146e-14,2.9246437967278e-13,-1.38839803386369e-13,1.00205581611795e-13,2.7492692164185e-14,7.11959348601197e-14,1.18764645445134e-13,8.92641440534373e-14,6.63986755660394e-14,2.90721522139411e-13,2.94394601741115e-15,8.21093410277585e-16,-2.90159827169395e-14,1.15293453155323e-13,-4.664894408325e-14,-4.64820934157175e-14,1.35164878629268e-14,-1.94838196900357e-13,1.03378783025611e-14,3.31524504402702e-05,-1.864064841185e-05,0.00279337477853035,0.000118222377491747,-0.000400476596648512,3.4312428016699e-05,-7.66580704464446e-05
0.860847661758378,4.39839137333919e-15,4.73024397429356e-14,3.22797344409764e-14,9.30366894635881e-14,-9.44556932669371e-15,-2.82761661307696e-13,2.77347589339172e-14,-2.79804001826868e-14,-3.37205109213028e-12,-1.76157143884879e-13,3.31785705680321e-13,-1.92512831712196e-13,1.7516099282014e-12,-4.41987795646824e-13,-2.23165310695148,3.92702498614505,-11.7734692231627,249.442957409095,-9.85891968260431,4.03864879426563,-32.1230499190264,4.31610551064523e-14,-2.11331514489649e-12,-2.88772776307553e-14,1.35662705028072e-12,-2.04088400910032e-13,9.49748472141992e-13,-1.98525982979258e-13,-1.32493704220048e-13,4.11385713295904e-13,6.56492072617816e-14,-2.22612401602762e-13,1.48419915002888e-13,3.23199009127418e-13,-5.69038224743426e-14,3.97673871100918e-14,-3.24014370835148e-12,-5.34789972180504e-14,-5.30855958150167e-13,-8.34055386062828e-14,4.28312123452752e-13,-4.29777741173254e-15,3.33076182398319e-15,-2.54078084441868e-12,-1.28759526437793e-13,-6.71298953924815e-14,-1.2991882316325e-13,3.3055083667531e-13,-1.55865073723106e-13,1.51528146726344e-05,-2.04218602155212e-08,0.000118222377491747,7.73180803887249e-05,0.000112442997415151,-5.55660879739272e-06,3.47435979019546e-05
-0.00776706317976951,2.81188375535202e-14,-5.50990839325721e-13,3.1376594031296e-14,-4.14040329799192e-13,-1.45901086351374e-14,4.87240456314986e-15,4.99882253646167e-14,2.38109054714176e-13,1.31069732441409e-12,3.1663565405694e-15,-4.72039423472575e-13,-1.13583774140726e-13,-6.23422614420005e-13,5.44258843383576e-13,0.154402563572358,6.5106654294324,0.846844455069956,-9.85891968260455,8.17321219758996,0.873397264186968,0.066598752877486,-5.03277189227333e-14,8.93282759036650e-13,-2.40577270764811e-14,-7.96814057877487e-14,8.57005997878567e-14,-3.23123033448423e-13,9.38318619716138e-14,-8.31494604292953e-15,-1.23914801005535e-13,-2.98557897849395e-14,2.55485696075593e-13,-2.92680403673395e-13,3.28088020724411e-14,-1.11913474296651e-14,-2.00396611515194e-13,7.88764470210395e-13,-1.71500695030313e-13,-6.62304548227147e-14,-3.54318122295166e-13,-1.96370064429326e-13,1.27832789384268e-14,5.23749251481648e-14,1.07490628497143e-12,1.5036070862474e-13,1.56427825472602e-14,2.11597948004406e-14,-2.10726198265174e-13,7.27140587765938e-14,0.000118819941260243,-5.90433888713852e-05,-0.000400476596648512,0.000112442997415151,0.00247910189316314,-7.05581443278566e-05,-2.74833240783497e-05
1.38117102284002,1.1090224062444e-13,-1.75095100094294e-13,4.48289734326923e-13,-9.27773829983991e-12,3.61997541317716e-13,-2.36292945930347e-13,1.45595124498299e-12,-3.4348428182332e-13,2.77609731042276e-11,9.76182384557054e-13,3.6546903470127e-14,-1.78501992593714e-12,-9.26142121352746e-12,1.73808537346138e-12,-0.902139778750075,-21.0799485600226,-2.66426538064037,4.0386487942658,0.873397264186727,77.7861154244148,-1.68033786578352,-1.62552436111128e-12,1.83205241453278e-11,-2.43613529651539e-12,2.26299298852935e-13,1.93904982728821e-12,-4.60889266238696e-12,1.39332990606897e-12,-1.32797925513061e-12,-2.31755025421586e-12,-1.14290043161163e-12,-5.85650231516846e-13,-7.70237811369458e-12,3.85221014950655e-13,-3.72875292162835e-13,-2.85667308275116e-12,1.6417038248033e-11,-3.06223511865442e-12,-6.82088225825847e-13,-8.18116042552948e-12,-3.66683877634534e-12,1.02191761344779e-12,1.1302237362517e-12,2.33245513700192e-11,3.31027613265112e-12,1.46659317211471e-13,4.0587000454702e-13,-6.20385594795782e-12,1.42914321706749e-12,8.48639802900189e-05,4.47416889775621e-05,3.4312428016699e-05,-5.55660879739272e-06,-7.05581443278566e-05,0.000265131504632435,-4.532212360159e-05
0.0889959088728034,1.81111636105014e-14,-1.69995528070954e-13,6.57655353786257e-14,-1.63434543676289e-12,5.88977651372335e-14,1.53426533630596e-13,2.38642439143177e-13,-4.7182722223753e-14,1.25791200948687e-12,-4.73765881601053e-14,1.51477571805336e-13,-1.80714345465499e-13,-1.29317488893599e-12,2.60771764425127e-14,4.55018217115345,6.89748741646291,2.02338367607845,-32.1230499190264,0.0665987528773999,-1.68033786578378,50.3974820093106,-1.58818122803601e-14,2.70227051760825e-13,-7.82699066963124e-14,-4.46528122637069e-13,6.60931236769104e-14,-2.19860631267457e-13,6.76725792373919e-14,1.42223755067791e-13,4.89508035512586e-14,-6.45250945908874e-14,-3.3547914880111e-13,1.50694149761871e-13,-5.9794189210917e-14,1.46340442341115e-14,-1.37669154513594e-13,9.54114949007945e-13,-9.73876868024296e-14,2.83584896017264e-13,-4.17985082513234e-13,-2.25808392438024e-13,4.03626141027864e-14,4.1601059280901e-14,7.28429561212214e-14,8.5647629523709e-14,4.85244507878076e-14,1.45848803242705e-15,1.45462275215577e-13,-3.10566103948117e-14,-0.000190317734260336,-2.11056550244181e-05,-7.66580704464446e-05,3.47435979019546e-05,-2.74833240783497e-05,-4.532212360159e-05,0.000380495798869595
0.00381928276826227,-2.43541623499988e-15,1.60982067520105e-13,9.48568480707568e-16,1.40724237818191e-13,-7.49183701187484e-17,-1.28092089886345e-13,-2.56253351871294e-14,-1.63885269770445e-14,-8.97025022383662e-14,-1.34164072673791e-14,-7.86878090355651e-14,5.27852573289748e-15,1.2062761637971e-13,2.55893989673092e-14,-8.90229218814326e-15,-1.9914814392561e-14,-1.68981963364072e-14,-2.1378718565411e-14,-2.41275144386428e-14,-4.96226057105167e-15,2.26056788237938e-15,5.73625121766603,-1.29356032273353,0.371928655373847,-2.23165310695152,0.154402563572282,-0.902139778750052,4.55018217115356,2.13107264895811e-14,-1.15152352527615e-14,6.51032191413439e-15,4.51435797652142e-14,5.59322928362591e-15,-4.22886746982514e-15,9.26763777414521e-15,1.11386478984232e-15,-3.72284380379491e-14,1.33235364574598e-14,-1.71295337397966e-14,-8.412313009612e-15,2.41182573214413e-15,4.39807881818166e-15,-3.68269166541517e-15,-4.29225210464453e-14,-1.45502925809023e-14,-2.7842244026792e-15,1.00819891198e-15,-5.96133714994798e-16,8.13847890446771e-15,0.00282679630875494,-1.6044412225825e-05,3.31524504402702e-05,1.51528146726344e-05,0.000118819941260243,8.48639802900189e-05,-0.000190317734260336
0.0626791725475627,4.12586631526324e-14,-1.38368098446043e-12,3.84520974089364e-14,-1.85462409318937e-12,1.93830411790441e-14,-9.55247166090079e-15,1.58994345467178e-13,3.0019814856439e-14,8.7013011440464e-13,1.0479406496619e-14,5.65144583691488e-13,-1.98757019050677e-13,-2.07830170436836e-13,-2.05400881849935e-14,2.68672253011801e-14,2.78925767785727e-13,-1.48016113644625e-13,1.53913260446132e-12,-3.95907651340073e-13,-1.32736923695743e-13,9.92418173600138e-14,-1.2935603227337,151.674711976555,4.62409881811739,3.92702498614414,6.51066542943242,-21.0799485600274,6.89748741646281,-1.39869489565457e-13,-9.10904144586006e-13,-1.51724015829582e-13,3.17128478154443e-13,-1.02194519305231e-12,8.18601134414901e-14,-9.58960880403361e-14,-1.95216983549273e-13,-4.87505516217588e-13,-3.11633631006487e-13,-6.53146360238797e-14,-7.83508732628394e-13,-2.06556349139438e-14,-1.89762485239275e-15,1.27447633338756e-13,1.14135063903908e-12,2.53674151793498e-13,9.77904619802773e-16,2.84022629303636e-14,-3.91201802094654e-13,4.59215104940821e-14,-1.6044412225825e-05,0.000107627395936142,-1.864064841185e-05,-2.04218602155212e-08,-5.90433888713852e-05,4.47416889775621e-05,-2.11056550244181e-05
0.0200583599543288,-1.58098360791836e-15,5.1461005595721e-14,-9.48460060490319e-16,6.75848266240564e-14,-2.46330733588707e-16,-7.62460840991741e-14,-2.83696677261247e-14,-6.37420753115889e-15,2.66784364273741e-14,-4.16108941804516e-14,1.09300169284267e-13,-8.20861323250037e-16,1.67521847969595e-14,-2.75106340160737e-14,-1.47197690505713e-14,6.14042425660686e-14,-6.38731629775389e-14,-1.84235629139759e-14,1.08275158621168e-14,9.9333798361822e-16,9.48887812128683e-15,0.371928655373841,4.62409881811773,6.29129756046835,-11.7734692231625,0.84684445506976,-2.66426538064059,2.02338367607821,5.35745967446093e-15,6.28059472037776e-16,6.07455353244168e-15,2.18383796289634e-14,-6.91782226527838e-15,6.80349674607981e-15,-2.04203821007557e-14,5.05265529190794e-15,2.91184469690799e-14,1.52119036632556e-14,-6.21041846421422e-14,-1.78956462414679e-15,1.16640460243417e-14,2.50188019986549e-14,-6.66722725019584e-15,7.76464843061444e-14,-1.51494841113065e-14,-4.28508750292995e-14,9.09123829244006e-15,-4.49886904734464e-14,1.40840775999206e-14,3.31524504402702e-05,-1.864064841185e-05,0.00279337477853035,0.000118222377491747,-0.000400476596648512,3.4312428016699e-05,-7.66580704464446e-05
-0.18788647686186,8.72045491373541e-15,-1.09807996029332e-13,5.02722863338079e-14,-8.65307825392847e-13,2.41542896795011e-14,1.87662385631171e-14,1.23262511309008e-13,4.39226224293286e-15,-4.39450654142991e-13,2.43262576965844e-14,1.04070831813408e-12,-1.08969365648914e-13,1.2333605409762e-13,-2.40274922354289e-13,3.1903258789108e-14,-1.5228428801718e-12,-8.4561575948959e-14,1.92814991403778e-12,-2.67682550387713e-13,-1.35445853751553e-13,-3.41697590361401e-13,-2.23165310695152,3.92702498614399,-11.7734692231625,249.442957409094,-9.85891968260466,4.03864879426607,-32.1230499190263,-9.5109433295628e-15,-3.41408413313208e-13,7.29803587354305e-15,-2.13097334916812e-13,-5.59452793336482e-14,1.05973545639747e-13,2.83037482340376e-14,2.60709490562845e-14,-2.63927470373418e-14,8.11172960399342e-15,7.70548121836745e-13,-4.45344173864715e-14,-2.40390660936202e-15,-5.71590301132185e-14,9.68844247179173e-15,-2.20871088210456e-13,3.7566155156217e-14,2.73429282687809e-14,-1.53140846358146e-14,-1.10305055291571e-13,-8.25671453950905e-15,1.51528146726344e-05,-2.04218602155212e-08,0.000118222377491747,7.73180803887249e-05,0.000112442997415151,-5.55660879739272e-06,3.47435979019546e-05
0.00425048045949014,1.159445803256e-15,-2.9769589571238e-14,-1.85094994886725e-15,2.0566881531181e-14,-2.1618991319361e-15,-1.85233772764803e-14,-4.78957151717196e-15,3.66927832959514e-15,9.85783972270435e-14,3.26705774656962e-15,2.2134109324036e-14,-1.61372575119777e-14,-3.54437171717111e-14,9.05391823254227e-15,2.23122920218533e-15,1.53447925024163e-13,2.16089328031123e-15,3.93266284337904e-14,-8.4884631773943e-15,-2.26561077773415e-14,1.75524640666242e-14,0.154402563572272,6.5106654294323,0.846844455069735,-9.85891968260464,8.17321219759003,0.873397264186903,0.0665987528777165,-8.57594368139554e-15,-1.02979984879209e-13,-1.343136798681e-14,-2.19151004851939e-14,-6.08480885679562e-14,4.72751703642317e-15,4.36560611608277e-15,-1.33345419565435e-14,-3.59471410395164e-14,-2.98871408036579e-14,6.73516960519177e-14,-6.53334147443204e-14,-4.23328728774391e-15,-8.68682770572941e-15,8.40259171835548e-15,1.50828851082133e-13,1.8840428273143e-14,2.90031907724305e-14,7.45829704826241e-15,-9.95814347966989e-15,2.64186442226711e-15,0.000118819941260243,-5.90433888713852e-05,-0.000400476596648512,0.000112442997415151,0.00247910189316314,-7.05581443278566e-05,-2.74833240783497e-05
0.160536209063557,-8.90813030979265e-15,5.3972072037306e-13,6.08931308154759e-15,2.44852749187174e-13,1.80903469287896e-14,-2.54224809606574e-14,-2.01401395560907e-15,-6.25619480342554e-14,1.01853441626097e-12,-8.78185171575231e-14,1.43516353179806e-12,-1.2648678203328e-13,-1.22746337138951e-12,-2.27820405701812e-13,-1.15563020570224e-14,4.11698931362602e-13,-8.09213074390162e-14,1.60046846923393e-12,2.99635997149495e-14,-7.27136259427578e-15,4.74993189989977e-14,-0.902139778750069,-21.0799485600273,-2.66426538064056,4.03864879426529,0.873397264186942,77.7861154244158,-1.68033786578366,-1.94409281518133e-15,-8.91888124688831e-13,-2.81724511391914e-14,4.72674877754001e-15,-3.40672526335226e-13,5.68074428304393e-14,3.59968275686858e-14,-6.04903285325738e-15,-1.2256723295399e-12,-1.7115580015485e-13,1.14701217274193e-12,-6.43123657390195e-13,1.27506015508162e-13,-3.41439082682162e-14,-2.39410704696722e-15,1.83073468537674e-12,1.15420303988941e-13,-5.5879441156724e-16,7.26655791634951e-14,-6.42116123557898e-13,6.23243924561211e-14,8.48639802900189e-05,4.47416889775621e-05,3.4312428016699e-05,-5.55660879739272e-06,-7.05581443278566e-05,0.000265131504632435,-4.532212360159e-05
0.0455925631304926,-4.35979377599871e-15,4.18381041616955e-13,2.31585584042904e-15,2.95347080125907e-13,6.13398221105399e-15,-3.32394702040606e-13,-5.63160629241111e-14,1.14163100630935e-14,2.04407113150063e-13,-2.93247244792082e-14,-1.47764396205008e-13,9.20462911078133e-15,-1.15083740741305e-14,5.97536072271393e-14,2.11525438278352e-14,2.15908273891615e-13,3.24695138668746e-14,-2.53214821072795e-13,1.75534754239632e-14,-3.52253050675804e-16,1.09365011350445e-13,4.55018217115355,6.89748741646283,2.02338367607818,-32.1230499190262,0.0665987528777213,-1.6803378657838,50.3974820093106,-6.7619118752926e-15,-3.54985434968045e-14,5.96786888570205e-15,9.34983969587411e-14,-7.11557921688043e-14,-2.69922913569685e-14,-2.81882739264043e-14,-2.3936340478876e-14,-1.45514246404363e-14,-3.85778580846811e-14,-5.46450905358764e-14,-7.09496955002102e-14,9.32935810039632e-15,1.14434286699328e-14,2.13094543519734e-14,1.57129391522594e-13,1.81232829579107e-14,1.49822916659798e-14,6.74960067492073e-15,-1.44400033854557e-14,4.24518479722434e-14,-0.000190317734260336,-2.11056550244181e-05,-7.66580704464446e-05,3.47435979019546e-05,-2.74833240783497e-05,-4.532212360159e-05,0.000380495798869595
0.0428415200006575,-5.60453918517501e-15,8.49359916166997e-14,-4.5468999659154e-15,4.83658252337094e-14,3.87729670418835e-15,-8.98638260159179e-15,-2.39449302399941e-14,3.05970182056259e-14,8.66388141007594e-13,1.43727943015882e-13,1.08271607012021e-13,2.62217351086976e-14,-2.57057690943405e-13,-2.35881400573363e-14,9.03232166377321e-14,2.57017343958331e-14,-1.36038876393942e-13,-9.5259984931673e-15,7.96047309359952e-14,-6.11530900180183e-14,1.4796057284724e-13,-2.78889653053713e-14,4.40500611038117e-13,-4.57129303248866e-14,1.51217387000862e-13,2.75740809131087e-14,-1.43973581988251e-13,-1.28461008310258e-14,5.736251217666,-1.29356032273367,0.371928655373781,-2.23165310695165,0.154402563572214,-0.902139778750012,4.55018217115349,-1.44186262855702e-16,4.7981991184282e-13,2.52691223633043e-14,-9.96878090058634e-14,-6.532731372482e-14,-8.71657388023949e-14,1.05011167769143e-13,7.4866171448676e-15,8.70201195920648e-13,5.71647458783117e-14,2.18493673403552e-14,2.72359797712782e-14,-2.75253948231559e-13,3.97284197299303e-14,0.00282679630875494,-1.6044412225825e-05,3.31524504402702e-05,1.51528146726344e-05,0.000118819941260243,8.48639802900189e-05,-0.000190317734260336
-0.0220039096225972,-1.84749540969517e-14,4.35660486635889e-13,-4.48198336083783e-14,1.25516090576649e-12,-3.11252217576052e-14,-2.77504256553096e-14,-1.56534832838895e-13,-2.29648364714801e-13,-2.32981323202266e-12,-2.95181727012625e-13,1.23360914175809e-12,7.25448082000239e-14,1.48949637253178e-12,-6.70169355656796e-13,-6.0438909251927e-14,-3.63376518261505e-13,-2.04326992356522e-13,6.38111813416236e-13,-1.16426381348086e-13,-2.25134840626334e-13,1.02063203215671e-14,1.36954021801584e-13,-2.18896013545278e-12,1.99491673383962e-13,1.95027506514137e-14,-1.9759257003556e-13,8.85370187313226e-13,-2.16961289158015e-13,-1.29356032273356,151.674711976555,4.62409881811755,3.92702498614452,6.51066542943337,-21.079948560027,6.89748741646281,3.75605839796479e-13,-1.1229338211014e-12,4.40038535983604e-13,2.64364268323658e-14,9.33264277875753e-13,4.54658469601726e-13,-3.29406992371909e-14,-8.65954708332488e-14,-2.64596627345396e-12,-3.83957397409186e-13,-1.91377764364195e-14,-7.55121525232211e-14,4.01181258683518e-13,-8.66008123222758e-14,-1.6044412225825e-05,0.000107627395936142,-1.864064841185e-05,-2.04218602155212e-08,-5.90433888713852e-05,4.47416889775621e-05,-2.11056550244181e-05
-0.174767311556066,-5.19715021886358e-15,6.2053281350144e-14,3.67924007232956e-15,-9.21519804908399e-14,8.79862589037161e-15,-2.58440729754283e-14,-3.18490893380652e-14,-3.69365769541048e-14,1.01179559820959e-12,-2.41971224415778e-14,6.41790291158913e-14,2.5578160534165e-14,-1.7307619028825e-15,3.77237845995693e-14,-3.16830500751566e-14,7.07632683660194e-14,-9.25889486947024e-14,4.33527820305028e-13,-2.81717238767028e-13,-6.74992365917143e-14,-2.34694338954928e-14,-1.39008635263965e-14,6.53445208073907e-13,3.14919226492624e-16,5.18752521407734e-14,3.51351193521039e-14,-3.44343911235761e-13,4.31034263728529e-14,0.371928655373881,4.62409881811756,6.29129756046842,-11.7734692231628,0.846844455069832,-2.66426538064046,2.02338367607824,-4.27691524435155e-14,3.33565934413202e-13,-6.46165584790813e-14,4.98592933975174e-14,-1.82254254328223e-13,-1.16033833563681e-13,5.17883075968695e-14,2.47269748490681e-14,5.91639321330734e-13,6.63196450097804e-14,1.49301669524716e-14,1.29219467022218e-14,-2.93951603218534e-13,7.29365180041465e-14,3.31524504402702e-05,-1.864064841185e-05,0.00279337477853035,0.000118222377491747,-0.000400476596648512,3.4312428016699e-05,-7.66580704464446e-05
0.644706476985986,-1.15619319673854e-15,2.38645908590129e-14,2.42236786185401e-14,-3.32567307026466e-13,1.34545152796761e-14,-1.20759305333173e-13,6.19643225618915e-14,4.15947929311572e-14,-1.91717030028097e-12,-2.24131260426197e-13,-2.89615228500628e-13,-7.56952179159932e-14,-9.61581515638871e-14,3.75764957344371e-14,-6.22658239394667e-14,2.80972570174966e-13,1.85497894578416e-13,-4.95536012397324e-13,6.38040520347131e-13,-3.29145365070326e-14,-9.47284649810073e-14,3.93571859943955e-14,-8.40282995907739e-13,-7.97265357031784e-15,-4.12637589028431e-13,-2.07015800985852e-14,8.54364471422446e-13,7.87796477358382e-14,-2.23165310695159,3.92702498614382,-11.7734692231627,249.442957409097,-9.85891968260544,4.03864879426619,-32.1230499190267,-8.70797388325762e-14,3.1611550806469e-14,-1.39249973585363e-13,3.44265523206932e-13,-1.03553233696263e-13,2.86499621092061e-13,-5.10345075661195e-14,-3.94741578562795e-15,-6.14910844919309e-13,4.59280491649184e-14,-2.85846541749069e-13,-6.16527474214747e-14,-1.02649067529683e-13,-1.19815703853669e-13,1.51528146726344e-05,-2.04218602155212e-08,0.000118222377491747,7.73180803887249e-05,0.000112442997415151,-5.55660879739272e-06,3.47435979019546e-05
-0.234570136114504,-1.94995115974234e-14,4.74570686567755e-13,-2.22291803020358e-14,2.28546348512992e-13,1.77929502728769e-14,1.62617857547842e-14,2.60208521396521e-18,1.0365527204965e-14,-5.54972600497415e-14,-9.69563441678863e-14,8.64758344955568e-13,6.26361450499404e-14,1.31438499691116e-13,-3.23662298880117e-13,6.26593963161008e-14,-6.33433366692513e-16,-4.1343604463616e-14,-1.46072000659471e-13,-8.39721984599191e-14,-1.3212626720382e-13,3.44030026448256e-13,1.43933325053367e-14,-1.5545592335178e-13,6.57826157980071e-15,1.57492901641139e-13,-3.69716184953745e-14,-5.32604498004063e-14,-6.20586667856226e-14,0.154402563572264,6.51066542943254,0.846844455069792,-9.85891968260528,8.17321219759032,0.873397264186874,0.0665987528778553,1.28229147969903e-13,-3.55637807356164e-13,1.26999829465915e-13,-8.56140855366901e-14,2.34499642502771e-13,7.52879315465475e-14,2.63703320044586e-14,-2.6873259484487e-14,-3.16434303340419e-13,-7.39586829541795e-14,6.16996671175219e-15,-1.07637620744572e-14,5.25696143873069e-14,7.76822873300336e-15,0.000118819941260243,-5.90433888713852e-05,-0.000400476596648512,0.000112442997415151,0.00247910189316314,-7.05581443278566e-05,-2.74833240783497e-05
0.317102175199348,-7.19820253750059e-14,-5.09631670631699e-14,-3.03236439864324e-13,6.15422383193343e-12,-2.50155582012801e-13,1.6033008254368e-13,-9.74529701727733e-13,2.74346007626609e-13,-1.92090128189028e-11,-7.00840721491153e-13,4.41988617268783e-13,1.18116968541807e-12,6.19837417943532e-12,-1.22468376543398e-12,6.07572694835934e-14,-3.06676552569772e-12,-9.13564237474935e-14,2.65126193094438e-13,3.20141073439372e-13,4.82315849270115e-13,-2.83430042512638e-13,1.0919951638032e-12,-1.25340770876664e-11,1.64935184980962e-12,-1.08320802685597e-13,-1.31502322056681e-12,3.00198079266508e-12,-9.94221964989667e-13,-0.902139778749169,-21.0799485600254,-2.66426538063968,4.03864879426603,0.873397264192047,77.7861154244152,-1.68033786578357,1.92507174331496e-12,-1.13385752034989e-11,2.05703447503232e-12,3.11450718053176e-13,5.62733368627747e-12,2.60459221406631e-12,-6.97677032045576e-13,-7.79361725096039e-13,-1.58483404254758e-11,-2.23386154439556e-12,-8.5062722992202e-14,-3.25752379994279e-13,4.29699933654485e-12,-9.96047063069467e-13,8.48639802900189e-05,4.47416889775621e-05,3.4312428016699e-05,-5.55660879739272e-06,-7.05581443278566e-05,0.000265131504632435,-4.532212360159e-05
0.374824036526554,-7.87271723506899e-15,5.48124913513082e-14,-2.10773239139872e-14,4.78277140114614e-13,-1.81222224726607e-14,1.18058774561947e-14,-6.78259531872172e-14,3.48156576996734e-14,3.05185377760903e-13,1.97967349503951e-13,-2.67415633365374e-13,7.27491458458844e-14,1.74056677511509e-13,7.56731442373877e-14,5.00384842763002e-14,-2.54091761482867e-13,-3.1809820467114e-13,6.02108938879339e-13,-1.91164032117098e-13,8.38090481616958e-14,-6.48644210717551e-14,7.15254949452265e-15,1.58757260945242e-13,1.04539078402913e-14,1.57282878127801e-13,-1.56244832474678e-14,-2.80654767648321e-13,-6.65429489938793e-14,4.55018217115355,6.89748741646244,2.02338367607808,-32.1230499190266,0.0665987528777951,-1.68033786578386,50.3974820093106,8.72503380444168e-14,-1.25767768798641e-13,1.6497495457544e-13,-6.63598950095823e-14,8.98765196516655e-14,-8.57359299556032e-14,7.08968101511154e-14,-1.572448162788e-14,2.03157840455663e-13,-4.12856940915616e-14,2.51520944913666e-14,2.27875514088876e-14,6.26794881493679e-14,3.63876773696692e-14,-0.000190317734260336,-2.11056550244181e-05,-7.66580704464446e-05,3.47435979019546e-05,-2.74833240783497e-05,-4.532212360159e-05,0.000380495798869595
0.0197939450178557,5.24385222744339e-15,-5.7149082558286e-14,9.01535790465147e-15,-1.40864750419745e-13,1.17787724018825e-15,-2.61963031562146e-14,3.30081014604522e-14,8.7914588799071e-15,-6.24817314042301e-13,-1.11472509791344e-13,1.72335036459402e-14,1.91558722365464e-14,2.5599413263144e-13,-2.20343970290017e-14,-2.60741998893267e-14,-1.18691075630877e-13,1.44065609365113e-14,-4.62564709436232e-14,-3.44403678939311e-14,3.54047495268518e-14,-6.06966164188558e-14,2.55752941217319e-14,-3.27416362560754e-13,5.88505280155893e-14,-5.29509772075228e-14,-3.16174569554519e-14,1.65207333299959e-13,-3.75991945233576e-14,1.57032477824417e-14,-7.74528329867651e-16,2.34806469176486e-14,-1.18005189563637e-13,1.11093731374529e-13,-1.37182783748358e-14,4.35762232233513e-14,5.73625121766608,-1.29356032273388,0.371928655373914,-2.23165310695153,0.154402563572394,-0.902139778749968,4.55018217115351,-1.72260801631637e-14,-5.17482965397681e-13,-5.19845348757902e-14,1.17638154940999e-14,-1.70631580145882e-14,7.86823770265093e-14,-4.59244744741228e-14,0.00282679630875494,-1.6044412225825e-05,3.31524504402702e-05,1.51528146726344e-05,0.000118819941260243,8.48639802900189e-05,-0.000190317734260336
0.291578241289572,6.26712765884607e-14,-1.04027347174775e-12,1.61105612357659e-13,-4.05156116989325e-12,1.12252221406983e-13,-3.88397538957086e-14,5.8136091427019e-13,-3.8118798096884e-13,1.17642877217972e-11,3.55421051519082e-13,5.62761368402961e-13,-5.98773321862503e-13,-3.96187833099536e-12,3.02667736014307e-13,-1.13392866916928e-13,1.37572180083155e-12,2.53597367833313e-14,1.22061242406948e-13,-8.42314557633159e-14,-2.74486907613388e-13,2.33254587926569e-13,-6.69715176908116e-13,7.98726888411239e-12,-1.00618454269407e-12,8.7889859778055e-14,8.20066469649916e-13,-1.8228461306902e-12,5.99824360577521e-13,-6.32123336695383e-13,-1.10023259283187e-12,-5.5256828350059e-13,-5.8046031157122e-14,-3.51788766813475e-12,2.77784209941889e-14,-1.12400662236924e-13,-1.29356032273468,151.67471197656,4.62409881811637,3.92702498614406,6.51066542942889,-21.0799485600286,6.89748741646306,4.21135899440293e-13,9.76487291836905e-12,1.37117559617381e-12,1.81652373468211e-14,1.84971843866552e-13,-2.77890522656461e-12,5.89540091413708e-13,-1.6044412225825e-05,0.000107627395936142,-1.864064841185e-05,-2.04218602155212e-08,-5.90433888713852e-05,4.47416889775621e-05,-2.11056550244181e-05
-0.0347515069827865,7.08124964915458e-15,-9.52281873148331e-14,9.312212459478e-15,-2.29854330013879e-13,3.81790953019046e-15,2.72366764558774e-14,6.05765437811101e-14,1.3635044788153e-14,-2.49993013308575e-13,1.0380869459799e-14,1.88028249654276e-13,4.34172368332176e-14,-8.83587924642481e-15,-7.34623052358252e-14,3.33177674944851e-14,-1.26856507785471e-13,8.9186552447337e-14,-3.33738441884394e-13,1.91830789771639e-13,4.21038305098204e-14,1.55937596684049e-14,2.45822668403867e-14,-2.99438517347073e-13,4.43996629148928e-14,-1.01123536627723e-13,-2.15710772066336e-14,1.88687672003494e-13,-1.63497179391046e-14,-1.98081737915346e-14,9.22793832458321e-14,-1.34510111043733e-14,-1.4442118426725e-13,-8.87860056014153e-14,-6.60896817585293e-14,2.76216080376582e-14,0.371928655373902,4.62409881811732,6.29129756046843,-11.7734692231626,0.846844455069878,-2.66426538064046,2.02338367607819,-6.70943138147684e-15,-4.53970312718564e-13,-3.58262568383281e-14,3.50396320574105e-14,-2.05285978654266e-14,1.14028152241751e-13,-3.72581333190139e-14,3.31524504402702e-05,-1.864064841185e-05,0.00279337477853035,0.000118222377491747,-0.000400476596648512,3.4312428016699e-05,-7.66580704464446e-05
-0.17093601529502,-1.70714137270878e-14,2.09242345672322e-14,-7.42114703022878e-14,1.50657264441634e-12,-6.02608241084823e-14,7.9655032569903e-14,-2.30218621943834e-13,-1.11288948434311e-14,-1.83302010112944e-12,2.56951476426421e-13,-1.9608108539626e-12,-1.17074298660539e-13,4.36475616934218e-13,4.69436799545656e-13,-6.12649935259136e-14,1.14611306759721e-12,8.47694717155331e-14,-2.69361247716426e-13,-3.62043165900387e-13,-3.66619071662548e-13,5.99032271269423e-14,5.97319773937982e-14,-1.61520658501814e-12,-1.49394385751123e-14,5.74451510665375e-13,-1.443540111664e-13,-3.63191356329839e-13,-1.56908665747968e-13,9.24027022432272e-14,2.08082361156112e-13,9.21337252367607e-14,3.20425110056366e-13,7.22503362747626e-13,-1.11957708051223e-13,2.10888164570155e-14,-2.23165310695159,3.92702498614373,-11.7734692231626,249.442957409096,-9.85891968260461,4.03864879426612,-32.1230499190266,-2.12366728342224e-14,-1.17187721962594e-12,-1.27165598472374e-14,-2.28551661103638e-13,-6.14214422053373e-15,9.04572506919073e-13,7.97900970555404e-15,1.51528146726344e-05,-2.04218602155212e-08,0.000118222377491747,7.73180803887249e-05,0.000112442997415151,-5.55660879739272e-06,3.47435979019546e-05
0.0336194230633701,1.78138211646972e-14,-3.41038883331507e-13,3.0854442265027e-14,-5.23220355930221e-13,1.83381955454198e-15,-2.04459929889489e-14,5.81388236164937e-14,-3.89921824508856e-14,2.31481848447249e-12,-9.07322698384964e-14,4.20039416931198e-13,-4.22135619340713e-14,-5.76933488301485e-13,1.78999940615861e-14,-3.54655614632066e-14,2.02321538992334e-13,-8.44130527450645e-14,4.39490464691512e-13,4.22175976225484e-14,-6.27758939454135e-14,-2.50716092513119e-13,-9.95214299239242e-14,1.76680647303974e-12,-1.04371950332091e-13,1.44560416154987e-13,1.3759103499421e-13,-1.87441498920285e-13,1.01561859237268e-13,-6.39290813927991e-14,-4.15934520038863e-13,-1.40424238865306e-13,7.47361428386079e-14,-4.0943748097777e-13,1.33043984785825e-13,1.78995984971998e-14,0.154402563572143,6.51066542943333,0.846844455069676,-9.85891968260493,8.17321219758968,0.873397264186699,0.0665987528777842,4.9435712337628e-14,1.68023104851835e-12,1.71147993899208e-13,4.42227566957269e-14,2.64189739302459e-14,-6.66941298959948e-13,1.29568562757583e-13,0.000118819941260243,-5.90433888713852e-05,-0.000400476596648512,0.000112442997415151,0.00247910189316314,-7.05581443278566e-05,-2.74833240783497e-05
0.0279223325277047,9.82875619000984e-14,1.18987502142898e-13,4.16395975859352e-13,-8.46285715117023e-12,3.47669267507233e-13,-2.02788198559734e-13,1.3451271346776e-12,-3.18943610256344e-13,2.65734080387899e-11,9.97154708572834e-13,3.21121547321862e-13,-1.71862397644076e-12,-9.41616789596959e-12,1.66129593890237e-12,-4.47894092437041e-14,4.33097730622796e-12,1.42511375692943e-13,4.73986504884692e-13,-3.45613245693759e-13,-6.24392963082402e-13,2.9823174950712e-13,-1.51128447916714e-12,1.67571832893649e-11,-2.25412859391875e-12,-3.65502983781796e-13,1.82295767116506e-12,-4.11556052955674e-12,1.42201374000929e-12,-1.15470001206607e-12,-2.38396222986677e-12,-1.08493088085926e-12,-4.59349399473509e-13,-7.15938832365994e-12,3.57128836223903e-13,-2.90567376542571e-13,-0.902139778752706,-21.0799485600124,-2.66426538064344,4.03864879426582,0.873397264178942,77.7861154244119,-1.6803378657829,1.06394169199398e-12,2.23892339798088e-11,3.12699035469112e-12,4.99277370477873e-14,4.71343104579934e-13,-5.89860890486163e-12,1.3883895438407e-12,8.48639802900189e-05,4.47416889775621e-05,3.4312428016699e-05,-5.55660879739272e-06,-7.05581443278566e-05,0.000265131504632435,-4.532212360159e-05
0.053958250453059,1.07871610949273e-14,1.65178200978167e-14,4.20124005029443e-14,-6.68839983397618e-13,2.07325476231368e-14,-2.29756318137486e-13,1.04973321701785e-13,1.41515060812032e-14,1.2672086488221e-12,-4.28704194675245e-14,3.27126157108684e-13,-1.76603286302594e-14,-2.86895125339089e-13,2.55483127871697e-14,4.50256391093968e-14,-8.13577267655288e-14,5.9110777829842e-14,-1.00052968297556e-13,6.89285469860864e-14,-2.37657467727496e-14,1.08203115927906e-13,-8.60861242927007e-14,7.43171522314245e-13,-8.11616839545021e-14,-2.11458129652231e-13,9.92196132383345e-14,5.20513689252324e-14,8.92810402431526e-14,-1.15009853845558e-13,-5.45638211127191e-15,-2.35796464344577e-14,-2.7925605621329e-14,-4.60272184271302e-13,-9.69024834603528e-15,-2.69552107956365e-14,4.55018217115346,6.89748741646344,2.02338367607808,-32.1230499190267,0.0665987528774241,-1.68033786578396,50.3974820093106,3.79659792712765e-14,1.1086513505446e-12,1.27031151473756e-13,6.63436929633672e-14,1.37366174851768e-14,-4.1980594161665e-13,4.35930910374629e-14,-0.000190317734260336,-2.11056550244181e-05,-7.66580704464446e-05,3.47435979019546e-05,-2.74833240783497e-05,-4.532212360159e-05,0.000380495798869595
0.0249736489904015,5.76270056521812e-15,-3.60469914009211e-14,2.16937335066267e-14,-4.62090652200708e-13,1.6823605768039e-14,-1.11829287692024e-14,7.13425087235653e-14,-3.86666430988305e-15,-1.11470356937994e-13,-7.95425863521166e-15,-2.00188092861766e-14,1.02944844340964e-14,4.49849659901679e-15,-3.52537325520815e-15,-2.76286757864492e-15,-2.74159944888639e-14,6.45983258301939e-15,-4.30670738363391e-14,-2.56691803388666e-15,2.83126649498733e-15,7.19993347050412e-15,2.19345015630925e-15,-2.72855233636378e-14,3.66741300422661e-15,-1.7969417728976e-14,-4.82661581490586e-15,-2.74180706791142e-14,-5.36490551758377e-16,6.64052435124519e-15,4.17060378577011e-14,1.46155634045705e-14,-1.83807572569535e-14,2.95008118557421e-14,-3.32509045003389e-14,9.3928252203429e-15,1.35266148895825e-14,-1.31064533612582e-13,1.50564669764455e-14,3.74152536955648e-14,2.42861321576862e-14,3.06256348564068e-14,-8.97036616147128e-15,5.73625121766604,-1.2935603227337,0.371928655373842,-2.23165310695157,0.154402563572276,-0.902139778750037,4.55018217115355,0.00282679630875494,-1.6044412225825e-05,3.31524504402702e-05,1.51528146726344e-05,0.000118819941260243,8.48639802900189e-05,-0.000190317734260336
0.119417948758983,2.49113812802841e-14,-1.7593145907116e-12,-4.32608593045614e-14,-4.84875160855491e-13,-5.69266449300734e-14,3.74972764698254e-13,-3.42388877666577e-14,5.48007605537936e-14,5.33091124771773e-13,1.56904593848832e-14,-1.03017888544808e-13,-1.19561292028716e-13,1.92314195815681e-13,2.61681356896525e-13,2.15309471083159e-14,-3.38408024567142e-13,3.48178536325891e-15,2.92820083535683e-13,-2.42643519627621e-13,4.05981530278221e-14,1.52701465275054e-13,-9.80506073447797e-14,2.29964623762128e-13,-1.8067284370982e-13,7.9100393701975e-14,7.88654777961417e-14,-1.33582025990212e-13,-1.17145025064602e-14,-1.17540175986395e-13,-3.5031427743929e-13,-1.07623059136478e-13,1.95316717867164e-13,-6.45224104202399e-13,2.26451533781674e-14,-3.15525154687815e-14,-1.66952824496989e-13,-1.07977552390776e-13,-2.24597415903114e-13,-2.41002704921031e-13,-3.68468359203377e-13,1.91053996078623e-15,-1.75141500982661e-13,-1.2935603227335,151.674711976555,4.62409881811775,3.92702498614431,6.51066542943227,-21.0799485600272,6.89748741646275,-1.6044412225825e-05,0.000107627395936142,-1.864064841185e-05,-2.04218602155212e-08,-5.90433888713852e-05,4.47416889775621e-05,-2.11056550244181e-05
-0.012132925086556,5.01919198477724e-15,-9.81334425612795e-14,1.35195131999166e-14,-3.40841938006875e-13,9.08030161478335e-15,9.0627646446434e-15,4.78460587122198e-14,-2.60911299338902e-15,-2.09207111483997e-13,-2.77833099095417e-14,1.62401406748501e-14,5.50757710024132e-15,5.88927202619393e-14,-1.16784002681823e-14,-9.81655967260507e-15,-2.01937511829982e-14,-1.49261464047084e-14,5.0046225098647e-14,-7.20712255676483e-15,1.99275028667015e-14,2.72523152251825e-15,-4.80886878059499e-15,-1.11803890467892e-13,-1.78565211543595e-14,7.55134751386985e-14,-9.54827545968009e-15,4.47289781015987e-14,-1.40752015416663e-14,5.52385425445602e-15,-4.84335179628018e-14,1.55143207363863e-14,-7.49019715608895e-14,1.91613463987263e-14,1.75150231986523e-14,1.26077345364819e-14,1.98769220030886e-14,-1.78958241607384e-13,1.44926840702145e-14,1.79314709917522e-13,2.39165751768101e-14,3.66674078829175e-14,-4.276321897772e-14,0.371928655373852,4.62409881811743,6.29129756046836,-11.7734692231625,0.846844455069741,-2.66426538064048,2.02338367607818,3.31524504402702e-05,-1.864064841185e-05,0.00279337477853035,0.000118222377491747,-0.000400476596648512,3.4312428016699e-05,-7.66580704464446e-05
-0.681813785599271,-2.99977057083289e-15,1.14374655579841e-14,-1.36002320516582e-14,1.98979721588444e-13,-1.99753408258729e-15,2.5951463200613e-14,-3.35530214723434e-14,2.1454636010891e-14,-2.35063819808718e-13,1.98450248069379e-14,1.252732726581e-13,7.38474155415579e-15,4.61762535353865e-14,-3.93152849685607e-14,-5.77760326289211e-16,-1.79862062608038e-13,-3.40594658596385e-15,-2.50566630161445e-13,-8.71046500715549e-15,8.48835213137491e-14,-2.19704761111536e-15,3.0781502563873e-14,4.17969847778645e-14,6.44889754119506e-14,-3.64806058625322e-13,1.02904948559752e-14,7.69105916106905e-17,6.04420078440318e-14,2.13032148955257e-14,3.16104013827596e-15,4.27069438027703e-15,-2.66757102518334e-15,7.74322936024645e-14,1.24356159592921e-14,-5.99423532728419e-15,8.37138416584244e-15,-9.14871858351545e-14,1.07303590654844e-14,-3.51374040540725e-13,7.95498497125789e-14,-7.25399185435172e-15,3.98073026906982e-14,-2.23165310695161,3.92702498614422,-11.7734692231626,249.442957409096,-9.85891968260467,4.03864879426607,-32.1230499190266,1.51528146726344e-05,-2.04218602155212e-08,0.000118222377491747,7.73180803887249e-05,0.000112442997415151,-5.55660879739272e-06,3.47435979019546e-05
-0.0744994320303976,1.84055516053855e-15,-7.23354210731275e-14,1.76394272452529e-15,-9.32491930893953e-14,1.68376597386999e-16,9.99298300358165e-15,9.95330120406868e-15,7.39114623496778e-16,1.94115926638747e-13,8.0143819073105e-15,-2.04675923291039e-14,-1.52036966551505e-14,-3.32519047006658e-14,1.80513103566242e-14,4.11653668674757e-15,2.92087296168893e-14,8.60071844219066e-15,-3.53823060124858e-14,-5.2438367690921e-15,1.28521838246063e-14,1.71365795716101e-14,-1.40472519955057e-14,1.05345395323426e-13,-2.21878228595949e-14,1.82256011498072e-14,1.36227650338793e-14,-3.04817788966959e-14,3.12522207955189e-15,-1.56688400997493e-14,-8.45625726420401e-15,-1.12784945203225e-14,-2.17972824373956e-14,-6.90082204932919e-14,1.17146096296582e-14,-9.57015707356474e-15,-2.70867094843242e-14,1.36132258282366e-13,-3.07613549323105e-14,-8.4280354234207e-15,-5.8800890826089e-14,-2.40390604820269e-14,-3.33943035916539e-15,0.154402563572292,6.5106654294324,0.846844455069778,-9.85891968260476,8.17321219759002,0.87339726418684,0.0665987528777378,0.000118819941260243,-5.90433888713852e-05,-0.000400476596648512,0.000112442997415151,0.00247910189316314,-7.05581443278566e-05,-2.74833240783497e-05
-0.0280949929023845,2.33517225738458e-14,4.20661586347879e-13,1.31196431756714e-13,-2.30165886350164e-12,1.08122874802746e-13,-2.29959185916485e-13,3.89235735656634e-13,-9.14004624065545e-14,7.05479256280481e-12,3.3277683857248e-13,-6.63366071939502e-13,-3.77055537718027e-13,-2.09089191874301e-12,5.00990336430292e-13,-2.08275756473018e-14,1.05054914703439e-12,1.39741908907076e-13,-1.33387970689057e-12,2.50340396184502e-14,-1.88715057002195e-13,-1.67665017713505e-14,-4.01611473506926e-13,5.2223923665627e-12,-5.90468967119545e-13,3.13480829022914e-13,4.97824294033067e-13,-1.44971587642216e-12,3.24625136477854e-13,-3.05422190967599e-13,1.51742272274801e-14,-2.55601205085107e-13,-3.60572958955376e-13,-1.68346381027147e-12,9.61142753498636e-14,-1.23841859610315e-13,-7.45917228727446e-13,5.39801273664271e-12,-7.02757189703188e-13,-7.03336328522659e-13,-1.81410547668765e-12,-1.11696713628835e-12,3.42923085676301e-13,-0.902139778749778,-21.0799485600216,-2.66426538063973,4.03864879426613,0.873397264187003,77.786115424414,-1.68033786578349,8.48639802900189e-05,4.47416889775621e-05,3.4312428016699e-05,-5.55660879739272e-06,-7.05581443278566e-05,0.000265131504632435,-4.532212360159e-05
0.390313498435309,1.08133987875014e-14,-1.70464174460011e-13,3.1522744484147e-14,-7.44317801837369e-13,2.05141893055982e-14,-2.52688495128162e-14,1.10378720052928e-13,4.45721209405361e-15,4.38372084739604e-13,5.31663133115055e-14,-2.31394988077244e-13,1.01750021253754e-14,-2.20969261234866e-13,8.66573489127689e-14,-6.82056001304401e-15,-6.98285099634235e-15,3.59446859145188e-14,-4.77551957939019e-14,-3.17220615010314e-14,3.27042683070523e-14,-1.22988540196284e-14,-4.86956488519419e-16,2.12707231775372e-13,-2.02208982183808e-14,1.42354159601669e-13,5.72118578640729e-15,-2.07794207747236e-13,2.93488513656778e-14,-1.16237838484411e-14,-1.3359890031589e-13,-8.02730583014059e-15,-5.76711360687331e-14,-9.06647325134801e-14,8.45629403072788e-15,2.4042923481662e-14,-2.64299033022434e-14,1.52899150165328e-13,-2.30097779141381e-14,7.01200775503515e-14,-7.69721086490342e-14,-9.22160166051688e-14,-5.42633022933628e-16,4.55018217115357,6.897487416463,2.02338367607823,-32.1230499190266,0.0665987528777283,-1.68033786578381,50.3974820093106,-0.000190317734260336,-2.11056550244181e-05,-7.66580704464446e-05,3.47435979019546e-05,-2.74833240783497e-05,-4.532212360159e-05,0.000380495798869595
