"DateTime","ACCU Spot Price - RepuTex","LGC Spot Price - RepuTex","STC Spot Price - RepuTex"
"2018-01-02",13.25,,
"2018-01-03",13.3,,
"2018-01-04",13.35,,
"2018-01-05",13.35,,
"2018-01-08",13.35,,
"2018-01-09",13.4,,
"2018-01-10",13.45,,
"2018-01-11",13.45,,
"2018-01-12",13.5,,
"2018-01-15",13.55,,
"2018-01-16",13.55,,
"2018-01-17",13.6,,
"2018-01-18",13.55,,
"2018-01-19",13.6,,
"2018-01-22",13.65,,
"2018-01-23",13.65,,
"2018-01-24",13.7,,
"2018-01-25",13.7,,
"2018-01-29",13.75,,
"2018-01-30",13.8,,
"2018-02-05",13.85,,
"2018-02-07",13.9,,
"2018-02-09",13.85,,
"2018-02-12",13.8,,
"2018-02-13",13.75,,
"2018-02-15",13.9,,
"2018-02-16",13.9,,
"2018-02-19",13.9,,
"2018-02-20",13.9,,
"2018-02-22",13.95,,
"2018-02-23",14,,
"2018-02-27",14.05,,
"2018-02-28",14.05,,
"2018-03-02",14.05,,
"2018-03-05",14.1,,
"2018-03-06",14.15,,
"2018-03-08",14.15,,
"2018-03-12",14.15,,
"2018-03-13",14.1,,
"2018-03-14",14.15,,
"2018-03-15",14,,
"2018-03-16",13.9,,
"2018-03-19",13.95,,
"2018-03-20",14.1,,
"2018-03-21",14.15,,
"2018-03-22",14.2,,
"2018-03-23",14.2,,
"2018-03-26",14.3,,
"2018-03-27",14.35,,
"2018-03-28",14.35,,
"2018-03-29",14.55,,
"2018-04-03",14.7,,
"2018-04-06",14.8,,
"2018-04-09",14.85,,
"2018-04-10",14.9,,
"2018-04-11",14.9,,
"2018-04-12",14.95,,
"2018-04-16",15.05,,
"2018-04-17",14.9,,
"2018-04-18",14.9,,
"2018-04-19",14.95,,
"2018-04-20",15,,
"2018-04-24",15,,
"2018-04-26",15.05,,
"2018-04-30",15.05,,
"2018-05-01",15,,
"2018-05-02",14.95,,
"2018-05-03",14.95,,
"2018-05-04",15,,
"2018-05-11",15,,
"2018-05-15",15,,
"2018-05-16",15.05,,
"2018-05-17",15.05,,
"2018-05-18",15.05,,
"2018-05-21",15.05,,
"2018-05-23",15.05,,
"2018-05-25",15.05,,
"2018-05-28",15,,
"2018-05-30",15,,
"2018-05-31",15,,
"2018-06-01",14.7,,
"2018-06-04",14.7,,
"2018-06-05",14.7,,
"2018-06-06",14.7,,
"2018-06-08",14.7,,
"2018-06-12",14.7,,
"2018-06-13",14.7,,
"2018-06-14",14,,
"2018-06-15",14.5,,
"2018-06-18",14.5,,
"2018-06-19",14.5,,
"2018-06-20",14.5,,
"2018-06-21",14.5,,
"2018-06-22",14.5,,
"2018-06-25",14.5,,
"2018-06-27",14.5,,
"2018-06-28",14.5,,
"2018-06-29",14.5,,
"2018-07-02",14.5,,
"2018-07-03",14.5,,
"2018-07-04",15,,
"2018-07-05",15,,
"2018-07-09",14.5,,
"2018-07-10",14.5,,
"2018-07-11",14.5,,
"2018-07-12",14.45,,
"2018-07-13",14.45,,
"2018-07-16",14.45,,
"2018-07-17",15,,
"2018-07-18",15,,
"2018-07-19",15,,
"2018-07-20",15,,
"2018-07-23",15,,
"2018-07-25",15,,
"2018-07-26",15,,
"2018-07-27",15,,
"2018-07-30",15,,
"2018-07-31",15,,
"2018-08-02",15,,
"2018-08-03",15,,
"2018-08-06",15,,
"2018-08-07",15.35,,
"2018-08-10",15.35,,
"2018-08-13",15.35,,
"2018-08-14",14.6,,
"2018-08-15",14.6,,
"2018-08-16",14.1,,
"2018-08-17",14.1,,
"2018-08-20",14.1,,
"2018-08-21",14.1,,
"2018-08-22",14.1,,
"2018-08-23",14.1,,
"2018-08-24",14.1,,
"2018-08-28",14.1,,
"2018-08-29",14.1,,
"2018-08-30",14.5,,
"2018-09-03",14.5,,
"2018-09-05",14.5,,
"2018-09-06",14.5,,
"2018-09-07",14.5,,
"2018-09-10",14.5,,
"2018-09-12",14.5,,
"2018-09-13",14.5,,
"2018-09-17",14.5,,
"2018-09-19",14.5,,
"2018-09-20",14.5,,
"2018-09-21",14.5,,
"2018-09-26",14.5,,
"2018-09-28",14.5,,
"2018-10-02",14.5,,
"2018-10-03",14.5,,
"2018-10-09",14.5,,
"2018-10-10",14.5,,
"2018-10-11",14.5,,
"2018-10-12",14.95,,
"2018-10-15",14.95,,
"2018-10-16",14.95,,
"2018-10-17",14.95,,
"2018-10-18",14.95,,
"2018-10-19",14.95,,
"2018-10-22",14.95,,
"2018-10-23",14.95,,
"2018-10-24",14.85,,
"2018-10-25",14.85,,
"2018-10-26",14.85,,
"2018-10-30",14.85,,
"2018-11-01",14.85,,
"2018-11-05",14.85,,
"2018-11-06",14.85,,
"2018-11-07",14.85,,
"2018-11-08",14.85,,
"2018-11-09",14.85,,
"2018-11-12",15.4,,
"2018-11-14",15.4,,
"2018-11-15",15.4,,
"2018-11-16",15.4,,
"2018-11-19",15.4,,
"2018-11-20",15.4,,
"2018-11-21",15.4,,
"2018-11-22",15.4,,
"2018-11-26",15.4,,
"2018-11-28",15.4,,
"2018-11-29",15.4,,
"2018-11-30",15.4,,
"2018-12-03",15.75,,
"2018-12-04",15.75,,
"2018-12-05",15.75,,
"2018-12-06",15.75,,
"2018-12-07",15.75,,
"2018-12-10",15.75,,
"2018-12-11",15.4,,
"2018-12-12",15.4,,
"2018-12-13",15.4,,
"2018-12-14",15.4,,
"2018-12-17",15.4,,
"2018-12-18",15.4,,
"2018-12-20",15.4,,
"2018-12-21",15.4,,
"2019-01-02",15.4,,
"2019-01-03",15.4,,
"2019-01-04",15.4,,
"2019-01-07",15.4,,
"2019-01-08",15.4,,
"2019-01-09",15.4,,
"2019-01-10",15.4,,
"2019-01-11",15.55,,
"2019-01-15",15.55,,
"2019-01-16",15.55,,
"2019-01-21",15.55,,
"2019-01-23",15.5,,
"2019-01-24",15.5,,
"2019-01-30",15.75,,
"2019-01-31",15.85,,
"2019-02-01",15.85,,
"2019-02-04",15.95,,
"2019-02-05",15.95,,
"2019-02-06",15.95,,
"2019-02-07",15.95,,
"2019-02-08",15.95,,
"2019-02-11",15.95,,
"2019-02-13",15.95,,
"2019-02-14",15.95,,
"2019-02-15",15.95,,
"2019-02-19",15.95,,
"2019-02-20",15.95,,
"2019-02-21",15.25,,
"2019-02-26",15.25,,
"2019-02-27",15.25,,
"2019-02-28",15.25,,
"2019-03-01",15.25,,
"2019-03-04",15.05,,
"2019-03-05",15.05,,
"2019-03-06",15.05,,
"2019-03-07",15.05,,
"2019-03-08",15.2,,
"2019-03-11",15.2,,
"2019-03-12",15.2,,
"2019-03-13",15.3,,
"2019-03-14",15.3,,
"2019-03-15",15.3,,
"2019-03-18",15.3,,
"2019-03-20",15.3,,
"2019-03-21",15.3,,
"2019-03-22",15.25,,
"2019-03-25",15.5,,
"2019-03-26",15.5,,
"2019-03-27",15.5,,
"2019-03-28",15.5,,
"2019-03-29",15.75,,
"2019-04-01",15.75,,
"2019-04-02",15.75,,
"2019-04-03",15.75,,
"2019-04-04",15.75,,
"2019-04-05",15.75,,
"2019-04-08",16,,
"2019-04-09",16.25,,
"2019-04-10",16.25,,
"2019-04-11",16.25,,
"2019-04-12",16.25,,
"2019-04-15",16.25,,
"2019-04-16",16.25,,
"2019-04-18",16.25,,
"2019-04-23",16.25,,
"2019-04-24",16.25,,
"2019-04-26",16.25,,
"2019-04-29",16.5,,
"2019-05-01",16.5,,
"2019-05-02",16.5,,
"2019-05-03",16.75,,
"2019-05-06",16.75,,
"2019-05-08",16.8,,
"2019-05-09",16.75,,
"2019-05-10",16.75,,
"2019-05-11",16.75,,
"2019-05-12",16.75,,
"2019-05-13",16.85,,
"2019-05-14",16.75,,
"2019-05-15",16.75,,
"2019-05-16",17,,
"2019-05-17",17,,
"2019-05-20",16.9,,
"2019-05-21",15.9,,
"2019-05-22",15.9,,
"2019-05-24",15.9,,
"2019-05-27",15.9,,
"2019-05-28",15.9,,
"2019-05-29",15.9,,
"2019-05-31",15.9,,
"2019-06-03",15.9,,
"2019-06-05",15.9,,
"2019-06-07",15.75,,
"2019-06-12",15.65,,
"2019-06-13",15.65,,
"2019-06-17",15.5,,
"2019-06-19",15.2,,
"2019-06-20",15.2,,
"2019-06-24",15.2,,
"2019-06-25",15.2,,
"2019-06-26",15.1,,
"2019-06-27",15.1,,
"2019-06-28",15,,
"2019-07-01",15,,
"2019-07-02",14.95,,
"2019-07-04",15,,
"2019-07-05",15,,
"2019-07-08",15,,
"2019-07-10",15,,
"2019-07-11",15,,
"2019-07-12",15,,
"2019-07-15",15,,
"2019-07-16",15,,
"2019-07-17",15,,
"2019-07-18",15,,
"2019-07-23",15,,
"2019-07-29",15.15,,
"2019-07-31",15.15,,
"2019-08-08",15.15,,
"2019-08-09",15.15,,
"2019-08-12",15.15,,
"2019-08-13",15.25,,
"2019-08-14",15.25,,
"2019-08-15",15.25,,
"2019-08-16",15.25,,
"2019-08-19",15.25,,
"2019-08-20",15.4,,
"2019-08-23",15.4,,
"2019-08-26",15.4,,
"2019-08-27",15.4,,
"2019-08-28",15.4,,
"2019-08-29",15.5,,
"2019-08-30",15.55,,
"2019-09-02",15.55,,
"2019-09-03",15.55,,
"2019-09-04",15.55,,
"2019-09-05",15.55,,
"2019-09-06",15.55,,
"2019-09-09",15.7,,
"2019-09-10",15.7,,
"2019-09-11",15.7,,
"2019-09-12",15.7,,
"2019-09-13",15.7,,
"2019-09-16",15.7,,
"2019-09-17",15.7,,
"2019-09-18",15.7,,
"2019-09-19",15.7,,
"2019-09-20",15.7,,
"2019-09-23",15.7,,
"2019-09-24",15.7,,
"2019-09-25",15.9,,
"2019-09-26",16,,
"2019-09-27",16.1,,
"2019-09-30",16.1,,
"2019-10-01",16.15,,
"2019-10-03",16.15,,
"2019-10-04",16.2,,
"2019-10-08",16.2,,
"2019-10-09",16.2,,
"2019-10-10",16.2,,
"2019-10-11",16.2,,
"2019-10-14",16.2,,
"2019-10-15",16.2,,
"2019-10-16",16.2,,
"2019-10-17",16.2,,
"2019-10-18",16.35,,
"2019-10-21",16.35,,
"2019-10-22",16.35,,
"2019-10-23",16.35,,
"2019-10-24",16.25,,
"2019-10-25",16.25,,
"2019-10-28",16.25,,
"2019-10-29",16.25,,
"2019-10-30",16.25,,
"2019-10-31",16.25,,
"2019-11-01",16.5,,
"2019-11-04",16.5,,
"2019-11-05",16.5,,
"2019-11-06",16.5,,
"2019-11-07",17,,
"2019-11-08",17,,
"2019-11-11",17,,
"2019-11-12",17.4,,
"2019-11-13",17.25,,
"2019-11-14",17.5,,
"2019-11-15",17.5,,
"2019-11-18",17.5,,
"2019-11-19",17.5,,
"2019-11-20",17.5,,
"2019-11-21",17.5,,
"2019-11-22",17.5,,
"2019-11-25",17.5,,
"2019-11-26",17.5,,
"2019-11-27",17.5,,
"2019-11-28",17.5,,
"2019-11-29",17.5,,
"2019-12-02",17.5,,
"2019-12-03",17.5,,
"2019-12-04",17.5,,
"2019-12-05",17.5,,
"2019-12-06",17.5,,
"2019-12-09",17.5,,
"2019-12-10",17.5,,
"2019-12-11",17.5,,
"2019-12-12",17.5,,
"2019-12-13",17.5,,
"2019-12-16",17.35,,
"2019-12-17",17.35,,
"2019-12-18",17.35,,
"2019-12-19",17.35,,
"2019-12-20",17.35,,
"2019-12-23",17.45,,
"2019-12-30",17.45,,
"2020-01-03",17.45,,
"2020-01-06",17.45,,
"2020-01-07",17.25,,
"2020-01-08",17.25,,
"2020-01-09",17.25,,
"2020-01-10",17.25,,
"2020-01-13",17.4,,
"2020-01-14",17.25,,
"2020-01-15",17.3,,
"2020-01-16",17.3,,
"2020-01-17",17.3,,
"2020-01-20",17.3,,
"2020-01-21",17.3,,
"2020-01-22",17.3,,
"2020-01-23",17.3,,
"2020-01-24",17.3,,
"2020-01-28",17.3,,
"2020-01-29",17.3,,
"2020-01-30",17.3,,
"2020-01-31",17.3,,
"2020-02-03",17.3,,
"2020-02-04",17.3,,
"2020-02-05",17.25,,
"2020-02-06",17.25,,
"2020-02-07",17.25,,
"2020-02-10",17.25,,
"2020-02-11",17.15,,
"2020-02-12",17.05,,
"2020-02-13",17.05,,
"2020-02-14",17.05,,
"2020-02-17",17.05,,
"2020-02-18",17.05,,
"2020-02-19",17,,
"2020-02-20",17,,
"2020-02-21",17,,
"2020-02-24",17,,
"2020-02-25",17,,
"2020-02-26",17,,
"2020-02-27",17,,
"2020-02-28",17,,
"2020-03-02",16.7,,
"2020-03-03",16.8,,
"2020-03-04",16.8,,
"2020-03-05",16.8,,
"2020-03-06",16.8,,
"2020-03-09",16.8,,
"2020-03-10",16.8,,
"2020-03-11",16.5,,
"2020-03-12",16.5,,
"2020-03-13",16.5,,
"2020-03-16",16.5,,
"2020-03-17",16.5,,
"2020-03-18",16.5,,
"2020-03-19",16.5,,
"2020-03-20",16.5,,
"2020-03-23",16.5,,
"2020-03-24",16.5,,
"2020-03-26",16.5,30.63,39.35
"2020-03-27",16.5,30.63,39.35
"2020-03-30",16.5,30.63,39.3
"2020-03-31",16.5,27.75,39.48
"2020-04-01",16.5,27.63,39.7
"2020-04-02",16.5,27.5,39.7
"2020-04-03",16.5,27.5,39.75
"2020-04-06",16.5,27.5,39.68
"2020-04-07",16.5,27.38,39.78
"2020-04-08",16.5,27.38,39.75
"2020-04-09",16.5,27.63,39.85
"2020-04-14",16.5,28.25,39.9
"2020-04-15",16.5,31,39.9
"2020-04-16",16.5,30.63,39.85
"2020-04-17",16.5,31.5,39.7
"2020-04-20",16.5,31.5,39.38
"2020-04-21",16.5,32.5,39.03
"2020-04-22",16.5,32.5,39
"2020-04-23",16.5,33,38.95
"2020-04-24",16.5,32.25,38.88
"2020-04-27",16.5,31.25,39
"2020-04-28",16.5,31,39.13
"2020-04-29",16.5,31.63,39.1
"2020-04-30",16.5,31.13,39.13
"2020-05-01",16.5,31.5,39.13
"2020-05-04",15.95,31.5,39.23
"2020-05-05",15.9,32,39.13
"2020-05-06",15.9,32.2,39.13
"2020-05-07",15.9,32.2,39.13
"2020-05-08",15.9,32.2,39.13
"2020-05-11",15.9,32.25,39.25
"2020-05-12",15.9,32.25,39.18
"2020-05-13",15.9,32.25,39.1
"2020-05-14",15.9,32.15,39.13
"2020-05-15",15.9,32.03,39.15
"2020-05-18",15.9,32.38,39.05
"2020-05-19",15.8,32.88,39.05
"2020-05-20",15.8,32.88,39.05
"2020-05-21",15.8,32.5,39.15
"2020-05-22",15.8,32.5,39.23
"2020-05-25",15.8,32.5,39.23
"2020-05-26",15.8,33,39.5
"2020-05-27",15.8,32.5,39.35
"2020-05-28",15.8,32.98,39.3
"2020-05-29",15.8,33.25,39.4
"2020-06-01",15.8,33.5,39.4
"2020-06-02",15.8,33.15,39.3
"2020-06-03",15.8,33.15,39.3
"2020-06-04",15.8,33.15,39.6
"2020-06-05",15.8,34,39.6
"2020-06-09",15.8,34,39.6
"2020-06-10",15.8,34,39.58
"2020-06-11",15.75,34,39.48
"2020-06-12",15.75,34,39.48
"2020-06-15",15.75,37.5,39.45
"2020-06-16",15.75,37.25,39.43
"2020-06-17",15.75,37.81,39.5
"2020-06-18",15.75,38.13,39.43
"2020-06-19",15.75,38.13,39.45
"2020-06-22",15.75,39.05,39.38
"2020-06-23",15.75,41.5,39.45
"2020-06-24",15.75,40.75,39.4
"2020-06-25",15.75,40.75,39.4
"2020-06-26",15.75,40.75,39.45
"2020-06-29",15.75,40.75,39.43
"2020-06-30",15.85,40.75,39.45
"2020-07-01",15.85,40.75,39.43
"2020-07-02",15.85,40.75,39.38
"2020-07-03",15.85,38.88,39.38
"2020-07-06",15.85,38.88,39.03
"2020-07-07",15.85,40.75,39.15
"2020-07-08",15.85,41,39.15
"2020-07-09",15.85,41,39.15
"2020-07-10",15.85,40,39.13
"2020-07-13",15.85,39,39.08
"2020-07-14",15.85,39.63,38.93
"2020-07-15",15.85,39.63,38.83
"2020-07-16",15.85,39.63,38.83
"2020-07-17",15.85,39.38,38.75
"2020-07-20",15.85,39.5,38.6
"2020-07-21",15.85,40.25,38.65
"2020-07-22",15.85,40.5,38.6
"2020-07-23",15.85,40.25,38.6
"2020-07-24",15.85,40.5,38.45
"2020-07-27",15.85,40.5,38.45
"2020-07-28",15.85,42,38.25
"2020-07-29",16.05,41,38.18
"2020-07-30",16.05,41,38.23
"2020-07-31",16.05,42,38.23
"2020-08-03",16.05,42,38.18
"2020-08-04",16.05,42.5,38.18
"2020-08-05",16.05,42.38,38.18
"2020-08-06",16.05,42.5,38.18
"2020-08-07",16.05,42.5,38.2
"2020-08-10",16.05,42.55,38.3
"2020-08-11",16.05,42.18,38.3
"2020-08-12",16.05,42.4,38.3
"2020-08-13",16.05,42.4,38.28
"2020-08-14",16.05,42.4,38.28
"2020-08-17",16.05,42,38.4
"2020-08-18",16.05,42.13,38.23
"2020-08-19",15.9,42.23,38.3
"2020-08-20",15.9,42.1,38.25
"2020-08-21",15.9,42,38.28
"2020-08-24",15.9,42.25,38.25
"2020-08-25",15.9,42.45,38.25
"2020-08-26",15.9,43.05,38.25
"2020-08-27",15.9,43.05,38.33
"2020-08-28",15.9,47.13,38.3
"2020-08-31",15.9,46.88,38.33
"2020-09-01",15.9,46.88,38.3
"2020-09-02",15.9,48.13,38.35
"2020-09-03",15.9,48.25,38.4
"2020-09-04",16,48.13,38.4
"2020-09-07",16,48.8,38.35
"2020-09-08",16.1,48.75,38.38
"2020-09-09",16.1,48.5,38.35
"2020-09-10",16.1,49,38.35
"2020-09-11",16.1,49.38,38.38
"2020-09-14",16.1,49.38,38.38
"2020-09-15",16.1,49.63,38.4
"2020-09-16",16.1,49.25,38.38
"2020-09-17",16.1,48.25,38.4
"2020-09-18",16.2,48.25,38.4
"2020-09-21",16.2,48.25,38.73
"2020-09-22",16.2,46.88,38.7
"2020-09-23",16.2,46.88,39.05
"2020-09-24",16.15,46.88,38.85
"2020-09-25",16.15,44.25,38.63
"2020-09-28",16.1,44.25,38.55
"2020-09-29",16.1,42.25,38.48
"2020-09-30",16.1,42,38.48
"2020-10-01",16.1,43,38.3
"2020-10-02",16.1,43,38.2
"2020-10-06",16.1,43,38.3
"2020-10-07",16.1,43,38.3
"2020-10-08",16.1,43,38.45
"2020-10-09",16.1,43.63,38.38
"2020-10-12",16.1,43.25,38.43
"2020-10-13",16.1,43.25,38.43
"2020-10-14",16.1,43.25,38.4
"2020-10-15",16.1,43.25,38.25
"2020-10-16",16.1,40.38,38.2
"2020-10-19",16.1,40.63,38.1
"2020-10-20",16.1,40.63,38.13
"2020-10-21",16.1,40.63,38.03
"2020-10-22",16.1,40.63,37.98
"2020-10-23",16.1,38.75,38
"2020-10-26",16.15,38.58,37.8
"2020-10-27",16.15,37.5,37.7
"2020-10-28",16.15,38.88,37.7
"2020-10-29",16.15,38.75,37.75
"2020-10-30",16.15,38.75,37.78
"2020-11-02",16.15,38.5,37.75
"2020-11-03",16.15,37.95,37.75
"2020-11-04",16.5,37.85,37.78
"2020-11-05",16.5,37.75,37.75
"2020-11-06",16.5,38.25,37.75
"2020-11-09",16.5,37.88,37.78
"2020-11-10",16.5,38.13,37.88
"2020-11-11",16.5,38.38,37.8
"2020-11-12",16.5,38.38,37.78
"2020-11-13",16.5,38.5,37.78
"2020-11-16",16.5,39.38,37.78
"2020-11-17",16.5,39,37.85
"2020-11-18",16.5,38.85,37.85
"2020-11-19",16.5,38.85,37.85
"2020-11-20",16.5,38.85,37.8
"2020-11-23",16.5,39.25,37.8
"2020-11-24",16.5,39.25,37.8
"2020-11-25",16.5,39.25,37.88
"2020-11-26",16.5,39.08,37.88
"2020-11-27",16.5,39,37.88
"2020-11-30",16.5,38.78,37.88
"2020-12-01",16.45,39.13,37.88
"2020-12-02",16.45,38.63,37.88
"2020-12-03",16.45,37.63,37.88
"2020-12-04",16.45,38.5,38
"2020-12-07",16.45,37.75,38.08
"2020-12-08",16.45,37.5,38.05
"2020-12-09",16.65,37.5,38.05
"2020-12-10",16.65,37.75,38.08
"2020-12-11",16.5,37.63,38.08
"2020-12-14",16.5,37.63,38.05
"2020-12-15",16.5,37.63,38.03
"2020-12-16",16.5,37.63,38.03
"2020-12-17",16.5,37.63,38.03
"2020-12-18",16.5,37.63,38.18
"2020-12-21",16.5,40.2,38.03
"2020-12-22",16.5,40.2,37.98
"2020-12-23",16.5,39.75,37.95
"2020-12-24",16.5,39.75,38
"2020-12-25",16.5,39.75,38
"2020-12-28",16.5,39.75,38
"2020-12-29",16.5,39.75,38
"2020-12-30",16.5,39.75,38
"2020-12-31",16.5,39.75,38
"2021-01-01",16.5,39.75,38
"2021-01-04",16.55,39.55,37.98
"2021-01-05",16.55,39.4,37.98
"2021-01-06",16.55,39.6,37.98
"2021-01-07",16.55,39.25,37.98
"2021-01-08",16.55,39.5,37.98
"2021-01-11",16.55,39.5,38
"2021-01-12",16.55,39.25,38
"2021-01-13",16.75,40.25,38.03
"2021-01-14",16.75,40.25,38.1
"2021-01-15",16.75,40.25,38.08
"2021-01-18",16.75,40.25,38.13
"2021-01-19",16.95,40.3,38.15
"2021-01-20",16.95,40.75,38.15
"2021-01-21",16.95,40.75,38.15
"2021-01-22",16.95,40.38,38.25
"2021-01-25",16.95,40.38,38.23
"2021-01-26",16.95,40.38,38.23
"2021-01-27",16.95,40.75,38.18
"2021-01-28",16.95,40.75,38.23
"2021-01-29",16.95,40.75,38.23
"2021-02-01",17.3,40.75,38.23
"2021-02-02",17.3,40.75,38.23
"2021-02-03",17.3,34.5,38.2
"2021-02-04",17.3,34.5,38.28
"2021-02-05",17.3,35.5,38.28
"2021-02-08",17.75,38.5,38.28
"2021-02-09",17.75,36.75,38.25
"2021-02-10",17.75,35.75,38.25
"2021-02-11",17.9,36.25,38.23
"2021-02-12",17.9,36.5,38.23
"2021-02-15",18.5,36.25,37.28
"2021-02-16",18.5,36,38.36
"2021-02-17",18.5,36,38.4
"2021-02-18",18.5,34,38.39
"2021-02-19",18.5,34,38.45
"2021-02-22",18.5,33.35,38.58
"2021-02-23",18.5,32.5,38.55
"2021-02-24",18.5,33.06,38.66
"2021-02-25",18.5,33.25,38.63
"2021-02-26",18.5,33.38,38.63
"2021-03-01",18.5,33.38,38.68
"2021-03-02",18.5,32.96,38.68
"2021-03-03",18.5,33,39.05
"2021-03-04",18.5,31.68,39.2
"2021-03-05",18.5,32.18,39.2
"2021-03-08",18.5,31.75,39.15
"2021-03-09",18.5,31.88,39.25
"2021-03-10",18.5,31.88,39.13
"2021-03-11",18.4,31.88,39.1
"2021-03-12",18.4,31.88,39
"2021-03-15",18.4,32,38.64
"2021-03-16",18.45,32.5,38.5
"2021-03-17",18.45,32.38,38.53
"2021-03-18",18.35,32,38.6
"2021-03-19",18.35,32.44,38.68
"2021-03-22",18.4,32.63,38.73
"2021-03-23",18.4,33.18,38.75
"2021-03-24",18.4,33.63,38.76
"2021-03-25",18.4,33.25,38.65
"2021-03-26",18.4,33.25,38.7
"2021-03-29",18.4,33.25,38.74
"2021-03-30",18.4,33.19,38.75
"2021-03-31",18.5,33.13,38.73
"2021-04-01",18.5,32.8,38.8
"2021-04-06",18.5,32.8,38.85
"2021-04-07",18.5,32.8,38.75
"2021-04-08",18.5,33.13,38.8
"2021-04-09",18.5,33.25,38.78
"2021-04-12",18.5,34.37,38.85
"2021-04-13",18.5,34.95,38.94
"2021-04-14",18.4,35.25,38.78
"2021-04-15",18.4,35.18,38.98
"2021-04-16",18.4,35.38,38.78
"2021-04-19",18.4,35.38,38.8
"2021-04-20",18.4,35.38,37.75
"2021-04-21",18.4,35.38,38.74
"2021-04-22",18.4,34.13,38.63
"2021-04-23",18.4,34.03,38.6
"2021-04-26",18.4,34.25,38.6
"2021-04-27",18.35,34.26,38.68
"2021-04-28",18.35,33.88,38.65
"2021-04-29",18.4,33.88,38.65
"2021-04-30",18.4,34.13,38.65
"2021-05-03",18.4,34.88,38.6
"2021-05-04",18.4,35.68,38.63
"2021-05-05",18.4,35.85,38.63
"2021-05-06",18.4,35.58,38.68
"2021-05-07",18.4,35.6,38.68
"2021-05-10",18.4,35.5,38.75
"2021-05-11",18.4,35.38,38.7
"2021-05-12",18.4,36.08,38.65
"2021-05-13",18.4,35.65,38.65
"2021-05-14",18.4,35.63,38.65
"2021-05-17",18.4,35.44,38.8
"2021-05-18",18.45,35,38.75
"2021-05-19",18.6,35.05,38.73
"2021-05-20",18.6,35.28,38.78
"2021-05-21",18.6,35.45,38.75
"2021-05-24",18.6,35.35,38.75
"2021-05-25",18.6,35.4,38.73
"2021-05-26",18.6,35.4,38.73
"2021-05-27",18.6,34.88,38.55
"2021-05-28",18.6,34.63,38.6
"2021-05-31",18.6,35.25,38.6
"2021-06-01",18.6,35.34,38.6
"2021-06-02",18.6,34.83,38.69
"2021-06-03",18.6,35.28,38.68
"2021-06-04",18.6,35.15,38.65
"2021-06-07",18.6,35,38.68
"2021-06-08",18.7,35.13,38.73
"2021-06-09",19,34.58,38.6
"2021-06-10",19,34.58,38.59
"2021-06-11",19,34.55,38.65
"2021-06-14",19,34.55,38.65
"2021-06-15",19,34,38.63
"2021-06-16",19,33.69,38.63
"2021-06-17",19.15,33.88,38.68
"2021-06-18",19.15,33,38.65
"2021-06-21",19.3,33.31,38.65
"2021-06-22",19.3,33.34,38.66
"2021-06-23",19.3,32.88,38.74
"2021-06-24",19.3,33.15,38.8
"2021-06-25",19.3,33.25,38.83
"2021-06-28",19.3,33.25,38.83
"2021-06-29",19.3,33.13,38.8
"2021-06-30",19.3,33.13,38.89
"2021-07-01",19.3,33.18,38.84
"2021-07-02",20,33.25,38.83
"2021-07-05",20,33.13,38.8
"2021-07-06",20.1,33.2,38.8
"2021-07-07",20.25,33.45,38.78
"2021-07-08",20.25,34.63,38.88
"2021-07-09",20.25,34.38,38.81
"2021-07-12",20.25,34.13,38.83
"2021-07-13",20.25,34.38,38.8
"2021-07-14",20.25,34.31,38.86
"2021-07-15",20.25,34.88,38.88
"2021-07-16",21,34.98,38.88
"2021-07-19",21.2,34.85,38.83
"2021-07-20",21.5,34.83,38.9
"2021-07-21",21.5,34.68,38.88
"2021-07-22",21.5,34.75,38.88
"2021-07-23",21.5,34.88,38.8
"2021-07-26",21.5,34.75,38.68
"2021-07-27",21.5,34.75,38.68
"2021-07-28",21.5,34.75,38.6
"2021-07-29",21.5,34.75,38.55
"2021-07-30",22,34.75,38.49
"2021-08-02",22,33.88,38.51
"2021-08-03",22.1,33.75,38.56
"2021-08-04",22.1,33.79,38.59
"2021-08-05",22.1,33.71,38.63
"2021-08-06",22.1,33.75,38.65
"2021-08-09",22.1,33.75,38.63
"2021-08-10",22.1,34.13,38.65
"2021-08-11",22.35,34.63,38.73
"2021-08-12",22.35,34.75,38.78
"2021-08-13",22.4,34.85,38.85
"2021-08-16",22.4,35.18,38.89
"2021-08-17",22.4,35.05,38.94
"2021-08-18",22.6,34.56,38.88
"2021-08-19",23,34.26,38.92
"2021-08-20",23,33.93,38.9
"2021-08-23",23,33.8,38.9
"2021-08-24",23.1,33.79,38.92
"2021-08-25",23.1,34.45,38.98
"2021-08-26",23.1,34.63,38.95
"2021-08-27",23.1,34.78,38.91
"2021-08-30",23.1,34.63,38.95
"2021-08-31",23.1,34.48,38.9
"2021-09-01",23.1,34.7,38.91
"2021-09-02",23.1,34.38,38.95
"2021-09-03",23.1,34.8,38.97
"2021-09-06",23.1,34.95,38.98
"2021-09-07",23.1,34.98,38.98
"2021-09-08",23.1,35,39.08
"2021-09-09",23.1,35,39.18
"2021-09-10",24.5,35.36,39.23
"2021-09-13",24.5,35.3,39.28
"2021-09-14",25.25,35.55,39.3
"2021-09-15",25.25,36.31,39.26
"2021-09-16",26,37.3,39.28
"2021-09-17",26,36.9,39.26
"2021-09-20",26,37.13,39.15
"2021-09-21",26,38.13,39.15
"2021-09-22",26,37.88,39.06
"2021-09-23",26,38.13,38.95
"2021-09-24",26,38.11,38.91
"2021-09-27",26,38,38.88
"2021-09-28",26,38.38,38.9
"2021-09-29",26,39.07,38.85
"2021-09-30",26,39.93,38.78
"2021-10-01",28.75,40.63,38.75
"2021-10-04",28.75,40.63,38.75
"2021-10-05",28.75,40,38.9
"2021-10-06",29.5,40.25,38.89
"2021-10-07",29.5,42.13,38.98
"2021-10-08",29.5,41.81,39.07
"2021-10-11",29.5,42.13,39.11
"2021-10-12",29.5,42.25,39.2
"2021-10-13",31,41.88,39.25
"2021-10-14",31,42.63,39.25
"2021-10-15",31,42.63,39.29
"2021-10-18",32.5,40.75,39.3
"2021-10-19",32.5,41.63,39.33
"2021-10-20",32.5,41.9,39.35
"2021-10-21",33.5,41.83,39.33
"2021-10-22",33.5,41.83,39.04
"2021-10-25",33.5,41.75,39.1
"2021-10-26",33.5,42.08,39.1
"2021-10-27",34,41.3,39.05
"2021-10-28",35.5,40.9,38.96
"2021-10-29",35.75,41.5,38.98
"2021-11-01",35.75,40.75,38.93
"2021-11-02",35.75,41.5,38.95
"2021-11-03",36,41.5,38.98
"2021-11-04",36,41.5,39
"2021-11-05",37,41.13,39
"2021-11-08",37,41.13,39
"2021-11-09",37,41,39.05
"2021-11-10",37,41.13,39.07
"2021-11-11",37,40.63,38.95
"2021-11-12",37,40.63,39.03
"2021-11-15",37,40.03,39.01
"2021-11-16",38,40.1,39.01
"2021-11-17",38,40.53,39
"2021-11-18",39.25,41.35,39.03
"2021-11-19",39.25,41.25,38.99
"2021-11-22",39.25,41.5,39.05
"2021-11-23",39.25,41.58,39
"2021-11-24",40,41.68,39.02
"2021-11-25",40,41.63,39.08
"2021-11-26",40.75,41.88,39.05
"2021-11-29",40.75,42,39
"2021-11-30",41.5,42,39.05
"2021-12-01",41.5,42,39.07
"2021-12-02",41.5,42,39
"2021-12-03",41.5,42,39.03
"2021-12-06",41.5,42.04,39.04
"2021-12-07",41.5,42,39
"2021-12-08",42.2,43.38,39.02
"2021-12-09",42.75,44.09,39.04
"2021-12-10",42.75,44.13,39.03
"2021-12-13",44,43.91,39
"2021-12-14",45.75,43.93,39.01
"2021-12-15",45.75,43.58,39
"2021-12-16",47,43.65,39
"2021-12-17",47.75,42.83,39
"2021-12-20",48.5,42.38,39
"2021-12-21",49,42.57,38.98
"2021-12-22",49,42.49,39
"2021-12-23",51,43,39
"2021-12-27",51,43,39
"2021-12-28",51,43,39
"2021-12-29",51,43,39
"2021-12-30",51,43,39
"2021-12-31",51,43,39
"2022-01-04",51,43.75,39.05
"2022-01-05",51,43.75,38.95
"2022-01-06",51,43.88,38.95
"2022-01-07",51,44.31,38.98
"2022-01-10",51,44.85,39.01
"2022-01-11",52,44.91,39.01
"2022-01-12",53,44.93,39.05
"2022-01-13",54,45.75,39.08
"2022-01-14",54,45.56,39.09
"2022-01-17",55.25,45.38,39.05
"2022-01-18",55.25,45.13,39.25
"2022-01-19",55.25,45.15,39.25
"2022-01-20",55.25,45,39.25
"2022-01-21",55.25,45,39.25
"2022-01-24",57.15,44.55,39.15
"2022-01-25",57,44.5,39.15
"2022-01-26",57,44.5,39.15
"2022-01-27",57,44.63,39.2
"2022-01-28",56.9,45.5,39.1
"2022-01-31",56.5,45.78,39.1
"2022-02-01",56.5,47.5,39.1
"2022-02-02",55,47.25,39.1
"2022-02-03",54.75,47.75,39.1
"2022-02-04",55.25,46.56,39.18
"2022-02-07",55.25,45.88,39.4
"2022-02-08",54.5,45.83,39.63
"2022-02-09",53.5,45.85,39.44
"2022-02-10",52.5,45.75,39.3
"2022-02-11",52.25,45.21,39.25
"2022-02-14",51.75,45.38,39.33
"2022-02-15",51,45.38,39.36
"2022-02-16",51.5,45.4,39.4
"2022-02-17",51.5,43,39.45
"2022-02-18",50.25,43.88,39.43
"2022-02-21",50.25,43.63,39.45
"2022-02-22",50.25,43.63,39.65
"2022-02-23",50.25,44.88,39.55
"2022-02-24",50.25,44.93,39.53
"2022-02-25",50.25,44.9,39.55
"2022-02-28",48,44.75,39.55
"2022-03-01",48.25,44.75,39.65
"2022-03-02",47,44.51,39.65
"2022-03-03",46.75,44.5,39.8
"2022-03-04",35.4,45,39.76
"2022-03-07",35.4,44.6,39.78
"2022-03-08",29.25,43.88,39.79
"2022-03-09",30,43.63,39.8
"2022-03-10",30,43.63,39.75
"2022-03-11",30.5,43.5,39.85
"2022-03-14",30.5,43.58,39.95
"2022-03-15",30.75,44.04,39.94
"2022-03-16",31,44.45,39.8
"2022-03-17",31,45.55,39.95
"2022-03-18",31,45.96,40.03
"2022-03-21",31,46,39.9
"2022-03-22",31,46.25,39.9
"2022-03-23",31,46,39.9
"2022-03-24",31,46.36,39.9
"2022-03-25",31,46,39.9
"2022-03-28",30.5,46.58,39.9
"2022-03-29",30.5,47.03,39.9
"2022-03-30",30.5,46.5,39.9
"2022-03-31",30.5,48,39.9
"2022-04-01",30.5,48.22,39.9
"2022-04-04",30.5,48.64,39.93
"2022-04-05",30.5,49.18,40
"2022-04-06",30,49.4,40
"2022-04-07",30,49,40
"2022-04-08",30,49.07,40
"2022-04-11",30,48.92,39.8
"2022-04-12",30,49,39.95
"2022-04-13",30,49,39.95
"2022-04-14",30,48.88,40
"2022-04-19",30,49,40
"2022-04-20",30,49,40
"2022-04-21",30,48.75,40
"2022-04-22",30,48,40
"2022-04-26",30,48.5,40
"2022-04-27",30,48.25,40
"2022-04-28",30,49.25,40
"2022-04-29",28,48.5,40
"2022-05-02",28,48.6,39.73
"2022-05-03",28,48.25,39.95
"2022-05-04",28,48.25,40
"2022-05-05",27.95,48.13,40
"2022-05-06",27.95,48.18,40
"2022-05-09",27.95,48.5,40
"2022-05-10",27.95,47.75,40
"2022-05-11",28.5,47.63,40
"2022-05-12",29.25,47.75,40
"2022-05-13",29.5,47.5,40
"2022-05-16",29.5,47.5,40
"2022-05-17",29.5,47.38,40
"2022-05-18",29.5,47.5,40
"2022-05-19",29.6,47.38,40
"2022-05-20",30,47.4,40
"2022-05-23",35.5,47.75,40
"2022-05-24",36,48.3,40
"2022-05-25",36,48.35,40
"2022-05-26",35.5,48.63,40
"2022-05-27",35.5,47.98,40
"2022-05-30",35.5,48,40.55
"2022-05-31",35.5,47.88,40.55
"2022-06-01",35.5,48,40.55
"2022-06-02",35.5,48,40.55
"2022-06-03",35.5,48,40.55
"2022-06-06",35.5,48,40.55
"2022-06-07",35.5,48.13,40.55
"2022-06-08",35.5,48.18,40.55
"2022-06-09",35.25,49,40.55
"2022-06-10",35.25,49.25,40.55
"2022-06-14",35.25,48.85,40.15
"2022-06-15",35.25,48.88,40.13
"2022-06-16",35.25,49,40.05
"2022-06-20",35.25,49.13,40
"2022-06-21",35.35,50.13,40
"2022-06-22",35.35,49.13,40
"2022-06-23",35.4,49.98,40.1
"2022-06-24",35.4,49.98,40.1
"2022-06-27",35.4,50.63,39.98
"2022-06-28",35.4,49.98,39.98
"2022-06-29",35.2,49.8,39.95
"2022-06-30",35,49.63,39.98
"2022-07-01",35,49.75,39.98
"2022-07-04",35,49.88,39.98
"2022-07-05",35,49.88,39.98
"2022-07-06",35,50.05,40.05
"2022-07-07",35,50,40.05
"2022-07-08",35,50,40.05
"2022-07-11",35,50.55,40.05
"2022-07-12",35,50.63,40.1
"2022-07-13",31,50.88,40.1
"2022-07-14",31,50.88,40.15
"2022-07-15",30.25,51,40.15
"2022-07-18",30.25,51.5,40.15
"2022-07-19",30.25,50.95,40.13
"2022-07-20",30.25,51.07,40.2
"2022-07-21",29,50.92,40.2
"2022-07-22",29,50.53,40.15
"2022-07-25",29,50.26,40.15
"2022-07-26",29,50.4,40.15
"2022-07-27",29,50.93,40.03
"2022-07-28",28.25,51,40.15
"2022-07-29",28,50.95,40.1
"2022-08-01",28,50.93,40.1
"2022-08-02",27.75,50.96,40.1
"2022-08-03",27.75,51.23,40.1
"2022-08-04",27.75,51.4,40.1
"2022-08-05",27.75,51.25,40.1
"2022-08-08",27.75,51.44,40.13
"2022-08-09",27.5,51.89,40.1
"2022-08-10",27.5,52.35,39.86
"2022-08-11",27.5,52.9,39.86
"2022-08-12",27.5,53.39,39.83
"2022-08-15",27.5,53.3,39.63
"2022-08-16",26,53.53,39.63
"2022-08-17",26.5,53.5,39.9
"2022-08-18",28,53.98,39.63
"2022-08-19",28,54.19,39.76
"2022-08-22",28,54.19,39.63
"2022-08-23",28,55,39.5
"2022-08-24",28.5,55.63,39.5
"2022-08-25",28.35,56.2,39.5
"2022-08-26",28.75,57.13,39.5
"2022-08-29",28.75,59,39.25
"2022-08-30",28.5,59,39.25
"2022-08-31",28.5,58.75,39.5
"2022-09-01",28.5,59.38,39.5
"2022-09-02",28.75,59.75,39.75
"2022-09-05",28.75,59.63,39.75
"2022-09-06",28.75,59.85,39.75
"2022-09-07",29.25,62.17,40.25
"2022-09-08",29.25,62.63,40.25
"2022-09-09",29.25,63.5,40.35
"2022-09-12",29.25,63.5,40.25
"2022-09-13",29.5,64.67,40
"2022-09-14",29.9,68.13,40
"2022-09-15",30.3,70.33,40
"2022-09-16",30.3,70,40
"2022-09-19",30.3,69.75,40
"2022-09-20",30.25,69.38,39.5
"2022-09-21",31.25,69.5,39.5
"2022-09-23",31.25,68.88,40.13
"2022-09-26",31.25,68.75,39.5
"2022-09-27",31,68.61,39.68
"2022-09-28",31,64.61,39.68
"2022-09-29",30.75,63.31,39.5
"2022-09-30",30.75,64,39.5
"2022-10-03",30.75,64.15,39.63
"2022-10-04",30.25,65,39.75
"2022-10-05",30.25,66.5,40.5
"2022-10-06",30,67.25,40.38
"2022-10-07",30,67.5,40.25
"2022-10-10",30,68,40
"2022-10-11",30,66.5,40
"2022-10-12",29.75,66.25,40
"2022-10-13",29.75,65.6,40
"2022-10-14",29.75,64.88,40
"2022-10-17",29.75,64.25,40
"2022-10-18",29.5,64.87,40
"2022-10-19",29.25,64.7,40
"2022-10-20",29.25,64.25,39.88
"2022-10-21",29.6,65.06,39.75
"2022-10-24",29.6,65.88,39.63
"2022-10-25",29.6,65.88,39.63
"2022-10-26",30,65,39.9
"2022-10-27",30,65,40
"2022-10-28",30,65.13,39.9
"2022-10-31",29.75,65.5,40
"2022-11-01",29.75,65.75,40
"2022-11-02",29.75,66.13,40
"2022-11-03",29.75,65.88,40
"2022-11-04",29.75,65.38,39.95
"2022-11-07",29.75,65,40
"2022-11-08",29.75,65.2,40
"2022-11-09",30,65.5,40
"2022-11-10",31.5,65.5,40
"2022-11-11",31.5,66.5,40
"2022-11-14",31.5,66.5,40
"2022-11-15",32,66,40.03
"2022-11-16",32,66.46,40.05
"2022-11-17",32,66.51,40.05
"2022-11-18",32,66.44,40.05
"2022-11-21",32,66.59,39.97
"2022-11-22",32,66.41,40.08
"2022-11-23",32,66,40
"2022-11-24",32,64.88,39.93
"2022-11-25",32,64.75,39.95
"2022-11-28",32,65.5,39.95
"2022-11-29",32,64.38,40
"2022-11-30",32,65.06,39.95
"2022-12-01",32.5,65.04,40
"2022-12-02",32.5,65,39.9
"2022-12-05",32.5,64.67,39.9
"2022-12-06",32.5,65.03,39.9
"2022-12-07",33,65.06,39.9
"2022-12-08",33,65,39.9
"2022-12-09",33,64.75,40
"2022-12-12",33.25,64.5,40
"2022-12-13",33.5,64.75,40
"2022-12-14",33.8,64.5,40
"2022-12-15",33.75,64.75,40
"2022-12-16",33.75,63.5,40
"2022-12-19",33.75,63,40
"2022-12-20",33.75,59,40
"2022-12-21",33.75,58.75,40
"2022-12-22",33.75,58.75,40
"2022-12-23",33.75,58.85,40
"2022-12-28",33.75,58.85,40
"2022-12-29",33.75,58.85,40
"2022-12-30",33.75,58.85,40
"2023-01-03",33.75,57,40
"2023-01-04",33.75,54.5,39.5
"2023-01-05",33.75,55,39.75
"2023-01-06",33.75,53.38,39.89
"2023-01-09",33.75,52.5,39.88
"2023-01-10",34.5,54.27,39.75
"2023-01-11",35,55.08,40
"2023-01-12",35,54.78,39.5
"2023-01-13",35.5,54.86,39.5
"2023-01-16",35.6,53.43,39.9
"2023-01-17",36.25,52.13,39.9
"2023-01-18",36.85,50.94,39.9
"2023-01-19",37.25,50.83,39.9
"2023-01-20",38.95,50.88,39.9
"2023-01-23",38.95,50.75,39.9
"2023-01-24",38.5,50.88,39.9
"2023-01-25",38.5,51.13,40
"2023-01-26",38.5,51.25,40
"2023-01-27",38.5,51,40
"2023-01-30",38.5,51.11,39.9
"2023-01-31",38.5,50.17,39.9
"2023-02-01",38.5,49.22,39.9
"2023-02-02",37,48.88,40.3
"2023-02-03",37,48.67,40.3
"2023-02-06",37,48.88,40.3
"2023-02-07",36.5,49.45,39.9
"2023-02-08",36,49,39.9
"2023-02-09",34.25,49.25,40
"2023-02-10",34.25,47.21,40
"2023-02-13",34.25,47,40
"2023-02-14",35.75,48,39.75
"2023-02-15",35,44.33,40
"2023-02-16",36,45,40
"2023-02-17",36,40.59,40
"2023-02-20",36.25,43,40
"2023-02-21",36.5,42.38,40
"2023-02-22",35.75,42.5,39.9
"2023-02-23",35.75,41.63,39.9
"2023-02-24",35.75,42.38,39.9
"2023-02-27",35.75,42.43,40
"2023-02-28",36.5,43.25,40
"2023-03-01",36.65,45,39.9
"2023-03-02",36.5,45.75,39.9
"2023-03-03",36.5,45.25,39.9
"2023-03-06",36.5,45.25,39.9
"2023-03-07",37,46.1,39.9
"2023-03-08",37,46.5,39.9
"2023-03-09",37,46.75,39.9
"2023-03-10",37,47.5,39.9
"2023-03-13",37,47.5,39.9
"2023-03-14",37,47,39.9
"2023-03-15",37,47,39.9
"2023-03-16",37,46,39.9
"2023-03-17",37,46,39.9
"2023-03-20",36.5,45.75,39.9
"2023-03-21",36.5,46.25,39.9
"2023-03-22",36.5,47.5,39.9
"2023-03-23",36.5,47.5,39.9
"2023-03-24",36.75,47.5,39.9
"2023-03-27",37.5,49.25,39.9
"2023-03-28",38.75,49,39.9
"2023-03-29",38.75,49,39.9
"2023-03-30",38.5,49,39.9
"2023-03-31",38.5,49,39.9
"2023-04-03",38.75,49.75,39.9
"2023-04-04",39,49.75,39.9
"2023-04-05",39,49.75,39.9
"2023-04-06",39.25,49.75,39.9
"2023-04-11",39.25,49.75,39.9
"2023-04-12",38.1,49.9,39.9
"2023-04-13",37.75,49.5,39.9
"2023-04-14",38.1,50,39.9
"2023-04-17",38.25,50.3,39.9
"2023-04-18",38.25,51.25,39.9
"2023-04-19",38.25,52.5,39.9
"2023-04-20",38.25,52,39.9
"2023-04-21",37.25,51.75,39.9
"2023-04-24",37.25,52.1,39.9
"2023-04-26",37.5,51.25,39.9
"2023-04-27",37.6,52,39.9
"2023-04-28",37.6,52.6,39.9
"2023-05-01",38,52.6,39.9
"2023-05-02",38,54.25,39.9
"2023-05-03",38,54.25,39.9
"2023-05-04",37.5,54.25,39.9
"2023-05-05",37.5,54,39.9
"2023-05-08",37.5,53.5,39.9
"2023-05-09",37.75,53.3,39.9
"2023-05-10",37.9,53.5,39.9
"2023-05-11",37.9,53.7,39.9
"2023-05-12",37.6,53.75,39.9
"2023-05-15",37.6,53.75,39.9
"2023-05-16",37.6,53.5,39.9
"2023-05-17",36.5,54,39.9
"2023-05-18",36.5,54,39.9
"2023-05-19",36.5,53.9,39.9
"2023-05-22",36.5,55,39.9
"2023-05-23",36.5,54.5,39.9
"2023-05-24",36.5,55.5,39.9
"2023-05-25",36.5,55.75,39.9
"2023-05-26",35.25,57,39.9
"2023-05-29",35,57.5,39.9
"2023-05-30",34.75,58,39.9
"2023-05-31",34.75,58.25,39.9
"2023-06-01",34.75,58.25,39.9
"2023-06-02",34.75,58.5,39.9
"2023-06-05",34.75,58.5,39.9
"2023-06-06",35.75,57.75,39.9
"2023-06-07",35.5,57.3,39.9
"2023-06-08",35.5,57.3,39.9
"2023-06-09",35.5,57,39.9
"2023-06-13",35.5,56.25,39.9
"2023-06-14",35.5,55.85,39.9
"2023-06-15",34.5,55.75,39.9
"2023-06-16",34.5,55.75,39.9
"2023-06-19",34.5,56,39.9
"2023-06-20",34,55.35,39.9
"2023-06-21",33.5,55.35,39.9
"2023-06-22",33.5,54.75,39.9
"2023-06-23",31.5,54,39.9
"2023-06-26",31.5,52.5,39.9
"2023-06-27",31.5,51.9,39.9
"2023-06-28",31.25,52,39.9
"2023-06-29",31.75,53.5,39.9
"2023-06-30",31.85,54.5,39.9
"2023-07-03",31.85,55,39.9
"2023-07-04",31.85,55.5,39.9
"2023-07-05",28.25,56.75,39.9
"2023-07-06",28.25,57.25,39.9
"2023-07-07",26.5,58,39.9
"2023-07-10",26,58,39.9
"2023-07-11",28.65,57.75,39.9
"2023-07-12",28,57,39.9
"2023-07-13",28.75,56.75,39.9
"2023-07-14",28.75,56.75,39.9
"2023-07-17",28.75,56.75,39.9
"2023-07-18",28,55.25,39.9
"2023-07-19",28,55.5,39.9
"2023-07-20",28,55.75,39.9
"2023-07-21",28,56,39.9
"2023-07-24",27.75,56.25,39.9
"2023-07-25",27.75,56.5,39.9
"2023-07-26",27.75,56.25,39.9
"2023-07-27",27.75,56.25,39.9
"2023-07-28",29,56.25,39.9
"2023-07-31",29,56.25,39.9
"2023-08-01",30.25,56,39.9
"2023-08-02",30.25,56,39.9
"2023-08-03",30.25,56,39.9
"2023-08-04",30.25,56,39.9
"2023-08-07",30.25,54.5,39.9
"2023-08-08",30.25,54.5,39.9
"2023-08-09",31.75,55.65,39.9
"2023-08-10",32,57.5,39.9
"2023-08-11",32,57.5,39.9
"2023-08-14",32,57.5,39.9
"2023-08-15",32,56.5,39.9
"2023-08-16",32.15,56,39.9
"2023-08-17",32.15,56.25,39.9
"2023-08-18",32.15,56.25,39.9
"2023-08-21",31.5,55.5,39.9
"2023-08-22",31.5,55.5,39.9
"2023-08-23",31.5,54.75,39.9
"2023-08-24",31.5,55.5,39.9
"2023-08-25",31.5,55.5,39.9
"2023-08-28",31.5,55.25,39.9
"2023-08-29",31.5,54.25,39.9
"2023-08-30",29.5,54,39.9
"2023-08-31",31,54,39.9
"2023-09-01",30.25,54,39.9
"2023-09-04",29,54,39.9
"2023-09-05",29,53.75,39.9
"2023-09-06",29,54,39.9
"2023-09-07",29,54.25,39.9
"2023-09-08",31,54,39.9
"2023-09-11",31.25,54,39.9
"2023-09-12",31,54.25,39.9
"2023-09-13",31,54.25,39.9
"2023-09-14",31,54,39.9
"2023-09-15",31,54,39.9
"2023-09-18",30.5,53.25,39.8
"2023-09-19",31,53,39.81
"2023-09-20",31,52.5,39.8
"2023-09-21",30.85,52.5,39.8
"2023-09-22",31,52.5,39.8
"2023-09-25",30.75,52.25,39.8
"2023-09-26",30.5,52.25,39.8
"2023-09-27",30.5,52,39.8
"2023-09-28",30.5,51.75,39.8
"2023-09-29",30,51.75,39.8
"2023-10-02",30,51.75,39.85
"2023-10-03",30,51.5,39.85
"2023-10-04",31,51.5,39.85
"2023-10-05",31,51.5,39.85
"2023-10-06",31,51.5,39.85
"2023-10-09",30.75,51.5,39.85
"2023-10-10",30.75,51.75,39.85
"2023-10-11",32.5,51,39.85
"2023-10-12",32.5,51.5,39.85
"2023-10-13",32.5,51.25,39.9
"2023-10-16",32.5,51.25,39.9
"2023-10-17",32.5,50.75,39.9
"2023-10-18",31.25,50.75,39.9
"2023-10-19",31.25,50.5,39.9
"2023-10-20",31.25,49.5,39.9
"2023-10-23",31.25,48.5,39.9
"2023-10-24",31.25,47.5,39.9
"2023-10-25",31,45.5,39.9
"2023-10-26",31,45.5,39.9
"2023-10-27",31,46.25,39.9
"2023-10-30",30.25,46.75,39.9
"2023-10-31",30.25,49.5,39.9
"2023-11-01",30.25,49.5,39.9
"2023-11-02",31,49.5,39.9
"2023-11-03",31.25,48.4,39.9
"2023-11-06",31.25,47,39.9
"2023-11-07",31.25,47,39.9
"2023-11-08",31,46.5,39.9
"2023-11-09",31,46.25,39.9
"2023-11-10",31,46.25,39.2
"2023-11-13",31,46.25,39.2
"2023-11-14",30.4,47,39.2
"2023-11-15",31,47.75,39.2
"2023-11-16",31,47.5,39.2
"2023-11-17",31,47,39.2
"2023-11-20",31,47.25,39.2
"2023-11-21",31,46.75,39.25
"2023-11-22",31,46.75,39.25
"2023-11-23",30.9,46.5,39.25
"2023-11-24",31,46.5,39.25
"2023-11-27",31,46.25,39.3
"2023-11-28",31.5,47,39.3
"2023-11-29",31.5,47.25,39.3
"2023-11-30",31.5,46.9,39.3
"2023-12-01",31.5,47.5,39.3
"2023-12-04",31.75,48,39.3
"2023-12-05",31.75,49,39.3
"2023-12-06",31.75,48.75,39.3
"2023-12-07",31.9,49,39.3
"2023-12-08",31.9,49,39.3
"2023-12-11",32.25,48.5,39.3
"2023-12-12",32.25,48.25,39.3
"2023-12-13",32.25,48.25,39.3
"2023-12-14",32.25,48.25,39.3
"2023-12-15",32.35,48,39.3
"2023-12-18",32.35,47.25,39.3
"2023-12-19",32.25,47.25,39.3
"2023-12-20",32.25,47.5,39.3
"2023-12-21",32.25,49.5,39.3
"2023-12-22",32.25,49.5,39.3
"2023-12-27",33.5,49.5,39.3
"2023-12-28",33.5,49.5,39.3
"2023-12-29",33.5,49.5,39.3
"2024-01-02",33.75,49.5,39.3
"2024-01-03",33.75,49.5,39.3
"2024-01-04",34.5,49,39.3
"2024-01-05",35,49,39.3
"2024-01-08",35.25,49,39.3
"2024-01-09",35,48.25,39.3
"2024-01-10",34.5,48,39.25
"2024-01-11",34.5,47.5,39.35
"2024-01-12",34,47,39.35
"2024-01-15",34,46.5,39.35
"2024-01-16",34,46.25,39.35
"2024-01-17",34,46.25,39.4
"2024-01-18",34,46,39.4
"2024-01-19",34,46,39.4
"2024-01-22",34,46,39.45
"2024-01-23",34.8,46.25,39.45
"2024-01-24",34.8,46.25,39.4
"2024-01-25",34.8,46.5,39.3
"2024-01-29",34.8,46.4,39.3
"2024-01-30",34.8,46.4,39.65
"2024-01-31",34.8,47,39.3
"2024-02-01",35,46.85,39.7
"2024-02-02",35,46.85,39.7
"2024-02-05",35,46.5,39.65
"2024-02-06",35.5,46.4,39.75
"2024-02-07",35.5,46.25,39.7
"2024-02-08",35.5,46.5,39.65
"2024-02-09",35.5,46.5,39.3
"2024-02-12",35.5,46.5,39.3
"2024-02-13",36.15,46.25,39.3
"2024-02-14",36.25,45,39.3
"2024-02-15",36.25,45,39.35
"2024-02-16",35.5,45,39.3
"2024-02-19",35.5,45,39.35
"2024-02-20",35.5,44.5,39.4
"2024-02-21",35.5,44.25,39.4
"2024-02-22",36,43.75,39.6
"2024-02-23",36.1,44.25,39.6
"2024-02-26",36.1,44.75,39.6
"2024-02-27",36.1,44.75,39.6
"2024-02-28",36.1,44.25,39.65
"2024-02-29",36.1,44.5,39.65
"2024-03-01",35.25,44.25,39.65
"2024-03-04",35.25,44.25,39.65
"2024-03-05",35.25,44.15,39.7
"2024-03-06",35.75,44.25,39.7
"2024-03-07",35.75,44.25,39.75
"2024-03-08",35.75,43.75,39.75
"2024-03-11",35.75,44,39.75
"2024-03-12",35.75,44,39.75
"2024-03-13",35.75,44,39.75
"2024-03-14",35.75,44,39.75
"2024-03-15",35.75,44.55,39.75
"2024-03-18",36.25,44.55,39.75
"2024-03-19",36.25,44.6,39.75
"2024-03-20",36.25,45,39.75
"2024-03-21",36.25,45,39.75
"2024-03-22",36.25,45.25,39.75
"2024-03-25",35,45.5,39.8
"2024-03-26",33.75,45.75,39.8
"2024-03-27",33.75,45.75,39.8
"2024-03-28",33.75,46.75,39.8
"2024-04-02",33.9,47,39.85
"2024-04-03",33.9,47,39.85
"2024-04-04",34,46.75,39.85
"2024-04-05",34,46.75,39.85
"2024-04-08",33.5,46.75,39.9
"2024-04-09",33.5,47.25,39.9
"2024-04-10",33.25,47.5,39.9
"2024-04-11",32.5,47,39.9
"2024-04-12",32,47.25,39.9
"2024-04-15",32.15,47.3,39.9
"2024-04-16",32.15,47,39.9
"2024-04-17",33.25,46.85,39.9
"2024-04-18",33,46.75,39.9
"2024-04-19",33,46.75,39.9
"2024-04-22",33.45,46.75,39.9
"2024-04-23",33.4,46.75,39.9
"2024-04-24",33.65,46.5,39.9
"2024-04-26",34.15,46.5,39.9
"2024-04-29",34.25,46.35,39.9
"2024-04-30",33.75,46.5,39.9
"2024-05-01",34,46.5,39.9
"2024-05-02",34,47.3,39.9
"2024-05-03",34,47.3,39.9
"2024-05-06",34,47.3,39.9
"2024-05-07",34,47.3,39.9
"2024-05-08",33.9,47.4,39.9
"2024-05-09",33.9,47.4,39.9
"2024-05-10",34,47.4,39.9
"2024-05-13",34,47.4,39.9
"2024-05-14",33.95,47,39.9
"2024-05-15",33.95,46.35,39.9
"2024-05-16",33.95,46.15,39.9
"2024-05-17",33.85,46,39.9
"2024-05-20",33.6,46.1,39.9
"2024-05-21",33.05,46.1,39.9
"2024-05-22",33,46.1,39.85
"2024-05-23",32.55,46.1,39.85
"2024-05-24",32.55,46.1,39.85
"2024-05-27",32.5,46,39.9
"2024-05-28",32.5,46,39.9
"2024-05-29",32.5,46,39.9
"2024-05-30",33,46,39.9
"2024-05-31",33,46,39.9
"2024-06-03",33,45.75,39.9
"2024-06-04",33,45.75,39.9
"2024-06-05",33,45.25,39.9
"2024-06-06",33.05,45,39.9
"2024-06-07",33.15,45,39.9
"2024-06-11",33.25,44.4,39.9
"2024-06-12",33.25,44.25,39.9
"2024-06-13",33.5,45,39.9
"2024-06-14",33.95,44.5,39.9
"2024-06-17",34.1,44.6,39.9
"2024-06-18",34.45,45.25,39.9
"2024-06-19",34.25,45.15,39.9
"2024-06-20",34.25,45.15,39.85
"2024-06-21",34.25,45.75,39.9
"2024-06-24",34.25,45,39.9
"2024-06-25",34.25,45.25,39.9
"2024-06-26",34.25,45.4,39.9
"2024-06-27",34.25,45.5,39.9
"2024-06-28",34.35,45.5,39.9
"2024-07-01",33.75,46.25,39.9
"2024-07-02",33.05,46.25,39.9
"2024-07-03",33.35,46.5,39.9
"2024-07-04",33.35,46.75,39.9
"2024-07-05",33.5,47,39.9
"2024-07-08",33.75,47.5,39.9
"2024-07-09",34.2,47.75,39.9
"2024-07-10",34.05,47.5,39.9
"2024-07-11",34.55,47.25,39.9
"2024-07-12",34.75,46.75,39.9
"2024-07-15",34.25,46.5,39.9
"2024-07-16",34.25,45.75,39.9
"2024-07-17",34.25,46,39.9
"2024-07-18",34.25,45.75,39.9
"2024-07-19",34.25,45.75,39.9
"2024-07-22",34,45.75,39.9
"2024-07-23",34,45.25,39.9
"2024-07-24",34,45,39.9
"2024-07-25",33.9,45.25,39.9
"2024-07-26",33.9,45.25,39.9
"2024-07-29",33.75,44.75,39.9
"2024-07-30",33.85,44.75,39.9
"2024-07-31",34.3,44.75,39.9
"2024-08-01",34.5,44.75,39.9