"DateTime","NZU Volatility Prices - Percentages","NZUs - April 2022","NZUs - April 2023","NZUs - April 2024","NZUs - April 2025","NZUs - April 2026","NZUs - April 2027","NZUs - April 2028","NZUs - April 2029","NZUs - Spot"
"2019-08-01",,,,,,,,,,23.72
"2019-08-02",,,,,,,,,,23.9
"2019-08-05",,,,,,,,,,23.7
"2019-08-06",,,,,,,,,,23.65
"2019-08-07",,,,,,,,,,23.7
"2019-08-08",,,,,,,,,,23.9
"2019-08-09",,,,,,,,,,24.15
"2019-08-12",,,,,,,,,,24.35
"2019-08-13",,,,,,,,,,24.35
"2019-08-14",,,,,,,,,,24.35
"2019-08-15",,,,,,,,,,24.3
"2019-08-16",,,,,,,,,,24.3
"2019-08-19",,,,,,,,,,24.35
"2019-08-20",,,,,,,,,,24.3
"2019-08-21",,,,,,,,,,24.25
"2019-08-22",,,,,,,,,,24.35
"2019-08-23",,,,,,,,,,24.6
"2019-08-26",,,,,,,,,,24.6
"2019-08-27",,,,,,,,,,24.65
"2019-08-28",,,,,,,,,,24.62
"2019-08-29",,,,,,,,,,24.75
"2019-08-30",,,,,,,,,,24.85
"2019-09-02",,,,,,,,,,24.88
"2019-09-03",,,,,,,,,,25
"2019-09-04",,,,,,,,,,25.05
"2019-09-05",,,,,,,,,,25.07
"2019-09-06",,,,,,,,,,25.05
"2019-09-09",,,,,,,,,,25
"2019-09-10",,,,,,,,,,24.9
"2019-09-11",,,,,,,,,,24.85
"2019-09-12",,,,,,,,,,24.82
"2019-09-13",,,,,,,,,,24.8
"2019-09-16",,,,,,,,,,24.75
"2019-09-17",,,,,,,,,,24.75
"2019-09-18",,,,,,,,,,24.85
"2019-09-19",,,,,,,,,,25
"2019-09-20",,,,,,,,,,24.97
"2019-09-23",,,,,,,,,,24.95
"2019-09-24",,,,,,,,,,24.95
"2019-09-25",,,,,,,,,,24.85
"2019-09-26",,,,,,,,,,24.85
"2019-09-27",,,,,,,,,,24.82
"2019-09-30",,,,,,,,,,24.85
"2019-10-01",,,,,,,,,,24.87
"2019-10-02",,,,,,,,,,24.8
"2019-10-03",,,,,,,,,,24.8
"2019-10-04",,,,,,,,,,24.8
"2019-10-07",,,,,,,,,,24.75
"2019-10-08",,,,,,,,,,24.75
"2019-10-09",,,,,,,,,,24.75
"2019-10-10",,,,,,,,,,24.7
"2019-10-11",,,,,,,,,,24.75
"2019-10-14",,,,,,,,,,24.75
"2019-10-15",,,,,,,,,,24.8
"2019-10-16",,,,,,,,,,24.8
"2019-10-17",,,,,,,,,,24.8
"2019-10-18",,,,,,,,,,24.8
"2019-10-21",,,,,,,,,,24.8
"2019-10-22",,,,,,,,,,24.87
"2019-10-23",,,,,,,,,,24.82
"2019-10-24",,,,,,,,,,24.95
"2019-10-25",,,,,,,,,,24.95
"2019-10-29",,,,,,,,,,25
"2019-10-30",,,,,,,,,,24.95
"2019-10-31",,,,,,,,,,24.97
"2019-11-01",,,,,,,,,,24.97
"2019-11-04",,,,,,,,,,24.95
"2019-11-05",,,,,,,,,,24.95
"2019-11-06",,,,,,,,,,24.97
"2019-11-07",,,,,,,,,,24.95
"2019-11-08",,,,,,,,,,24.95
"2019-11-11",,,,,,,,,,25
"2019-11-12",,,,,,,,,,24.95
"2019-11-13",,,,,,,,,,24.95
"2019-11-14",,,,,,,,,,24.9
"2019-11-15",,,,,,,,,,24.92
"2019-11-18",,,,,,,,,,24.9
"2019-11-19",,,,,,,,,,24.92
"2019-11-20",,,,,,,,,,24.8
"2019-11-21",,,,,,,,,,24.8
"2019-11-22",,,,,,,,,,24.8
"2019-11-25",,,,,,,,,,24.8
"2019-11-26",,,,,,,,,,24.8
"2019-11-27",,,,,,,,,,24.8
"2019-11-28",,,,,,,,,,24.65
"2019-11-29",,,,,,,,,,24.7
"2019-12-02",,,,,,,,,,24.72
"2019-12-03",,,,,,,,,,24.7
"2019-12-04",,,,,,,,,,24.67
"2019-12-05",,,,,,,,,,24.67
"2019-12-06",,,,,,,,,,24.65
"2019-12-09",,,,,,,,,,24.67
"2019-12-10",,,,,,,,,,24.75
"2019-12-11",,,,,,,,,,24.75
"2019-12-12",,,,,,,,,,24.75
"2019-12-13",,,,,,,,,,24.75
"2019-12-16",,,,,,,,,,24.75
"2019-12-17",,,,,,,,,,24.75
"2019-12-18",,,,,,,,,,24.75
"2019-12-19",,,,,,,,,,24.7
"2019-12-20",,,,,,,,,,28.5
"2019-12-23",,,,,,,,,,28.5
"2019-12-24",,,,,,,,,,28.5
"2019-12-27",,,,,,,,,,28.5
"2019-12-30",,,,,,,,,,28.5
"2019-12-31",,,,,,,,,,28.5
"2020-01-03",,,,,,,,,,28.5
"2020-01-06",,,,,,,,,,28.5
"2020-01-07",,,,,,,,,,28.85
"2020-01-08",,,,,,,,,,28.9
"2020-01-09",,,,,,,,,,28.9
"2020-01-10",,,,,,,,,,28.92
"2020-01-13",,,,,,,,,,28.9
"2020-01-14",,,,,,,,,,29
"2020-01-15",,,,,,,,,,29.08
"2020-01-16",,,,,,,,,,29.15
"2020-01-17",,,,,,,,,,29.15
"2020-01-21",,,,,,,,,,29.2
"2020-01-22",,,,,,,,,,29.15
"2020-01-23",,,,,,,,,,29.15
"2020-01-24",,,,,,,,,,29.15
"2020-01-28",,,,,,,,,,28.95
"2020-01-29",,,,,,,,,,28.75
"2020-01-30",,,,,,,,,,28.3
"2020-01-31",,,,,,,,,,27.55
"2020-02-03",,,,,,,,,,27.55
"2020-02-04",,,,,,,,,,27.7
"2020-02-05",,,,,,,,,,27.75
"2020-02-07",,,,,,,,,,27.8
"2020-02-10",,,,,,,,,,27.8
"2020-02-11",,,,,,,,,,27.5
"2020-02-12",,,,,,,,,,26.6
"2020-02-13",,,,,,,,,,26.55
"2020-02-14",,,,,,,,,,26.3
"2020-02-17",,,,,,,,,,26.3
"2020-02-18",,,,,,,,,,26.3
"2020-02-19",,,,,,,,,,26.5
"2020-02-20",,,,,,,,,,26.7
"2020-02-21",,,,,,,,,,26.75
"2020-02-24",,,,,,,,,,26.4
"2020-02-25",,,,,,,,,,26.5
"2020-02-26",,,,,,,,,,26.5
"2020-02-27",,,,,,,,,,26.3
"2020-02-28",,,,,,,,,,26.5
"2020-03-02",,,,,,,,,,26.5
"2020-03-03",,,,,,,,,,26.2
"2020-03-04",,,,,,,,,,26
"2020-03-05",,,,,,,,,,26
"2020-03-06",,,,,,,,,,26
"2020-03-09",,,,,,,,,,25.7
"2020-03-10",,,,,,,,,,25.25
"2020-03-11",,,,,,,,,,25.25
"2020-03-12",,,,,,,,,,25.2
"2020-03-13",,,,,,,,,,25.2
"2020-03-16",,,,,,,,,,25.2
"2020-03-17",,,,,,,,,,24.75
"2020-03-18",,,,,,,,,,24.75
"2020-03-19",,,,,,,,,,24.75
"2020-03-20",,,,,,,,,,23.25
"2020-03-23",,,,,,,,,,22.7
"2020-03-24",,,,,,,,,,22.2
"2020-03-25",,,,,,,,,,22.5
"2020-03-26",,,,,,,,,,22.5
"2020-03-27",,,,,,,,,,22.7
"2020-03-30",,,,,,,,,,23.5
"2020-03-31",,,,,,,,,,24
"2020-04-01",,,,,,,,,,24
"2020-04-02",,,,,,,,,,24.5
"2020-04-03",,,,,,,,,,24.25
"2020-04-06",,,,,,,,,,24.25
"2020-04-07",,,,,,,,,,24
"2020-04-08",,,,,,,,,,24
"2020-04-09",,,,,,,,,,24.2
"2020-04-14",,,,,,,,,,24.25
"2020-04-15",,,,,,,,,,24.4
"2020-04-16",,,,,,,,,,24.5
"2020-04-17",,,,,,,,,,24.5
"2020-04-20",,,,,,,,,,24.57
"2020-04-21",,,,,,,,,,24.5
"2020-04-22",,,,,,,,,,24.55
"2020-04-23",,,,,,,,,,24.55
"2020-04-24",,,,,,,,,,24.55
"2020-04-28",,,,,,,,,,24.5
"2020-04-29",,,,,,,,,,24.5
"2020-04-30",,,,,,,,,,24.52
"2020-05-01",,,,,,,,,,24.57
"2020-05-04",,,,,,,,,,24.6
"2020-05-05",,,,,,,,,,24.6
"2020-05-06",,,,,,,,,,24.6
"2020-05-07",,,,,,,,,,24.6
"2020-05-08",,,,,,,,,,24.65
"2020-05-11",,,,,,,,,,24.67
"2020-05-12",,,,,,,,,,24.7
"2020-05-13",,,,,,,,,,24.75
"2020-05-14",,,,,,,,,,24.85
"2020-05-15",,,,,,,,,,25
"2020-05-18",,,,,,,,,,24.95
"2020-05-19",,,,,,,,,,25
"2020-05-20",,,,,,,,,,25.02
"2020-05-21",,,,,,,,,,25.05
"2020-05-22",,,,,,,,,,25
"2020-05-25",,,,,,,,,,25.05
"2020-05-26",,,,,,,,,,25
"2020-05-27",,,,,,,,,,25.1
"2020-05-28",,,,,,,,,,25.05
"2020-05-29",,,,,,,,,,25.05
"2020-06-02",,,,,,,,,,26
"2020-06-03",,,,,,,,,,28
"2020-06-04",,,,,,,,,,28.5
"2020-06-05",,,,,,,,,,29
"2020-06-08",,,,,,,,,,29.5
"2020-06-09",,,,,,,,,,30.75
"2020-06-10",,,,,,,,,,31.4
"2020-06-11",,,,,,,,,,32
"2020-06-12",,,,,,,,,,31.85
"2020-06-15",,,,,,,,,,31.85
"2020-06-16",,,,,,,,,,30.82
"2020-06-17",,,,,,,,,,30
"2020-06-18",,,,,,,,,,30.1
"2020-06-19",,,,,,,,,,31
"2020-06-22",,,,,,,,,,31
"2020-06-23",,,,,,,,,,31
"2020-06-24",,,,,,,,,,31.4
"2020-06-25",,,,,,,,,,31.9
"2020-06-26",,,,,,,,,,31.8
"2020-06-29",,,,,,,,,,31.9
"2020-06-30",,,,,,,,,,32.1
"2020-07-01",,,,,,,,,,32.25
"2020-07-02",,,,,,,,,,32.25
"2020-07-03",,,,,,,,,,32.25
"2020-07-06",,,,,,,,,,32.25
"2020-07-07",,,,,,,,,,32.4
"2020-07-08",,,,,,,,,,32.4
"2020-07-09",,,,,,,,,,32.4
"2020-07-10",,,,,,,,,,32.2
"2020-07-13",,,,,,,,,,31.75
"2020-07-14",,,,,,,,,,31.85
"2020-07-15",,,,,,,,,,32.25
"2020-07-16",,,,,,,,,,32.5
"2020-07-17",,,,,,,,,,32.75
"2020-07-20",,,,,,,,,,32.75
"2020-07-21",,,,,,,,,,32.75
"2020-07-22",,,,,,,,,,33.15
"2020-07-23",,,,,,,,,,33.45
"2020-07-24",,,,,,,,,,33.1
"2020-07-27",,,,,,,,,,33.1
"2020-07-28",,,,,,,,,,33.15
"2020-07-29",,,,,,,,,,33.6
"2020-07-30",,,,,,,,,,34.1
"2020-07-31",,,,,,,,,,34.1
"2020-08-03",,,,,,,,,,34.05
"2020-08-04",,,,,,,,,,34.05
"2020-08-05",,,,,,,,,,33.95
"2020-08-06",,,,,,,,,,33.92
"2020-08-07",,,,,,,,,,33.5
"2020-08-10",,,,,,,,,,33.4
"2020-08-11",,,,,,,,,,33.57
"2020-08-12",,,,,,,,,,33.6
"2020-08-13",,,,,,,,,,33.95
"2020-08-14",,,,,,,,,,33.95
"2020-08-17",,,,,,,,,,33.9
"2020-08-18",,,,,,,,,,33.9
"2020-08-19",,,,,,,,,,33.9
"2020-08-20",,,,,,,,,,33.9
"2020-08-21",,,,,,,,,,33.85
"2020-08-24",,,,,,,,,,33.88
"2020-08-25",,,,,,,,,,34.04
"2020-08-26",,,,,,,,,,34
"2020-08-27",,,,,,,,,,34.05
"2020-08-28",,,,,,,,,,34.05
"2020-08-31",,,,,,,,,,34.12
"2020-09-01",,,,,,,,,,34.12
"2020-09-02",,,,,,,,,,34.08
"2020-09-03",,,,,,,,,,34
"2020-09-04",,,,,,,,,,34
"2020-09-07",,,,,,,,,,34
"2020-09-08",,,,,,,,,,34
"2020-09-09",,,,,,,,,,34.25
"2020-09-10",,,,,,,,,,34.25
"2020-09-11",,,,,,,,,,34.3
"2020-09-14",,,,,,,,,,34.5
"2020-09-15",,,,,,,,,,35
"2020-09-16",,,,,,,,,,35
"2020-09-17",,,,,,,,,,35.05
"2020-09-18",,,,,,,,,,35.05
"2020-09-21",,,,,,,,,,35.07
"2020-09-22",,,,,,,,,,35.05
"2020-09-23",,,,,,,,,,35.05
"2020-09-24",,,,,,,,,,35.05
"2020-09-25",,,,,,,,,,35.05
"2020-09-28",,,,,,,,,,35.05
"2020-09-29",,,,,,,,,,35.02
"2020-09-30",,,,,,,,,,35
"2020-10-01",,,,,,,,,,34.95
"2020-10-02",,,,,,,,,,34.85
"2020-10-05",,,,,,,,,,34.85
"2020-10-06",,,,,,,,,,34.7
"2020-10-07",,,,,,,,,,34.75
"2020-10-08",,,,,,,,,,34.8
"2020-10-09",,,,,,,,,,34.85
"2020-10-12",,,,,,,,,,34.85
"2020-10-13",,,,,,,,,,34.85
"2020-10-14",,,,,,,,,,34.95
"2020-10-15",,,,,,,,,,34.95
"2020-10-16",,,,,,,,,,34.95
"2020-10-19",,,,,,,,,,34.95
"2020-10-20",,,,,,,,,,35.05
"2020-10-21",,,,,,,,,,35.05
"2020-10-22",,,,,,,,,,35.15
"2020-10-23",,,,,,,,,,35.05
"2020-10-27",,,,,,,,,,35.05
"2020-10-28",,,,,,,,,,35.1
"2020-10-29",,,,,,,,,,35.12
"2020-10-30",,,,,,,,,,35.1
"2020-11-02",,,,,,,,,,35.1
"2020-11-03",,,,,,,,,,35.1
"2020-11-04",,,,,,,,,,35.1
"2020-11-05",,,,,,,,,,35.12
"2020-11-06",,,,,,,,,,35.12
"2020-11-09",,,,,,,,,,35.12
"2020-11-10",,,,,,,,,,35.12
"2020-11-11",,,,,,,,,,35.22
"2020-11-12",,,,,,,,,,35.22
"2020-11-13",,,,,,,,,,35.3
"2020-11-16",,,,,,,,,,35.4
"2020-11-17",,,,,,,,,,35.5
"2020-11-18",,,,,,,,,,35.8
"2020-11-19",,,,,,,,,,35.8
"2020-11-20",,,,,,,,,,35.8
"2020-11-23",,,,,,,,,,35.8
"2020-11-24",,,,,,,,,,35.8
"2020-11-25",,,,,,,,,,35.75
"2020-11-26",,,,,,,,,,35.8
"2020-11-27",,,,,,,,,,35.8
"2020-11-30",,,,,,,,,,35.8
"2020-12-01",,,,,,,,,,35.8
"2020-12-02",,,,,,,,,,35.8
"2020-12-03",,,,,,,,,,36.25
"2020-12-04",,,,,,,,,,36.6
"2020-12-07",,,,,,,,,,37.2
"2020-12-08",,,,,,,,,,37.5
"2020-12-09",,,,,,,,,,38
"2020-12-10",,,,,,,,,,38.05
"2020-12-11",,,,,,,,,,38
"2020-12-14",,,,,,,,,,37.8
"2020-12-15",,,,,,,,,,37.6
"2020-12-16",,,,,,,,,,37.6
"2020-12-17",,,,,,,,,,37.6
"2020-12-18",,,,,,,,,,37.65
"2020-12-21",,,,,,,,,,37.65
"2020-12-22",,,,,,,,,,37.62
"2020-12-23",,,,,,,,,,37.6
"2020-12-24",,,,,,,,,,37.55
"2020-12-29",,,,,,,,,,37.55
"2020-12-30",,,,,,,,,,37.55
"2020-12-31",,,,,,,,,,37.55
"2021-01-05",,,,,,,,,,37.67
"2021-01-06",,,,,,,,,,37.67
"2021-01-07",,,,,,,,,,37.67
"2021-01-08",,,,,,,,,,37.67
"2021-01-11",,,,,,,,,,37.67
"2021-01-12",,,,,,,,,,37.95
"2021-01-13",,,,,,,,,,38.2
"2021-01-14",,,,,,,,,,38.4
"2021-01-15",,,,,,,,,,38.45
"2021-01-18",,,,,,,,,,38.2
"2021-01-19",,,,,,,,,,38.4
"2021-01-20",,,,,,,,,,38.4
"2021-01-21",,,,,,,,,,38.32
"2021-01-22",,,,,,,,,,38.4
"2021-01-26",,,,,,,,,,38.4
"2021-01-27",,,,,,,,,,38.5
"2021-01-28",,,,,,,,,,38.5
"2021-01-29",,,,,,,,,,38.6
"2021-02-02",,,,,,,,,,39.6
"2021-02-03",,,,,,,,,,39.5
"2021-02-04",,,,,,,,,,39.5
"2021-02-05",,,,,,,,,,39.4
"2021-02-09",,,,,,,,,,39.1
"2021-02-10",,,,,,,,,,39.1
"2021-02-11",,,,,,,,,,39.1
"2021-02-12",,,,,,,,,,39.1
"2021-02-15",,,,,,,,,,39.2
"2021-02-16",,,,,,,,,,39.2
"2021-02-17",,,,,,,,,,39.2
"2021-02-18",,,,,,,,,,39.2
"2021-02-19",,,,,,,,,,39.2
"2021-02-22",,,,,,,,,,39.3
"2021-02-23",,,,,,,,,,39.2
"2021-02-24",,,,,,,,,,39.2
"2021-02-25",,,,,,,,,,39
"2021-02-26",,,,,,,,,,39.02
"2021-03-01",,,,,,,,,,39.05
"2021-03-02",,,,,,,,,,38.92
"2021-03-03",,,,,,,,,,39
"2021-03-04",,,,,,,,,,38.8
"2021-03-05",,,,,,,,,,38.9
"2021-03-08",,,,,,,,,,38.97
"2021-03-09",,,,,,,,,,38.9
"2021-03-10",,,,,,,,,,38.9
"2021-03-11",,,,,,,,,,38.75
"2021-03-12",,,,,,,,,,38.7
"2021-03-15",,,,,,,,,,38.7
"2021-03-16",,,,,,,,,,38.7
"2021-03-17",,,,,,,,,,37.25
"2021-03-18",,,,,,,,,,37.25
"2021-03-19",,,,,,,,,,37.2
"2021-03-22",,,,,,,,,,37.07
"2021-03-23",,,,,,,,,,36.95
"2021-03-24",,,,,,,,,,37
"2021-03-25",,,,,,,,,,37
"2021-03-26",,,,,,,,,,37
"2021-03-29",,,,,,,,,,37
"2021-03-30",,,,,,,,,,36.9
"2021-03-31",,,,,,,,,,36.9
"2021-04-01",,,,,,,,,,37
"2021-04-06",,,,,,,,,,37.02
"2021-04-07",,,,,,,,,,36.95
"2021-04-08",,,,,,,,,,37
"2021-04-09",,,,,,,,,,37
"2021-04-12",,,,,,,,,,37.15
"2021-04-13",,,,,,,,,,37.25
"2021-04-14",,,,,,,,,,37.3
"2021-04-15",,,,,,,,,,37.3
"2021-04-16",,,,,,,,,,37.32
"2021-04-19",,,,,,,,,,37.3
"2021-04-20",,,,,,,,,,37.3
"2021-04-21",,,,,,,,,,37.3
"2021-04-22",,,,,,,,,,37.5
"2021-04-23",,,,,,,,,,37.6
"2021-04-27",,,,,,,,,,37.55
"2021-04-28",,,,,,,,,,37.45
"2021-04-29",,,,,,,,,,37.47
"2021-04-30",,,,,,,,,,37.52
"2021-05-03",,,,,,,,,,37.5
"2021-05-04",,,,,,,,,,37.5
"2021-05-05",,,,,,,,,,37.45
"2021-05-06",,,,,,,,,,37.4
"2021-05-07",,,,,,,,,,37.4
"2021-05-10",,,,,,,,,,37.35
"2021-05-11",,,,,,,,,,37.25
"2021-05-12",,,,,,,,,,37.2
"2021-05-13",,,,,,,,,,37
"2021-05-14",,,,,,,,,,37
"2021-05-17",,,,,,,,,,37.25
"2021-05-18",,,,,,,,,,37.07
"2021-05-19",,,,,,,,,,36.97
"2021-05-20",,,,,,,,,,37.05
"2021-05-21",,,,,,,,,,37.05
"2021-05-24",,,,,,,,,,36.55
"2021-05-25",,,,,,,,,,36.65
"2021-05-26",,,,,,,,,,36.75
"2021-05-27",,,,,,,,,,37.05
"2021-05-28",,,,,,,,,,37
"2021-05-31",,,,,,,,,,37
"2021-06-01",,,,,,,,,,37.4
"2021-06-02",,,,,,,,,,37.6
"2021-06-03",,,,,,,,,,37.9
"2021-06-04",,,,,,,,,,38.1
"2021-06-08",,,,,,,,,,39.2
"2021-06-09",,,,,,,,,,40.15
"2021-06-10",,,,,,,,,,40.15
"2021-06-11",,,,,,,,,,40.35
"2021-06-14",,,,,,,,,,40.6
"2021-06-15",,,,,,,,,,40.85
"2021-06-16",,,,,,,,,,41.2
"2021-06-17",,,,,,,,,,41.3
"2021-06-18",,,,,,,,,,41.05
"2021-06-21",,,,,,,,,,40.97
"2021-06-22",,,,,,,,,,40.9
"2021-06-23",,,,,,,,,,43.25
"2021-06-24",,,,,,,,,,43.6
"2021-06-25",,,,,,,,,,43.1
"2021-06-28",,,,,,,,,,43.35
"2021-06-29",,,,,,,,,,43.45
"2021-06-30",,,,,,,,,,43.47
"2021-07-01",,,,,,,,,,44
"2021-07-02",,,,,,,,,,44.35
"2021-07-05",,,,,,,,,,44.75
"2021-07-06",,,,,,,,,,45.25
"2021-07-07",,,,,,,,,,46
"2021-07-08",,,,,,,,,,47.5
"2021-07-09",,,,,,,,,,47.8
"2021-07-12",,,,,,,,,,48.05
"2021-07-13",,,,,,,,,,47.7
"2021-07-14",,,,,,,,,,47.3
"2021-07-15",,,,,,,,,,47.55
"2021-07-16",,,,,,,,,,47.8
"2021-07-19",,,,,,,,,,47.9
"2021-07-20",,,,,,,,,,47.82
"2021-07-21",,,,,,,,,,47.97
"2021-07-22",,,,,,,,,,48.1
"2021-07-23",,,,,,,,,,48.12
"2021-07-26",,,,,,,,,,48.05
"2021-07-27",,,,,,,,,,48.5
"2021-07-28",,,,,,,,,,48.6
"2021-07-29",,,,,,,,,,48.6
"2021-07-30",,,,,,,,,,48.6
"2021-08-02",,,,,,,,,,48.6
"2021-08-03",,,,,,,,,,48.8
"2021-08-04",,,,,,,,,,49
"2021-08-05",,,,,,,,,,49.1
"2021-08-06",,,,,,,,,,49.15
"2021-08-09",,,,,,,,,,49.25
"2021-08-10",,,,,,,,,,49.6
"2021-08-11",,,,,,,,,,49.55
"2021-08-12",,,,,,,,,,49.8
"2021-08-13",,,,,,,,,,49.7
"2021-08-16",,,,,,,,,,49.75
"2021-08-17",,,,,,,,,,49.7
"2021-08-18",,,,,,,,,,49.65
"2021-08-19",,,,,,,,,,49.75
"2021-08-20",,,,,,,,,,49.75
"2021-08-23",,,,,,,,,,50.45
"2021-08-24",,,,,,,,,,50.45
"2021-08-25",,,,,,,,,,50.5
"2021-08-26",,,,,,,,,,51
"2021-08-27",,,,,,,,,,51.1
"2021-08-30",,,,,,,,,,51.4
"2021-08-31",,,,,,,,,,51.5
"2021-09-01",,,,,,,,,,59
"2021-09-02",,,,,,,,,,59.5
"2021-09-03",,,,,,,,,,60.1
"2021-09-06",,,,,,,,,,60.6
"2021-09-07",,,,,,,,,,62
"2021-09-08",,,,,,,,,,65.25
"2021-09-09",,,,,,,,,,65.8
"2021-09-10",,,,,,,,,,65
"2021-09-13",,,,,,,,,,61.5
"2021-09-14",,,,,,,,,,63.5
"2021-09-15",,,,,,,,,,64
"2021-09-16",,,,,,,,,,64
"2021-09-17",,,,,,,,,,64
"2021-09-20",,,,,,,,,,64.5
"2021-09-21",,,,,,,,,,64.5
"2021-09-22",,,,,,,,,,64.5
"2021-09-23",,,,,,,,,,64.5
"2021-09-24",,,,,,,,,,64.5
"2021-09-27",,,,,,,,,,64.4
"2021-09-28",,,,,,,,,,63.6
"2021-09-29",,,,,,,,,,64
"2021-09-30",,,,,,,,,,64.5
"2021-10-01",,,,,,,,,,64.5
"2021-10-04",,,,,,,,,,64.5
"2021-10-05",,,,,,,,,,64.5
"2021-10-06",,,,,,,,,,64.7
"2021-10-07",,,,,,,,,,64.5
"2021-10-08",,,,,,,,,,64.6
"2021-10-11",,,,,,,,,,64.5
"2021-10-12",,,,,,,,,,64.5
"2021-10-13",,,,,,,,,,64.85
"2021-10-14",,,,,,,,,,64.8
"2021-10-15",,,,,,,,,,64.8
"2021-10-18",,,,,,,,,,64.75
"2021-10-19",,,,,,,,,,65
"2021-10-20",,,,,,,,,,64.5
"2021-10-21",,,,,,,,,,65
"2021-10-22",,,,,,,,,,65
"2021-10-26",,,,,,,,,,65.1
"2021-10-27",,,,,,,,,,65.1
"2021-10-28",,,,,,,,,,65.25
"2021-10-29",,,,,,,,,,65
"2021-11-01",,,,,,,,,,65.25
"2021-11-02",,,,,,,,,,65.25
"2021-11-03",,,,,,,,,,65.25
"2021-11-04",,,,,,,,,,65.3
"2021-11-05",,,,,,,,,,65.3
"2021-11-08",,,,,,,,,,65.2
"2021-11-09",,,,,,,,,,65.2
"2021-11-10",,,,,,,,,,65.2
"2021-11-11",,,,,,,,,,65
"2021-11-12",,,,,,,,,,64.8
"2021-11-15",,,,,,,,,,64.9
"2021-11-16",,,,,,,,,,65.1
"2021-11-17",,,,,,,,,,65.1
"2021-11-18",,,,,,,,,,64.9
"2021-11-19",,,,,,,,,,64.9
"2021-11-22",,,,,,,,,,64.8
"2021-11-23",,,,,,,,,,64.9
"2021-11-24",,,,,,,,,,64.9
"2021-11-25",,,,,,,,,,64.95
"2021-11-26",,,,,,,,,,64.9
"2021-11-29",,,,,,,,,,65
"2021-11-30",,,,,,,,,,65.05
"2021-12-01",,,,,,,,,,68.5
"2021-12-02",,,,,,,,,,68.4
"2021-12-03",,,,,,,,,,68.3
"2021-12-06",,,,,,,,,,68.25
"2021-12-07",,,,,,,,,,68.4
"2021-12-08",,,,,,,,,,68.15
"2021-12-09",,,,,,,,,,68.15
"2021-12-10",,,,,,,,,,68.1
"2021-12-13",,,,,,,,,,68
"2021-12-14",,68.77,71.17,73.67,76.25,80.75,,,,68.05
"2021-12-15",,68.9,71.3,73.82,76.42,80.95,,,,68.15
"2021-12-16",,68.9,71.3,73.82,76.42,80.95,,,,68.15
"2021-12-17",,68.9,71.3,73.82,76.42,80.95,,,,68.17
"2021-12-20",,69.17,71.6,74.12,76.72,81.25,,,,68.5
"2021-12-21",,69.17,71.6,74.12,76.72,81.25,,,,68.5
"2021-12-22",,69.2,71.65,74.17,76.77,81.3,,,,68.5
"2021-12-23",,69.2,71.65,74.17,76.77,81.3,,,,68.5
"2021-12-24",,69.2,71.65,74.17,76.77,81.3,,,,68.45
"2021-12-27",,69.2,71.65,74.17,76.77,81.3,,,,68.42
"2021-12-28",,69.2,71.65,74.17,76.77,81.3,,,,68.42
"2021-12-29",,68.87,71.27,73.77,76.37,79.05,,,,68.2
"2021-12-30",,68.8,71.22,73.72,76.3,78.97,,,,68.15
"2021-12-31",,68.8,71.22,73.72,76.3,78.97,,,,68.2
"2022-01-03",,68.8,71.22,73.72,76.3,78.97,,,,69.07
"2022-01-04",,68.8,71.22,73.72,76.3,78.97,,,,68.2
"2022-01-05",,68.8,71.22,73.72,76.3,78.97,,,,68.25
"2022-01-06",,68.8,71.22,73.72,76.3,78.97,,,,68.35
"2022-01-07",,68.8,71.22,73.72,76.3,78.97,,,,68.37
"2022-01-10",,69.2,71.62,74.12,76.72,79.42,,,,68.6
"2022-01-11",,69.7,72.12,74.67,77.27,80,,,,69.1
"2022-01-12",,70.85,73.32,75.87,78.57,81.32,,,,70.25
"2022-01-13",,71.6,74.1,76.7,79.4,82.17,,,,72
"2022-01-14",,71.6,74.1,76.6,79.4,83.3,,,,72
"2022-01-17",,72.55,75.1,77.75,80.5,83.3,,,,72.1
"2022-01-18",,72.8,75.43,77.85,80.6,83.4,,,,72.25
"2022-01-19",,73.9,76.5,79.15,81.92,84.75,,,,73.35
"2022-01-20",,74.85,77.5,80.15,82.97,85.9,,,,74.25
"2022-01-21",,75.55,78.15,80.9,83.75,86.67,,,,74.95
"2022-01-24",,75.55,78.15,80.9,83.75,86.67,,,,75
"2022-01-25",,75.55,78.15,80.9,83.75,86.67,,,,74.92
"2022-01-26",,75.65,78.27,81.02,83.85,86.82,,,,75.1
"2022-01-27",,75.8,78.42,81.17,84.05,86.97,,,,75.25
"2022-01-28",,,,,,,,,,74.87
"2022-01-31",,76.75,79.5,82.22,85.12,88.1,,,,76.25
"2022-02-01",,76.75,79.5,82.22,85.12,88.1,,,,76.25
"2022-02-02",,77.25,79.95,82.77,85.67,88.65,,,,76.75
"2022-02-03",,77.67,81.57,85.67,89.95,94.47,,,,77
"2022-02-04",,77.75,80.5,83.27,86.17,89.2,,,,77.25
"2022-02-07",,77.75,80.5,83.27,86.17,89.2,,,,77.25
"2022-02-08",,78.77,81.52,84.37,87.35,90.4,,,,78.3
"2022-02-09",,81.5,84.32,87.27,90.32,93.52,,,,81
"2022-02-10",,81.97,84.82,87.82,90.9,94.1,,,,81.5
"2022-02-11",,83.37,86.27,89.32,92.45,95.67,,,,82.9
"2022-02-14",,84.95,87.92,91,94.2,97.5,,,,84.5
"2022-02-15",,,,,,,,,,86.25
"2022-02-16",,85.95,88.95,92.05,95.3,98.62,,,,85.5
"2022-02-17",,85.5,88.42,91.52,94.75,98.05,,,,85
"2022-02-18",,84.4,87.37,90.45,93.6,96.95,,,,84
"2022-02-21",,84.4,87.37,90.45,93.6,96.95,,,,82.5
"2022-02-22",,,,,,,,,,80.75
"2022-02-23",,81.1,83.95,86.9,89.95,93.1,,,,80.75
"2022-02-24",,81.1,83.95,86.9,89.95,93.1,,,,80
"2022-02-25",,81.1,83.95,86.9,89.95,93.1,,,,80.75
"2022-02-28",,81.1,83.95,86.9,89.95,93.1,,,,80.5
"2022-03-01",,81.1,83.95,86.9,89.95,93.1,,,,80
"2022-03-02",,81.1,81.6,86.9,89.95,93.1,,,,78.5
"2022-03-03",,78.87,81.62,84.47,87.42,90.5,,,,79
"2022-03-04",,79.1,81.67,84.65,,,,,,78.5
"2022-03-07",,76.77,79.45,82.2,85.1,88.1,,,,76.5
"2022-03-08",,76.77,79.45,82.2,85.12,88.1,,,,74.75
"2022-03-09",,70.75,73.2,75.77,78.42,81.17,,,,70.5
"2022-03-10",,70.75,73.2,75.77,78.42,81.17,,,,72
"2022-03-11",,72.7,75.25,77.9,80.65,83.45,,,,72.5
"2022-03-14",,72.7,75.25,77.9,80.65,83.45,,,,72
"2022-03-15",,72.2,74.7,77.32,80.05,82.85,,,,71.75
"2022-03-16",,73.7,76.25,78.95,81.7,84.57,,,,73.5
"2022-03-17",,73.7,76.25,78.95,81.7,84.57,,,,73.62
"2022-03-18",,73.7,76.25,78.95,81.7,84.57,,,,73.62
"2022-03-21",,73.6,76.2,78.85,81.6,84.47,,,,73.45
"2022-03-22",,73,75.6,78.25,81,83.85,,,,72.9
"2022-03-23",,73.45,76,78.7,81.45,84.3,,,,73.3
"2022-03-24",,74.1,76.72,78.52,82.2,85.07,,,,74
"2022-03-25",,75.35,78,80.75,83.57,86.5,,,,75.25
"2022-03-28",,76.1,78.75,81.55,84.4,87.35,,,,76
"2022-03-30",,75.9,78.55,81.3,84.15,87.1,,,,76
"2022-03-31",,75.9,78.55,81.3,84.15,87.1,,,,75.9
"2022-04-01",,75.9,78.55,81.3,84.15,87.1,,,,76
"2022-04-04",,,78.55,81.3,84.15,87.1,75.9,,,76
"2022-04-05",,,78.7,81.45,84.32,87.3,90.35,,,76
"2022-04-06",,,78.7,81.45,84.32,87.3,90.35,,,76
"2022-04-07",,,78.7,81.45,84.32,87.3,90.35,,,75.95
"2022-04-08",,,78.6,81.35,84.17,87.15,90.2,,,75.9
"2022-04-11",,,78.57,81.7,84.95,88.35,91.9,,,75.5
"2022-04-12",,,79.32,82.5,85.77,89.22,92.77,,,76.25
"2022-04-13",,,79.6,82.8,86.05,89.5,93.07,,,76.5
"2022-04-14",,,79.6,82.8,86.05,89.5,93.07,,,76.5
"2022-04-15",,,79.57,82.75,86.05,89.47,93.07,,,76.95
"2022-04-18",,,79.57,82.75,86.05,89.47,93.07,,,77
"2022-04-19",,,79.9,83.1,86.37,89.87,93.45,,,76.85
"2022-04-20",,,79.9,83.1,86.37,89.87,93.45,,,76.85
"2022-04-21",,,79.25,82.45,85.72,89.12,92.72,,,76.25
"2022-04-22",,,79.25,82.45,85.72,89.12,92.72,,,76.1
"2022-04-25",,,79.25,82.45,85.72,89.12,92.72,,,76.2
"2022-04-26",,,78.85,,,,,,,75.9
"2022-04-27",,,78.85,82,85.25,88.67,92.2,,,75.75
"2022-04-28",,,78.85,82,85.25,88.67,92.2,,,75.9
"2022-04-29",,,78.85,82,85.25,88.67,92.2,,,75.9
"2022-05-02",,,78.85,82,85.25,88.67,92.2,,,75.9
"2022-05-03",,,78.85,82,85.25,88.67,92.2,,,75.87
"2022-05-04",,,79.12,82.27,85.57,89,92.6,,,76.2
"2022-05-05",,,79.12,82.27,85.57,89,92.6,,,76.3
"2022-05-06",,,79.4,82.57,85.85,89.3,92.85,,,76.5
"2022-05-09",,,79.4,82.57,85.85,89.3,92.85,,,76.47
"2022-05-10",,,79.4,82.57,85.85,89.3,92.85,,,76.45
"2022-05-11",,,79,82.15,85.45,88.87,92.45,,,76.45
"2022-05-12",,,79.2,82.37,85.65,89.1,92.67,,,76.4
"2022-05-13",,,79.2,82.37,85.65,89.1,92.67,,,76.5
"2022-05-16",,,79.4,82.6,85.9,89.37,92.95,,,76.6
"2022-05-17",,,79.4,82.6,85.9,89.37,92.95,,,76.6
"2022-05-18",,,79.4,82.6,85.9,89.37,92.95,,,76.42
"2022-05-19",,,79.4,82.6,85.9,89.37,92.95,,,76.47
"2022-05-20",,,79.4,82.6,85.9,89.37,92.95,,,76.9
"2022-05-23",,,79.77,82.97,86.3,89.77,93.35,,,77.05
"2022-05-24",,,79.77,82.97,86.3,89.77,93.35,,,77.1
"2022-05-25",,,79.77,82.97,86.3,89.77,93.35,,,77
"2022-05-26",,,79.77,82.97,86.3,89.77,93.35,,,77
"2022-05-27",,,79.95,83.15,86.4,89.87,93.5,,,77.2
"2022-05-30",,,79.7,82.9,86.17,89.65,93.2,,,77
"2022-05-31",,,79.55,82.75,86,89.45,93.02,,,76.87
"2022-06-01",,,79.55,82.75,86,89.45,93.02,,,76.85
"2022-06-02",,,79.55,82.75,86,89.45,93.02,,,77.1
"2022-06-03",,,79.55,82.75,86,89.45,93.02,,,76.8
"2022-06-06",,,79.55,82.75,86,89.45,93.02,,,77.07
"2022-06-07",,,79.55,82.75,86,89.45,93.02,,,76.9
"2022-06-08",,,79.55,82.75,86,89.45,93.02,,,76.8
"2022-06-09",,,79.55,82.75,86,89.45,93.02,,,76.6
"2022-06-10",,,79.17,82.37,85.62,89.05,92.62,,,76.6
"2022-06-13",,,78.97,82.1,85.37,88.8,92.35,,,76.4
"2022-06-14",,,78.2,81.37,84.6,87.97,91.5,,,75.7
"2022-06-15",,,78.2,81.37,84.6,87.97,91.5,,,77
"2022-06-16",,,80.02,84.02,88.2,92.62,97.25,,,76.85
"2022-06-17",,,80.02,84.02,88.2,92.62,97.25,,,76.6
"2022-06-20",,,79.92,84.35,88.93,93.82,99,,,76.5
"2022-06-21",,,79.92,84.35,88.93,93.82,99,,,76.5
"2022-06-22",,,79.92,84.35,88.93,93.82,99,,,76.25
"2022-06-23",,,79.37,83.75,88.32,93.17,98.3,,,76
"2022-06-24",,,79.37,83.75,88.32,93.17,98.3,,,75.95
"2022-06-27",,,79.55,83.92,88.47,93.37,98.5,,,76.2
"2022-06-28",,,79.55,83.92,88.47,93.37,98.5,,,76.1
"2022-06-29",,,79.55,83.92,88.47,93.37,98.5,,,76
"2022-06-30",,,79.3,83.67,88.22,93.07,98.22,,,76
"2022-07-01",,,79.3,83.67,88.22,93.07,98.2,,,75.4
"2022-07-04",,,79.3,83.67,88.22,93.07,98.2,,,75.37
"2022-07-05",,,77.95,81.85,85.95,90.22,94.75,,,75
"2022-07-06",,,77.95,81.85,85.95,90.22,94.75,,,74.75
"2022-07-07",,,77.95,81.85,85.95,90.22,94.75,,,74
"2022-07-08",,,77.95,81.85,85.95,90.22,94.75,,,73
"2022-07-11",,,75.97,80.17,84.6,89.25,94.17,,,73
"2022-07-12",,,75.97,80.17,84.6,89.25,94.17,,,72.87
"2022-07-13",,,76.17,80.37,84.75,89.42,94.32,,,73.15
"2022-07-14",,,75.8,79.97,84.35,88.97,93.87,,,72.8
"2022-07-15",,,75.8,79.97,84.35,88.97,93.87,,,72.9
"2022-07-18",,,75.8,79.97,84.35,88.97,93.87,,,72.95
"2022-07-19",,,75.8,79.97,84.35,88.97,93.87,,,72.87
"2022-07-20",,,75.87,79.65,83.65,87.82,92.22,,,73.15
"2022-07-21",,,75.87,79.65,83.65,87.82,92.22,,,73
"2022-07-22",,,75.87,79.65,83.65,87.82,92.22,,,72.8
"2022-07-25",,,75.35,79.52,83.92,88.52,93.4,,,72.55
"2022-07-26",,,75.35,79.52,83.92,88.52,93.4,,,72.6
"2022-07-27",,,83.87,88.47,93.35,98.5,103.92,,,80.75
"2022-07-28",,,83.32,87.92,92.77,97.87,103.25,,,80.25
"2022-07-29",,,83.32,87.92,92.77,97.87,103.25,,,80.3
"2022-08-01",,,83.32,87.92,92.77,97.87,103.25,,,80.3
"2022-08-02",,,83.32,87.92,92.77,97.87,103.25,,,80.25
"2022-08-03",,,83.32,87.92,92.77,97.87,103.25,,,80
"2022-08-04",,,83.32,87.92,92.77,97.87,103.25,,,80
"2022-08-05",,,83.32,87.92,92.77,97.87,103.25,,,79.8
"2022-08-08",,,83.32,87.92,92.77,97.87,103.25,,,79.85
"2022-08-09",,,83.32,87.92,92.77,97.87,103.25,,,79.9
"2022-08-10",,,83.32,87.92,92.77,97.87,103.25,,,80
"2022-08-11",,,83.32,87.92,92.77,97.87,103.25,,,80.25
"2022-08-12",,,83.32,87.92,92.77,97.87,103.25,,,80.25
"2022-08-15",,,83.67,88.3,93.1,98.25,103.65,,,80.75
"2022-08-16",,,86.52,91.27,96.27,101.55,107.15,,,83.5
"2022-08-17",,,86.52,91.27,96.27,101.55,107.15,,,83.45
"2022-08-18",,,88.35,93.25,98.3,103.7,109.42,,,85.3
"2022-08-19",,,88.57,93.45,98.55,103.95,109.67,,,85.5
"2022-08-22",,,88.57,93.45,98.55,103.95,109.67,,,86
"2022-08-23",,,88.57,93.45,98.55,103.95,109.67,,,86.05
"2022-08-24",,,88.57,93.45,98.55,103.95,109.67,,,85.6
"2022-08-25",,,88.67,93.57,98.67,104.1,109.9,,,85.7
"2022-08-26",,,88.67,93.57,98.67,104.1,109.9,,,86.5
"2022-08-29",,,88.67,93.57,98.67,104.1,109.9,,,86.65
"2022-08-30",,,88.67,93.57,98.67,104.1,109.9,,,86.7
"2022-08-31",,,89.72,94.67,99.85,105.35,111.15,,,86.8
"2022-09-01",,,90.02,95,100.17,105.7,111.55,,,87.1
"2022-09-02",,,90.02,95,100.17,105.7,111.55,,,87.05
"2022-09-05",,,90.02,95,100.17,105.7,111.55,,,87.15
"2022-09-06",,,90.17,95.17,100.32,105.85,111.7,,,87.3
"2022-09-07",,,88.3,93.17,98.25,103.65,109.37,,,85.5
"2022-09-08",,,88.55,93.42,98.5,103.92,109.67,,,85.7
"2022-09-09",,,88.55,93.42,98.5,103.92,109.67,,,85.5
"2022-09-12",,,87.75,92.57,97.6,102.95,108.65,,,85
"2022-09-13",,,86.7,91.47,96.42,101.75,107.35,,,84
"2022-09-14",,,86.7,91.47,96.42,101.75,107.35,,,84
"2022-09-15",,,85.65,90.35,95.25,100.5,106.05,,,83
"2022-09-16",,,85.65,90.35,95.25,100.5,106.05,,,83.2
"2022-09-19",,,85.65,90.35,95.25,100.5,106.05,,,83.1
"2022-09-20",,,85.65,90.35,95.25,100.5,106.05,,,82.75
"2022-09-21",,,85.65,90.35,95.25,100.5,106.05,,,82.75
"2022-09-22",,,85.65,90.35,95.25,100.5,106.05,,,81.75
"2022-09-23",,,85.65,90.35,95.25,100.5,106.05,,,82
"2022-09-26",,,85.65,90.35,95.25,100.5,106.05,,,81.85
"2022-09-27",,,83.45,88.02,92.8,97.92,103.3,,,81
"2022-09-28",,,83.45,88.02,92.8,97.92,103.3,,,80
"2022-09-29",,,80.95,85.37,90.02,95,100.2,,,79
"2022-09-30",,,80.95,85.37,90.02,95,100.2,,,78
"2022-10-03",,,80.95,85.37,90.02,95,100.2,,,78
"2022-10-04",,,80.95,85.37,90.02,95,100.2,,,78.05
"2022-10-05",,,80.95,85.37,90.02,95,100.2,,,78.2
"2022-10-06",,,85.1,89.8,94.67,99.87,105.4,,,82.5
"2022-10-07",,,85.1,89.8,94.65,99.85,105.35,,,82.9
"2022-10-10",,,85.1,89.8,94.65,99.85,105.35,,,82.22
"2022-10-11",,,82.97,87.57,92.35,97.42,102.8,,,80.75
"2022-10-12",,,82.97,87.57,92.35,97.42,102.8,,,80.4
"2022-10-13",,,82.97,87.57,92.35,97.42,102.8,,,80.7
"2022-10-14",,,82.97,87.57,92.35,97.42,102.8,,,81
"2022-10-17",,,82.97,87.57,92.35,97.42,102.8,,,81
"2022-10-18",,,82.97,87.57,92.35,97.42,102.8,,,80.75
"2022-10-19",,,82.97,87.57,92.35,97.42,102.8,,,80.67
"2022-10-20",,,82.97,87.57,92.35,97.42,102.8,,,80.9
"2022-10-21",,,82.97,87.57,92.35,97.42,102.8,,,81.2
"2022-10-24",,,82.97,87.57,92.35,97.42,102.8,,,81.2
"2022-10-25",,,82.97,87.57,92.35,97.42,102.8,,,81.25
"2022-10-26",,,82.97,87.57,92.35,97.42,102.8,,,82
"2022-10-27",,,,,,,,,,82.5
"2022-10-28",,,86.6,91.4,96.37,101.67,107.27,,,84.75
"2022-10-31",35,,86.6,91.4,96.37,101.67,107.27,,,85
"2022-11-01",35,,86.6,91.4,96.37,101.67,107.27,,,84.6
"2022-11-02",35,,86.6,91.4,96.37,101.67,107.27,,,84.5
"2022-11-03",35,,86.6,91.4,96.37,101.67,107.27,,,85
"2022-11-04",35,,86.6,91.4,96.37,101.67,107.27,,,85
"2022-11-07",35,,88.2,93.52,99.07,105,111.32,,,86.5
"2022-11-08",35,,89.22,94.6,100.2,106.22,112.62,,,87.1
"2022-11-09",35,,90.45,95.9,101.57,107.67,114.12,,,88.2
"2022-11-10",35,,90.45,95.9,101.57,107.67,114.12,,,88.2
"2022-11-11",35,,90.45,95.9,101.57,107.67,114.12,,,87.9
"2022-11-14",35,,90.45,95.9,101.57,107.67,114.12,,,88.5
"2022-11-15",35,,90.65,96.12,101.8,107.92,114.42,,,88.17
"2022-11-16",35,,90.3,95.75,101.42,107.52,113.97,,,88.25
"2022-11-17",35,,90.3,95.75,101.42,107.52,113.97,,,88.4
"2022-11-18",35,,90.5,95.95,101.65,107.72,114.27,,,88.15
"2022-11-21",35,,90.5,95.95,101.65,107.72,114.27,,,88
"2022-11-22",35,,90.5,95.95,101.65,107.72,114.27,,,88
"2022-11-23",35,,89.87,95.3,100.92,107.02,113.42,,,87.85
"2022-11-24",35,,88.72,94.07,99.67,105.65,112,,,86.5
"2022-11-25",,,88.72,94.07,99.67,105.65,112,,,86.2
"2022-11-28",,,87.9,93.22,98.75,104.65,110.95,,,86
"2022-11-29",,,86,91.17,96.6,102.4,108.57,,,84.15
"2022-11-30",,,85.32,90.45,95.82,101.6,107.67,,,83.5
"2022-12-01",,,84.27,89.3,94.62,100.3,106.32,,,82.45
"2022-12-02",,,83.25,88.27,93.55,99.12,105.07,,,81
"2022-12-05",,,83.25,88.27,93.55,99.12,105.07,,,81
"2022-12-06",,,83.25,88.27,93.55,99.12,105.07,,,82
"2022-12-07",,,84.22,89.3,94.6,100.25,106.3,,,82.5
"2022-12-08",,,84.22,89.3,94.6,100.25,106.3,,,82.5
"2022-12-09",,,84.95,90.05,95.55,101.12,107.22,,,83.25
"2022-12-12",,,84.95,90.05,95.55,101.12,107.22,,,83.37
"2022-12-13",,,84.95,90.05,95.55,101.12,107.22,,,83
"2022-12-14",,,84.95,90.05,95.55,101.12,107.22,,,83.5
"2022-12-15",,,87.67,92.95,98.47,104.37,110.65,,,86
"2022-12-16",,,79,83.75,88.72,94.07,99.7,,,77.5
"2022-12-19",,,79,83.75,88.72,94.07,99.7,,,77.17
"2022-12-20",,,79,83.75,88.72,94.07,99.7,,,77
"2022-12-21",,,77.92,82.6,87.5,92.77,98.32,,,76.5
"2022-12-22",,,77.92,82.6,87.5,92.77,98.32,,,76
"2022-12-23",,,77.37,82,86.9,92.12,97.67,,,76.97
"2022-12-26",,,77.37,82,86.9,92.12,97.67,,,77.5
"2022-12-27",,,77.37,82,86.9,92.12,97.67,,,77.5
"2022-12-28",,,77.37,82,86.9,92.12,97.67,,,77.37
"2022-12-29",,,77.37,82,86.9,92.12,97.67,,,77
"2022-12-30",,,77.37,82,86.9,92.12,97.67,,,76.42
"2023-01-02",,,77.37,82,86.9,92.12,97.67,,,76.42
"2023-01-03",,,77.37,82,86.9,92.12,97.67,,,76.42
"2023-01-04",,,77.37,82,86.9,92.12,97.67,,,76
"2023-01-05",,,77.37,82,86.9,92.12,97.67,,,75
"2023-01-06",,,77.37,82,86.9,92.12,97.67,,,74.75
"2023-01-09",,,77.37,82,86.9,92.12,97.67,,,74.75
"2023-01-10",,,77.37,82,86.9,92.12,97.67,,,72.75
"2023-01-11",,,73.82,78.3,82.92,87.92,93.2,,,72.75
"2023-01-12",,,74.35,78.85,83.5,88.55,93.82,,,73
"2023-01-13",,,74.35,78.85,83.5,88.55,93.82,,,73.25
"2023-01-16",,,74.35,78.85,83.5,88.55,93.82,,,73.5
"2023-01-17",,,74.52,79.02,83.7,88.75,94.07,,,73.75
"2023-01-18",,,74.82,79.32,84.05,89.1,94.45,,,73.9
"2023-01-19",,,74.82,79.32,84.05,89.1,94.45,,,73.5
"2023-01-20",,,73.2,77.6,82.17,87.12,92.35,,,72.5
"2023-01-23",,,73.2,77.6,82.17,87.12,92.35,,,73
"2023-01-24",,,73.95,78.42,83.07,88.02,93.32,,,72.72
"2023-01-25",,,73.95,78.42,83.07,88.02,93.32,,,72.5
"2023-01-26",,,73.95,78.42,83.07,88.02,93.32,,,72.5
"2023-01-27",,,73.95,78.42,83.07,88.02,93.32,,,72.3
"2023-01-30",,,73.6,78.05,82.67,87.65,92.9,,,72.65
"2023-01-31",,,73.6,78.05,82.67,87.65,92.9,,,72
"2023-02-01",,,72.85,77.2,81.85,86.7,91.95,,,72
"2023-02-02",,,73.05,77.45,82.02,86.95,92.17,,,72.4
"2023-02-03",,,73.35,77.75,82.35,87.3,92.55,,,72.5
"2023-02-06",,,73.35,77.75,82.35,87.3,92.55,,,72.67
"2023-02-07",,,73.35,77.75,82.35,87.3,92.55,,,72.5
"2023-02-08",,,73.35,77.75,82.35,87.3,92.55,,,72.25
"2023-02-09",,,73.35,77.75,82.35,87.3,92.55,,,72.1
"2023-02-10",,,73.05,77.45,82.05,86.95,92.17,,,72.3
"2023-02-13",,,73.05,77.45,82.05,86.95,92.17,,,71.95
"2023-02-14",,,73,77.45,82,86.9,92.15,,,71.9
"2023-02-15",,,72.47,76.85,81.4,86.27,91.47,,,71.8
"2023-02-16",,,71.1,75.37,79.85,84.65,89.72,,,70.45
"2023-02-17",,,70.75,75.72,80.95,86.62,92.67,,,70.05
"2023-02-20",,,70.75,75.72,80.95,86.62,92.67,,,69.92
"2023-02-21",,,69.67,74.57,79.75,85.32,91.3,,,69
"2023-02-22",,,68.62,73.45,78.55,84.07,89.97,,,68.5
"2023-02-23",,,67.62,72.4,77.4,82.82,88.62,,,67
"2023-02-24",,,67.62,72.4,77.4,82.82,88.62,,,68
"2023-02-27",,,67.62,72.4,77.4,82.82,88.62,,,67.5
"2023-02-28",,,68.07,72.85,77.9,83.35,89.2,,,67
"2023-03-01",,,67.55,72.3,77.34,82.72,88.52,,,67
"2023-03-02",,,67.55,72.3,77.34,82.72,88.52,,,67
"2023-03-03",,,67.55,72.3,77.34,82.72,88.52,,,66.9
"2023-03-06",,,67.55,72.3,77.34,82.72,88.52,,,66
"2023-03-07",,,66.22,70.87,75.77,81.1,86.77,,,65.75
"2023-03-08",,,67.47,72.2,77.22,82.6,88.45,,,67
"2023-03-09",,,67.47,72.2,77.22,82.6,88.45,,,66.25
"2023-03-10",,,66.45,71.1,76.02,81.35,87.05,,,66
"2023-03-13",,,66.15,70.8,75.72,81,86.67,,,65.5
"2023-03-14",,,65.65,70.25,75.12,80.37,86,,,65.25
"2023-03-15",,,67.9,72.65,77.7,83.12,88.95,,,68
"2023-03-16",,,67.12,71.82,76.8,82.2,87.95,,,66.75
"2023-03-17",,,67.12,71.82,76.8,82.2,87.95,,,66
"2023-03-20",,,66.07,70.7,75.62,80.9,86.57,,,65.75
"2023-03-21",,,65.32,69.87,74.72,79.95,85.55,,,65
"2023-03-22",,,65.32,69.87,74.72,79.95,85.55,,,65
"2023-03-23",,,64.8,69.32,74.12,79.3,84.87,,,64.45
"2023-03-24",,,63.25,67.7,72.4,77.45,82.87,,,63.1
"2023-03-27",,,61.72,66.05,70.62,75.52,80.9,,,61.5
"2023-03-28",,,60.2,64.45,68.87,73.72,78.85,,,60.5
"2023-03-29",,,,,,,,,,60
"2023-03-30",,,56.18,60.1,66.6,71.25,76.25,,,54
"2023-03-31",,,56.17,60.1,66.55,71.25,76.25,,,54.5
"2023-04-03",,,56.62,60.6,64.8,69.35,74.2,,,58
"2023-04-04",,,58.12,62.22,66.52,71.17,75.15,,,59
"2023-04-05",,,,62.97,66.55,71.4,76.05,81.02,,59
"2023-04-06",,,,62.97,66.55,71.4,76.05,81.02,,59.25
"2023-04-07",,,,62.97,66.55,71.4,76.05,81.02,,59.25
"2023-04-10",,,,62.97,66.55,71.4,76.05,81.02,,59.25
"2023-04-11",,,,62.97,66.55,71.4,76.05,81.02,,59.25
"2023-04-12",,,,62.97,66.55,71.4,76.05,81.02,,59
"2023-04-13",,,,65,69.2,73.72,78.55,83.65,,62.5
"2023-04-14",,,,66.57,70.92,75.55,80.4,86.55,,62.75
"2023-04-17",,,,65.75,70.02,74.6,79.45,84.65,,61.75
"2023-04-18",,,,65.47,69.72,74.3,79.1,84.27,,61.35
"2023-04-19",,,,65.47,69.72,74.3,79.1,84.27,,61.35
"2023-04-20",,,,64.37,68.57,73.05,77.77,82.85,,60.5
"2023-04-21",,,,64.9,69.12,73.62,78.42,83.52,,61.15
"2023-04-24",,,,64.65,68.87,74.1,78.42,83.52,,60.57
"2023-04-25",,,,64.65,68.87,73.62,78.42,83.52,,60.82
"2023-04-26",,,,64.27,68.45,72.9,77.62,82.7,,61
"2023-04-27",,,,62.72,66.8,71.14,75.77,80.7,,58.5
"2023-04-28",,,,60.85,64.8,69.02,73.5,78.3,,56
"2023-05-02",,,,,,,,,,54.25
"2023-05-03",,,,56.4,60.07,63.98,68.14,,,53.25
"2023-05-04",,,,57.98,61.75,65.77,70.05,74.62,,54.75
"2023-05-05",,,,57.71,61.46,65.46,69.72,74.27,,54.5
"2023-05-08",,,,57.15,60.87,64.82,69.04,73.55,,54
"2023-05-09",,,,57.14,60.85,64.81,69.03,73.54,,54
"2023-05-10",,,,57.13,60.84,64.8,69.02,73.52,,54
"2023-05-11",,,,55,58.58,62.39,66.45,70.79,,52
"2023-05-12",,,,55.52,59.13,62.98,67.08,71.46,,52.5
"2023-05-15",,,,55.23,58.82,62.65,66.72,71.08,,52.25
"2023-05-16",,,,54.9,58.47,62.28,66.33,70.66,,51.95
"2023-05-17",,,,54.42,57.96,61.73,65.74,70.04,,51.5
"2023-05-18",,,,54.41,57.95,61.72,65.73,70.02,,51.5
"2023-05-19",,,,57.04,60.75,64.7,68.91,73.41,,54
"2023-05-22",,,,57.01,60.72,64.67,68.88,73.37,,54
"2023-05-23",,,,57,60.71,64.66,68.86,73.36,,54
"2023-05-24",,,,56.73,60.42,64.35,68.53,73.01,,53.75
"2023-05-25",,,,56.98,60.69,64.63,68.84,73.33,,54
"2023-05-26",,,,58.03,61.8,65.82,70.1,74.68,,55
"2023-05-29",,,,58.26,62.05,66.08,70.39,74.98,,55.25
"2023-05-30",,,,57.46,61.2,65.18,69.42,73.95,,54.5
"2023-05-31",,,,57.66,61.41,65.4,69.66,74.21,,54.7
"2023-06-01",,,,57.97,61.74,65.75,70.03,74.6,,55
"2023-06-02",,,,58.75,62.57,66.64,70.97,75.61,,55.75
"2023-06-05",,,,58.72,62.53,66.6,70.94,75.57,,55.75
"2023-06-06",,,,58.71,62.52,66.59,70.92,75.55,,55.75
"2023-06-07",,,,59.49,63.35,67.48,71.87,76.56,,56.5
"2023-06-08",,,,59.27,63.12,67.22,71.6,76.27,,56.3
"2023-06-09",,,,58.94,62.77,66.85,71.21,75.85,,56
"2023-06-12",,,,57.86,61.62,65.63,69.9,74.46,,55
"2023-06-13",,,,60.21,64.13,68.3,72.74,77.49,,57.25
"2023-06-14",,,,63.62,67.76,72.17,76.86,81.88,,60.5
"2023-06-15",,,,63.08,67.19,71.56,76.21,81.19,,60
"2023-06-16",,,,63.07,67.17,71.54,76.2,81.17,,60
"2023-06-19",,,,62.25,66.3,70.61,75.21,80.12,,59.25
"2023-06-20",,,,55.94,59.58,63.45,67.58,71.99,,53.25
"2023-06-21",,,,53.57,57.05,60.76,64.71,68.94,,51
"2023-06-22",,,,49.88,53.12,56.58,60.26,64.19,,47.5
"2023-06-23",,,,47.25,50.32,53.59,57.08,60.81,,45
"2023-06-26",,,,43.02,45.82,48.8,51.98,55.37,,41
"2023-06-27",,,,44.59,47.49,50.58,53.87,57.39,,42.5
"2023-06-28",,,,43.01,45.81,48.79,51.96,55.35,,41
"2023-06-29",,,,43,45.8,48.78,51.95,55.34,,41
"2023-06-30",,,,43.78,46.63,49.66,52.89,56.35,,41.75
"2023-07-03",,,,41.92,44.65,47.55,50.65,53.96,,40
"2023-07-04",,,,38.77,41.29,43.98,46.84,49.9,,37
"2023-07-05",,,,39.55,42.12,44.86,47.78,50.9,,37.75
"2023-07-06",,,,39.81,42.4,45.15,48.09,51.23,,38
"2023-07-07",,,,41.37,44.06,46.93,49.98,53.24,,39.5
"2023-07-10",,,,41.04,44.01,47.21,50.63,54.32,,39
"2023-07-11",,,,40.24,43.16,46.29,49.65,53.26,,38.25
"2023-07-12",,,,41.28,44.28,47.49,50.94,54.64,,39.25
"2023-07-13",,,,39.96,42.86,45.97,49.3,52.89,,38
"2023-07-14",,,,39.95,42.85,45.96,49.29,52.88,,38
"2023-07-17",,,,52.49,56.29,60.38,64.76,69.48,,49.95
"2023-07-18",,,,52.53,56.34,60.43,64.81,69.53,,50
"2023-07-19",,,,52.26,56.05,60.11,64.48,69.17,,49.75
"2023-07-20",,,,50.41,54.07,57.99,62.2,66.72,,48
"2023-07-21",,,,49.61,53.21,57.07,61.21,65.67,,47.25
"2023-07-24",,,,47.22,50.65,54.32,58.26,62.51,,45
"2023-07-25",,,,53.77,57.67,61.86,66.34,71.17,,51.25
"2023-07-26",,,,68.45,73.41,78.74,84.45,90.6,,65.25
"2023-07-27",,,,64.5,69.18,74.2,79.58,85.38,,61.5
"2023-07-28",,,,62.92,67.48,72.38,77.63,83.28,,60
"2023-07-31",,,,62.62,67.16,72.03,77.26,82.88,,59.75
"2023-08-01",,,,60.25,64.62,69.31,74.34,79.75,,57.5
"2023-08-02",,,,59.71,64.04,68.69,73.68,79.04,,57
"2023-08-03",,,,60.75,65.16,69.88,74.95,80.41,,58
"2023-08-04",,,,60.74,65.14,69.87,74.94,80.39,,58
"2023-08-07",,,,62.69,67.24,72.12,77.35,82.98,,59.9
"2023-08-08",,,,63.05,67.62,72.52,77.79,83.45,,60.25
"2023-08-09",,,,63.56,68.17,73.11,78.42,84.13,,60.75
"2023-08-10",,,,62.71,67.26,72.13,77.37,83,,59.95
"2023-08-11",,,,62.96,67.52,72.42,77.68,83.33,,60.2
"2023-08-14",,,,63.24,67.82,72.74,78.02,83.7,,60.5
"2023-08-15",,,,64.01,68.65,73.63,78.97,84.72,,61.25
"2023-08-16",,,,64.15,68.8,73.79,79.15,84.91,,61.4
"2023-08-17",,,,65.29,70.02,75.1,80.55,86.42,,62.5
"2023-08-18",,,,67.89,72.81,78.09,83.76,89.86,,65
"2023-08-21",,,,68.37,73.33,78.65,84.35,90.49,,65.5
"2023-08-22",,,,68.36,73.31,78.63,84.34,90.48,,65.5
"2023-08-23",,,,69.13,74.14,79.52,85.29,91.5,,66.25
"2023-08-24",,,,69.63,74.68,80.1,85.91,92.17,,66.75
"2023-08-25",,,,69.88,74.95,80.39,86.22,92.5,,67
"2023-08-28",,,,69.84,74.91,80.34,86.17,92.44,,67
"2023-08-29",,,,70.35,75.45,80.92,86.8,93.11,,67.5
"2023-08-30",,,,71.38,76.55,82.11,88.07,94.48,,68.5
"2023-08-31",,,,73.45,78.77,84.49,90.62,97.22,,70.5
"2023-09-01",,,,73.95,79.32,85.07,91.24,97.89,,71
"2023-09-04",,,,73.76,79.1,84.84,91,97.62,,70.85
"2023-09-05",,,,73.12,78.42,84.11,90.21,96.78,,70.25
"2023-09-06",,,,73.99,79.35,85.11,91.29,97.93,,71.1
"2023-09-07",,,,74.65,80.06,85.87,92.1,98.81,,71.75
"2023-09-08",,,,75.94,81.44,87.35,93.69,100.51,,73
"2023-09-11",,,,75.89,81.4,87.3,93.64,100.45,,73
"2023-09-12",,,,75.46,80.93,86.81,93.1,99.88,,72.6
"2023-09-13",,,,75.34,80.81,86.67,92.96,99.73,,72.5
"2023-09-14",,,,74.55,79.96,85.76,91.98,98.67,,71.75
"2023-09-15",,,,72.46,77.71,83.35,89.4,95.91,,69.75
"2023-09-18",,,,70.6,75.72,81.21,87.1,93.45,,68
"2023-09-19",,,,68.51,73.48,78.81,84.53,90.68,,66
"2023-09-20",,,,69.02,74.02,79.39,85.15,91.35,,66.5
"2023-09-21",,,,68.07,73,78.3,83.98,90.1,,65.6
"2023-09-22",,,,67.69,72.6,77.87,83.52,89.6,,65.25
"2023-09-25",,,,66.36,71.17,76.33,81.87,87.83,,64
"2023-09-26",,,,66.34,71.16,76.32,81.85,87.81,,64
"2023-09-27",,,,66.59,71.42,76.6,82.16,88.14,,64.25
"2023-09-28",,,,68.13,73.07,78.37,84.06,90.18,,65.75
"2023-09-29",,,,68.43,73.39,78.72,84.43,90.57,,66.05
"2023-10-02",,,,68.39,73.35,78.67,84.38,90.52,,66.05
"2023-10-03",,,,67.81,72.73,78,83.66,89.75,,65.5
"2023-10-04",,,,67.72,72.46,77.53,82.97,88.8,,65.5
"2023-10-05",,,,68.07,72.83,77.93,83.39,89.25,,65.85
"2023-10-06",,,,68.98,73.81,78.98,84.52,90.46,,66.75
"2023-10-09",,,,69.2,74.05,79.24,84.79,90.75,,67
"2023-10-10",,,,69.5,74.37,79.58,85.15,91.14,,67.3
"2023-10-11",,,,69.8,74.68,79.92,85.51,91.52,,67.6
"2023-10-12",,,,70.09,75,80.26,85.88,91.91,,67.9
"2023-10-13",,,,69.82,74.71,79.95,85.55,91.56,,67.65
"2023-10-16",,,,69.89,74.78,80.02,85.62,91.64,,67.75
"2023-10-17",,,,71.68,76.7,82.07,87.82,93.99,,69.5
"2023-10-18",,,,71.77,76.79,82.17,87.93,94.11,,69.6
"2023-10-19",,,,71.65,76.67,82.04,87.79,93.96,,69.5
"2023-10-20",,,,70.04,74.95,80.2,85.81,91.85,,67.95
"2023-10-23",,,,70,74.9,80.15,85.77,91.79,,67.95
"2023-10-24",,,,70.81,75.77,81.08,86.76,92.86,,68.75
"2023-10-25",,,,71.32,76.31,81.65,87.37,93.52,,69.25
"2023-10-26",,,,71.35,76.35,81.7,87.42,93.57,,69.3
"2023-10-27",,,,72.16,77.22,82.63,88.41,94.63,,70.1
"2023-10-30",,,,71.76,76.79,82.17,87.92,94.1,,69.75
"2023-10-31",,,,72.01,77.05,82.45,88.22,94.42,,70
"2023-11-01",,,,71.89,76.93,82.31,88.08,94.27,,69.9
"2023-11-02",,,,72.08,77.13,82.53,88.32,94.52,,70.1
"2023-11-03",,,,71.97,77.01,82.4,88.17,94.37,,70
"2023-11-06",,,,72.19,77.24,82.65,88.44,94.66,,70.25
"2023-11-07",,,,72.63,77.72,83.16,88.99,95.24,,70.7
"2023-11-08",,,,73.19,78.31,83.79,89.67,95.97,,71.25
"2023-11-09",,,,72.92,78.02,83.48,89.33,95.61,,71
"2023-11-10",,,,72.9,78.01,83.47,89.32,95.59,,71
"2023-11-13",,,,71.58,76.59,81.95,87.7,93.86,,69.75
"2023-11-14",,,,72.03,77.07,82.47,88.25,94.45,,70.2
"2023-11-15",,,,71.91,76.95,82.33,88.1,94.3,,70.1
"2023-11-16",,,,71.54,76.55,81.91,87.65,93.81,,69.75
"2023-11-17",,,,71.83,76.86,82.25,88.01,94.19,,70.05
"2023-11-20",,,,72.25,77.31,82.73,88.52,94.75,,70.5
"2023-11-21",,,,72.6,77.68,83.12,88.95,95.2,,70.85
"2023-11-22",,,,72.33,77.39,82.81,88.62,94.84,,70.6
"2023-11-23",,,,72.52,77.6,83.03,88.85,95.1,,70.8
"2023-11-24",,,,73.28,78.41,83.9,89.78,96.09,,71.55
"2023-11-27",,,,74.46,79.68,85.26,91.23,97.64,,72.75
"2023-11-28",,,,74.86,80.1,85.71,91.72,98.16,,73.15
"2023-11-29",,,,75.2,80.47,86.1,92.14,98.61,,73.5
"2023-11-30",,,,76.52,81.88,87.61,93.75,100.34,,74.8
"2023-12-01",,,,77.22,82.63,88.42,94.61,101.26,,75.5
"2023-12-04",,,,75.26,80.53,86.17,92.21,98.69,,75.5
"2023-12-05",,,,76.91,82.29,88.06,94.23,100.85,,75.25
"2023-12-06",,,,72.04,77.08,82.48,88.26,94.46,,70.5
"2023-12-07",,,,70.49,75.43,80.71,86.37,92.44,,69
"2023-12-08",,,,70.74,75.69,80.99,86.66,92.76,,69.25
"2023-12-11",,,,72.48,77.56,82.99,88.81,95.05,,71
"2023-12-12",,,,73.39,78.53,84.03,89.91,96.23,,71.9
"2023-12-13",,,,72.46,77.53,82.96,88.77,95.01,,71
"2023-12-14",,,,72.44,77.52,82.94,88.76,94.99,,71
"2023-12-15",,,,73.2,78.32,83.81,89.68,95.98,,71.75
"2023-12-18",,,,71.63,76.64,82.01,87.75,93.92,,70.25
"2023-12-19",,,,70.59,75.54,80.83,86.49,92.57,,69.25
"2023-12-20",,,,70.07,74.98,80.23,85.85,91.88,,68.75
"2023-12-21",,,,70.01,74.91,80.15,85.77,91.8,,68.7
"2023-12-22",,,,69.99,74.89,80.14,85.75,91.78,,68.7
"2023-12-25",,,,69.95,74.85,80.09,85.71,91.73,,68.7
"2023-12-26",,,,69.94,74.84,80.08,85.69,91.71,,68.7
"2023-12-27",,,,70.49,75.42,80.71,86.36,92.43,,69.25
"2023-12-28",,,,69.86,74.76,79.99,85.6,91.61,,68.65
"2023-12-29",,,,70.36,75.29,80.56,86.2,92.26,,69.15
"2024-01-01",,,,70.32,75.24,80.51,86.15,92.21,,69.15
"2024-01-02",,,,70.31,75.23,80.5,86.14,92.19,,69.15
"2024-01-03",,,,71.16,76.14,81.47,87.18,93.31,,70
"2024-01-04",,,,71.15,76.13,81.46,87.17,93.29,,70
"2024-01-05",,,,70.62,75.57,80.86,86.53,92.61,,69.5
"2024-01-08",,,,69.93,74.82,80.06,85.67,91.69,,68.85
"2024-01-09",,,,69.3,74.15,79.35,84.91,90.87,,68.25
"2024-01-10",,,,70.05,74.96,80.21,85.82,91.86,,69
"2024-01-11",,,,68.26,73.04,78.16,83.63,89.51,,67.25
"2024-01-12",,,,68.25,73.03,78.14,83.62,89.49,,67.25
"2024-01-15",,,,68.82,73.64,78.8,84.32,90.24,,67.85
"2024-01-16",,,,68.81,73.62,78.78,84.3,90.22,,67.5
"2024-01-17",,,,68.48,72.93,77.67,82.72,88.12,,67.6
"2024-01-18",,,,68.82,73.29,78.06,83.14,88.56,,67.95
"2024-01-19",,,,68.35,72.79,77.53,82.57,87.96,,67.5
"2024-01-22",,,,68.82,73.3,78.06,83.14,88.57,,68
"2024-01-23",,,,69.82,74.36,79.2,84.35,89.85,,69
"2024-01-24",,,,72.09,76.77,81.76,87.08,92.77,,71.25
"2024-01-25",,,,71.52,76.17,81.12,86.4,92.04,,70.7
"2024-01-26",,,,71.71,76.37,81.33,86.63,92.28,,70.9
"2024-01-29",,,,72.02,76.71,81.69,87.01,92.69,,71.25
"2024-01-30",,,,72.21,76.91,81.91,87.24,92.93,,71.45
"2024-01-31",,,,74.63,79.48,84.65,90.15,96.04,,73.85
"2024-02-01",,,,74.46,79.3,84.46,89.95,95.82,,73.7
"2024-02-02",,,,73.99,78.8,83.93,89.39,95.22,,73.25
"2024-02-05",,,,73.86,78.66,83.77,89.22,95.04,,73.15
"2024-02-06",,,,73.84,78.64,83.76,89.21,95.03,,73.15
"2024-02-07",,,,73.38,78.15,83.23,88.64,94.43,,72.7
"2024-02-08",,,,73.36,78.13,83.21,88.63,94.41,,72.45
"2024-02-09",,,,73.05,77.8,82.86,88.25,94,,72.4
"2024-02-12",,,,72.76,77.49,82.53,87.89,93.63,,72.15
"2024-02-13",,,,72.54,77.26,82.28,87.64,93.36,,71.95
"2024-02-14",,,,72.03,76.71,81.7,87.01,92.69,,71.45
"2024-02-15",,,,70.3,74.87,79.74,84.93,90.47,,69.75
"2024-02-16",,,,69.78,74.32,79.15,84.3,89.81,,69.25
"2024-02-19",,,,69.75,74.28,79.11,84.26,89.76,,69.25
"2024-02-20",,,,69.64,74.16,78.99,84.12,89.61,,69.15
"2024-02-21",,,,66.96,71.31,75.95,80.89,86.16,,66.5
"2024-02-22",,,,67.45,71.83,76.5,81.48,86.8,,67
"2024-02-23",,,,67.94,72.36,77.06,82.07,87.43,,67.5
"2024-02-26",,,,67.55,71.94,76.62,81.61,86.93,,67.15
"2024-02-27",,,,66.89,71.23,75.87,80.8,86.08,,66.5
"2024-02-28",,,,66.87,71.22,75.85,80.79,86.06,,66.5
"2024-02-29",,,,67.11,71.48,76.13,81.08,86.37,,66.75
"2024-03-01",,,,66.6,70.93,75.54,80.46,85.71,,66.25
"2024-03-04",,,,66.36,70.68,75.28,80.17,85.4,,66.05
"2024-03-05",,,,67.56,71.95,76.63,81.61,86.94,,67.25
"2024-03-06",,,,68.68,72.12,75.73,79.52,83.51,,68.7
"2024-03-07",,,,69.23,72.69,76.32,80.14,84.17,,69
"2024-03-08",,,,69.72,73.2,76.87,80.71,84.77,,69.5
"2024-03-11",,,,68.59,72.02,75.62,79.4,83.39,,68.4
"2024-03-12",,,,68.18,71.59,75.17,78.93,82.89,,68
"2024-03-13",,,,66.16,69.47,72.95,76.6,80.44,,66
"2024-03-14",,,,65.15,68.41,71.83,75.43,79.21,,65
"2024-03-15",,,,64.64,67.87,71.27,74.84,78.6,,64.5
"2024-03-18",,,,65.32,68.58,72.01,75.62,79.42,,65.2
"2024-03-19",,,,65.51,68.78,72.23,75.84,79.65,,65.4
"2024-03-20",,,,51.08,53.63,56.31,59.13,62.1,,51
"2024-03-21",,,,56.33,59.14,62.1,65.21,68.49,,56.25
"2024-03-22",,,,54.92,57.66,60.55,63.58,66.77,,54.85
"2024-03-25",,,,55.45,58.22,61.13,64.19,67.42,,55.4
"2024-03-26",,,,57.54,60.42,63.44,66.62,69.96,,57.5
"2024-03-27",,,,58.03,60.94,63.98,67.19,70.56,,58
"2024-03-28",,,,58.38,61.3,64.36,67.58,70.98,,58.35
"2024-03-29",,,,58.37,61.29,64.35,67.57,70.97,,58.35
"2024-04-01",,,,,61.26,64.33,67.55,70.94,,58.35
"2024-04-02",,,,,61.94,65.04,68.29,71.72,,59
"2024-04-03",,,,,64.91,67.99,71.23,74.62,,59.3
"2024-04-04",,,,,61.27,64.16,67.21,70.41,73.76,58.5
"2024-04-05",,,,,60.74,63.6,66.63,69.8,73.12,58
"2024-04-08",,,,,57.58,60.29,63.16,66.17,69.31,55
"2024-04-09",,,,,57.95,61.14,64.51,68.07,71.82,54.25
"2024-04-10",,,,,57.73,60.91,64.26,67.81,71.55,54.8
"2024-04-11",,,,,54.83,57.84,61.03,64.4,67.95,52.05
"2024-04-12",,,,,57.93,61.11,64.48,68.04,71.79,55
"2024-04-15",,,,,57.9,61.09,64.45,68.01,71.76,54.87
"2024-04-16",,,,,55.79,58.86,62.1,65.53,69.14,53
"2024-04-17",,,,,57.09,60.24,63.55,67.06,70.76,54.25
"2024-04-18",,,,,58.09,61.28,64.66,68.23,71.99,55.2
"2024-04-19",,,,,58.66,61.88,65.29,68.9,72.69,55.75
"2024-04-22",,,,,58.37,61.58,64.97,68.56,72.33,55.5
"2024-04-23",,,,,58.88,62.12,65.54,69.16,72.98,56
"2024-04-24",,,,,58.77,62,65.42,69.03,72.83,55.9
"2024-04-25",,,,,58.77,62,65.42,69.03,72.83,55.9
"2024-04-26",,,,,58.6,61.82,65.22,68.83,72.62,55.75
"2024-04-29",,,,,58.04,61.24,64.61,68.18,71.93,55.25
"2024-04-30",,,,,58.04,61.23,64.6,68.17,71.92,55.25
"2024-05-01",,,,,58.29,61.5,64.88,68.47,72.24,55.5
"2024-05-02",,,,,57.81,60.99,64.35,67.9,71.64,55.05
"2024-05-03",,,,,57.49,60.65,63.99,67.52,71.24,54.75
"2024-05-06",,,,,57.72,60.9,64.25,67.8,71.54,55
"2024-05-07",,,,,57.19,60.34,63.66,67.17,70.87,54.5
"2024-05-08",,,,,57.18,60.33,63.65,67.16,70.86,54.5
"2024-05-09",,,,,57.7,60.87,64.22,67.77,71.5,55
"2024-05-10",,,,,57.69,60.86,64.21,67.76,71.49,55
"2024-05-13",,,,,57.4,60.56,63.89,67.42,71.14,54.75
"2024-05-14",,,,,57.03,60.16,63.48,66.98,70.67,54.4
"2024-05-15",,,,,56.86,59.99,63.29,66.79,70.47,54.25
"2024-05-16",,,,,56.85,59.98,63.28,66.78,70.46,53.35
"2024-05-17",,,,,52.39,55.27,58.32,61.54,64.93,50
"2024-05-20",,,,,48.18,50.83,53.63,56.59,59.71,46
"2024-05-21",,,,,51.31,54.14,57.12,60.27,63.59,49
"2024-05-22",,,,,49.73,52.47,55.36,58.42,61.63,47.5
"2024-05-23",,,,,47.11,49.7,52.44,55.33,58.38,45
"2024-05-24",,,,,47.36,49.97,52.72,55.63,58.7,45.25
"2024-05-27",,,,,47.34,49.95,52.7,55.61,58.67,44.63
"2024-05-28",,,,,47.6,50.22,52.98,55.91,58.99,45.5
"2024-05-29",,,,,49.68,52.42,55.3,58.36,61.57,47.5
"2024-05-30",,,,,51.24,54.06,57.04,60.19,63.51,49
"2024-05-31",,,,,52.28,55.16,58.2,61.41,64.79,50
"2024-06-03",,,,,52.28,55.16,58.2,61.41,64.79,50
"2024-06-04",,,,,58,61.19,64.56,68.13,71.88,55.5
"2024-06-05",,,,,58.51,61.73,65.13,68.73,72.52,56
"2024-06-06",,,,,56.42,59.52,62.8,66.26,69.92,54
"2024-06-07",,,,,55.1,58.13,61.33,64.72,68.29,52.75
"2024-06-10",,,,,53.25,56.18,59.27,62.55,65.99,51
"2024-06-11",,,,,53.24,56.17,59.26,62.54,65.98,51
"2024-06-12",,,,,54.54,57.54,60.71,64.06,67.59,52.25
"2024-06-13",,,,,54.27,57.26,60.41,63.74,67.26,52
"2024-06-14",,,,,52.18,55.05,58.08,61.28,64.66,50
"2024-06-17",,,,,52.15,55.02,58.05,61.26,64.63,50
"2024-06-18",,,,,51.1,53.91,56.88,60.02,63.33,49
"2024-06-19",,,,,50.05,52.81,55.71,58.79,62.03,48
"2024-06-20",,,,,50.57,53.35,56.28,59.39,62.66,48.5
"2024-06-21",,,,,53.43,56.36,59.47,62.75,66.21,51.25
"2024-06-24",,,,,53.4,56.34,59.44,62.72,66.18,51.25
"2024-06-25",,,,,52.66,55.56,58.62,61.86,65.27,50.55
"2024-06-26",,,,,52.6,55.5,58.55,61.79,65.19,50.5
"2024-06-27",,,,,52.6,55.49,58.55,61.78,65.18,50.5
"2024-06-28",,,,,52.6,55.49,58.55,61.78,65.18,50.5
"2024-07-01",,,,,53.61,56.56,59.67,62.97,66.43,51.5
"2024-07-02",,,,,52.04,54.9,57.92,61.12,64.49,50
"2024-07-03",,,,,53.07,55.99,59.07,62.34,65.77,51
"2024-07-04",,,,,54.36,57.36,60.51,63.85,67.37,52.25
"2024-07-05",,,,,53.58,56.52,59.63,62.93,66.39,51.5
"2024-07-08",,,,,54.85,57.87,61.06,64.43,67.98,52.75
"2024-07-09",,,,,54.74,57.75,60.93,64.3,67.84,52.65
"2024-07-10",,,,,55.3,58.35,61.56,64.96,68.54,53.2
"2024-07-11",,,,,55.09,58.12,61.32,64.7,68.27,53
"2024-07-12",,,,,55.08,58.11,61.31,64.69,68.26,53
"2024-07-15",,,,,56.09,59.18,62.44,65.89,69.52,54
"2024-07-16",,,,,55.93,59.01,62.26,65.69,69.31,53.85
"2024-07-17",,,,,56.86,59.98,63.29,66.78,70.46,54.75
"2024-07-18",,,,,54.77,57.79,60.97,64.33,67.88,52.75
"2024-07-19",,,,,55.02,58.05,61.25,64.63,68.19,53
"2024-07-22",,,,,54.48,57.48,60.64,63.99,67.52,52.5
"2024-07-23",,,,,53.69,56.65,59.77,63.07,66.54,51.75
"2024-07-24",,,,,53.69,56.64,59.76,63.06,66.53,51.75
"2024-07-25",,,,,52.64,55.54,58.59,61.83,65.24,50.75
"2024-07-26",,,,,52.89,55.8,58.87,62.13,65.55,51
"2024-07-29",,,,,53.39,56.32,59.42,62.71,66.16,51.5
"2024-07-30",,,,,54.68,57.68,60.86,64.22,67.76,52.75
"2024-07-31",,,,,54.41,57.4,60.56,63.91,67.43,52.5
"2024-08-01",,,,,54.87,57.89,61.07,64.44,67.99,52.95
"2024-08-02",,,,,55.58,58.64,61.87,65.29,68.88,53.65
"2024-08-05",,,,,56.85,59.98,63.28,66.78,70.46,54.9
"2024-08-06",,,,,55.91,58.99,62.24,65.67,69.29,54
"2024-08-07",,,,,56.16,59.25,62.52,65.97,69.6,54.25
"2024-08-08",,,,,55.9,58.97,62.22,65.65,69.27,54
"2024-08-09",,,,,56.15,59.24,62.5,65.95,69.58,54.25
"2024-08-12",,,,,56.38,59.48,62.76,66.22,69.87,54.5
"2024-08-13",,,,,55.96,59.04,62.29,65.73,69.35,54.1
"2024-08-14",,,,,55.33,58.37,61.59,64.99,68.57,53.5
"2024-08-15",,,,,54.81,57.82,61,64.37,67.92,53
"2024-08-16",,,,,55.83,58.9,62.15,65.58,69.19,54
"2024-08-19",,,,,57.87,61.06,64.42,67.98,71.72,56
"2024-08-20",,,,,62,65.41,69.01,72.82,76.83,60
"2024-08-21",,,,,61.73,65.13,68.71,72.51,76.5,59.75
"2024-08-22",,,,,62.08,65.5,69.11,72.92,76.94,60.1
"2024-08-23",,,,,62.54,65.98,69.61,73.46,77.5,60.55