"DateTime","Auction Clearing Price - Spot","Cost Containment Reserve Price","Front December - ICE","Front Month - ICE"
"2015-01-02",,6,,5.28
"2015-01-05",,6,,5.28
"2015-01-06",,6,,5.29
"2015-01-07",,6,,5.35
"2015-01-08",,6,,5.38
"2015-01-09",,6,,5.39
"2015-01-12",,6,,5.39
"2015-01-13",,6,,5.43
"2015-01-14",,6,,5.49
"2015-01-15",,6,,5.5
"2015-01-16",,6,,5.53
"2015-01-19",,6,,5.53
"2015-01-20",,6,,5.55
"2015-01-21",,6,,5.53
"2015-01-22",,6,,5.52
"2015-01-23",,6,,5.52
"2015-01-26",,6,,5.48
"2015-01-27",,6,,5.48
"2015-01-28",,6,,5.48
"2015-01-29",,6,,5.38
"2015-01-30",,6,,5.39
"2015-02-02",,6,,5.39
"2015-02-03",,6,,5.37
"2015-02-04",,6,,5.39
"2015-02-05",,6,,5.39
"2015-02-06",,6,,5.39
"2015-02-09",,6,,5.4
"2015-02-10",,6,,5.4
"2015-02-11",,6,,5.48
"2015-02-12",,6,,5.56
"2015-02-13",,6,,5.55
"2015-02-16",,6,,5.55
"2015-02-17",,6,,5.6
"2015-02-18",,6,,5.6
"2015-02-19",,6,,5.59
"2015-02-20",,6,,5.59
"2015-02-23",,6,,5.56
"2015-02-24",,6,,5.58
"2015-02-25",,6,,5.59
"2015-02-26",,6,,5.58
"2015-02-27",,6,,5.58
"2015-03-02",,6,,5.58
"2015-03-03",,6,,5.47
"2015-03-04",,6,,5.47
"2015-03-05",,6,,5.49
"2015-03-06",,6,,5.47
"2015-03-09",,6,,5.46
"2015-03-10",,6,,5.39
"2015-03-11",5.41,6,,5.39
"2015-03-12",,6,,5.34
"2015-03-13",,6,,5.4
"2015-03-16",,6,,5.4
"2015-03-17",,6,,5.4
"2015-03-18",,6,,5.38
"2015-03-19",,6,,5.38
"2015-03-20",,6,,5.38
"2015-03-23",,6,,5.38
"2015-03-24",,6,,5.36
"2015-03-25",,6,,5.35
"2015-03-26",,6,,5.35
"2015-03-27",,6,,5.32
"2015-03-30",,6,,5.31
"2015-03-31",,6,,5.34
"2015-04-01",,6,,5.34
"2015-04-02",,6,,5.36
"2015-04-06",,6,,5.34
"2015-04-07",,6,,5.35
"2015-04-08",,6,,5.35
"2015-04-09",,6,,5.35
"2015-04-10",,6,,5.35
"2015-04-13",,6,,5.39
"2015-04-14",,6,,5.44
"2015-04-15",,6,,5.42
"2015-04-16",,6,,5.41
"2015-04-17",,6,,5.42
"2015-04-20",,6,,5.42
"2015-04-21",,6,,5.44
"2015-04-22",,6,,5.46
"2015-04-23",,6,,5.46
"2015-04-24",,6,,5.47
"2015-04-27",,6,,5.48
"2015-04-28",,6,,5.48
"2015-04-29",,6,,5.48
"2015-04-30",,6,,5.48
"2015-05-01",,6,,5.51
"2015-05-04",,6,,5.5
"2015-05-05",,6,,5.5
"2015-05-06",,6,,5.5
"2015-05-07",,6,,5.52
"2015-05-08",,6,,5.51
"2015-05-11",,6,,5.56
"2015-05-12",,6,,5.53
"2015-05-13",,6,,5.53
"2015-05-14",,6,,5.51
"2015-05-15",,6,,5.48
"2015-05-18",,6,,5.44
"2015-05-19",,6,,5.44
"2015-05-20",,6,,5.42
"2015-05-21",,6,,5.38
"2015-05-22",,6,,5.38
"2015-05-25",,6,,5.38
"2015-05-26",,6,,5.39
"2015-05-27",,6,,5.43
"2015-05-28",,6,,5.43
"2015-05-29",,6,,5.43
"2015-06-01",,6,,5.43
"2015-06-02",,6,,5.43
"2015-06-03",5.5,6,,5.43
"2015-06-04",,6,,5.42
"2015-06-05",,6,,5.51
"2015-06-08",,6,,5.49
"2015-06-09",,6,,5.51
"2015-06-10",,6,,5.53
"2015-06-11",,6,,5.62
"2015-06-12",,6,,5.62
"2015-06-15",,6,,5.63
"2015-06-16",,6,,5.65
"2015-06-17",,6,,5.65
"2015-06-18",,6,,5.65
"2015-06-19",,6,,5.64
"2015-06-22",,6,,5.67
"2015-06-23",,6,,5.68
"2015-06-24",,6,,5.7
"2015-06-25",,6,,5.74
"2015-06-26",,6,,5.79
"2015-06-29",,6,,5.79
"2015-06-30",,6,,5.81
"2015-07-01",,6,,5.82
"2015-07-02",,6,,5.84
"2015-07-03",,6,,5.84
"2015-07-06",,6,,5.84
"2015-07-07",,6,,5.88
"2015-07-08",,6,,5.88
"2015-07-09",,6,,5.88
"2015-07-10",,6,,5.87
"2015-07-13",,6,,5.84
"2015-07-14",,6,,5.78
"2015-07-15",,6,,5.81
"2015-07-16",,6,,5.81
"2015-07-17",,6,,5.81
"2015-07-20",,6,,5.81
"2015-07-21",,6,,5.85
"2015-07-22",,6,,5.87
"2015-07-23",,6,,5.87
"2015-07-24",,6,,5.87
"2015-07-27",,6,,5.87
"2015-07-28",,6,,5.87
"2015-07-29",,6,,5.9
"2015-07-30",,6,,5.95
"2015-07-31",,6,,5.98
"2015-08-03",,6,,5.95
"2015-08-04",,6,,5.95
"2015-08-05",,6,,5.95
"2015-08-06",,6,,5.93
"2015-08-07",,6,,5.9
"2015-08-10",,6,,5.9
"2015-08-11",,6,,5.96
"2015-08-12",,6,,6.02
"2015-08-13",,6,,6.08
"2015-08-14",,6,,6.14
"2015-08-17",,6,,6.16
"2015-08-18",,6,,6.17
"2015-08-19",,6,,6.17
"2015-08-20",,6,,6.15
"2015-08-21",,6,,6.14
"2015-08-24",,6,,6.11
"2015-08-25",,6,,6.11
"2015-08-26",,6,,6.1
"2015-08-27",,6,,6.1
"2015-08-28",,6,,6.1
"2015-08-31",,6,,6.07
"2015-09-01",,6,,6.07
"2015-09-02",,6,,6.03
"2015-09-03",,6,,6.02
"2015-09-04",,6,,6.02
"2015-09-07",,6,,6.02
"2015-09-08",,6,,6.02
"2015-09-09",6.02,6,,6.02
"2015-09-10",,6,,6.02
"2015-09-11",,6,,6.2
"2015-09-14",,6,,6.2
"2015-09-15",,6,,6.27
"2015-09-16",,6,,6.29
"2015-09-17",,6,,6.37
"2015-09-18",,6,,6.42
"2015-09-21",,6,,6.42
"2015-09-22",,6,,6.49
"2015-09-23",,6,,6.62
"2015-09-24",,6,,6.68
"2015-09-25",,6,,6.77
"2015-09-28",,6,,6.79
"2015-09-29",,6,,6.8
"2015-09-30",,6,,6.75
"2015-10-01",,6,,6.75
"2015-10-02",,6,,6.67
"2015-10-05",,6,,6.67
"2015-10-06",,6,,6.67
"2015-10-07",,6,,6.67
"2015-10-08",,6,,6.67
"2015-10-09",,6,,6.66
"2015-10-12",,6,,6.65
"2015-10-13",,6,,6.66
"2015-10-14",,6,,6.67
"2015-10-15",,6,,6.65
"2015-10-16",,6,,6.61
"2015-10-19",,6,,6.58
"2015-10-20",,6,,6.49
"2015-10-21",,6,,6.48
"2015-10-22",,6,,6.59
"2015-10-23",,6,,6.6
"2015-10-26",,6,,6.6
"2015-10-27",,6,,6.58
"2015-10-28",,6,,6.57
"2015-10-29",,6,,6.57
"2015-10-30",,6,,6.58
"2015-11-02",,6,,6.58
"2015-11-03",,6,,6.66
"2015-11-04",,6,,6.66
"2015-11-05",,6,,6.66
"2015-11-06",,6,,6.66
"2015-11-09",,6,,6.66
"2015-11-10",,6,,6.67
"2015-11-11",,6,,6.69
"2015-11-12",,6,,6.8
"2015-11-13",,6,,6.8
"2015-11-16",,6,,6.91
"2015-11-17",,6,,6.95
"2015-11-18",,6,,7.17
"2015-11-19",,6,,7.16
"2015-11-20",,6,,7.16
"2015-11-23",,6,,7.17
"2015-11-24",,6,,7.29
"2015-11-25",,6,,7.3
"2015-11-26",,6,,7.3
"2015-11-27",,6,,7.3
"2015-11-30",,6,,7.31
"2015-12-01",,6,,7.4
"2015-12-02",7.5,6,,7.39
"2015-12-03",,6,,7.38
"2015-12-04",,6,,7.52
"2015-12-07",,6,,7.51
"2015-12-08",,6,,7.49
"2015-12-09",,6,,7.51
"2015-12-10",,6,,7.49
"2015-12-11",,6,,7.49
"2015-12-14",,6,,7.47
"2015-12-15",,6,,7.44
"2015-12-16",,6,,7.43
"2015-12-17",,6,,7.4
"2015-12-18",,6,,7.37
"2015-12-21",,6,,7.26
"2015-12-22",,6,,7.35
"2015-12-23",,6,,7.45
"2015-12-24",,6,,7.45
"2015-12-28",,6,,7.47
"2015-12-29",,6,,7.51
"2015-12-30",,6,,7.51
"2015-12-31",,6,,7.51
"2016-01-04",,8,,7.54
"2016-01-05",,8,,7.67
"2016-01-06",,8,,7.88
"2016-01-07",,8,,7.93
"2016-01-08",,8,,7.93
"2016-01-11",,8,,8.01
"2016-01-12",,8,,8.03
"2016-01-13",,8,,8
"2016-01-14",,8,,8.07
"2016-01-15",,8,,8.13
"2016-01-18",,8,,8.13
"2016-01-19",,8,,8.13
"2016-01-20",,8,,8.27
"2016-01-21",,8,,8.32
"2016-01-22",,8,,8.39
"2016-01-25",,8,,8.39
"2016-01-26",,8,,8.43
"2016-01-27",,8,,8.42
"2016-01-28",,8,,8.36
"2016-01-29",,8,,8.34
"2016-02-01",,8,,8.34
"2016-02-02",,8,,8.29
"2016-02-03",,8,,8.21
"2016-02-04",,8,,8.14
"2016-02-05",,8,,8.17
"2016-02-08",,8,,8.19
"2016-02-09",,8,,8.16
"2016-02-10",,8,,7.88
"2016-02-11",,8,,7.49
"2016-02-12",,8,,6.4
"2016-02-15",,8,,6.4
"2016-02-16",,8,,4.4
"2016-02-17",,8,,5.16
"2016-02-18",,8,,5.16
"2016-02-19",,8,,5.16
"2016-02-22",,8,,5.47
"2016-02-23",,8,,5.62
"2016-02-24",,8,,5.65
"2016-02-25",,8,,6.03
"2016-02-26",,8,,6.42
"2016-02-29",,8,,6.45
"2016-03-01",,8,,6.3
"2016-03-02",,8,,5.77
"2016-03-03",,8,,5.43
"2016-03-04",,8,,5.48
"2016-03-07",,8,,5.42
"2016-03-08",,8,,5.37
"2016-03-09",5.25,8,,5.39
"2016-03-10",,8,,5.33
"2016-03-11",,8,,5.32
"2016-03-14",,8,,5.32
"2016-03-15",,8,,5.32
"2016-03-16",,8,,5.32
"2016-03-17",,8,,5.3
"2016-03-18",,8,,5.3
"2016-03-21",,8,,5.3
"2016-03-22",,8,,5.29
"2016-03-23",,8,,5.29
"2016-03-24",,8,,5.28
"2016-03-28",,8,,5.28
"2016-03-29",,8,,5.21
"2016-03-30",,8,,5.25
"2016-03-31",,8,,5.25
"2016-04-01",,8,,5.33
"2016-04-04",,8,,5.5
"2016-04-05",,8,,5.6
"2016-04-06",,8,,5.56
"2016-04-07",,8,,5.55
"2016-04-08",,8,,5.49
"2016-04-11",,8,,5.44
"2016-04-12",,8,,5.39
"2016-04-13",,8,,5.29
"2016-04-14",,8,,5.26
"2016-04-15",,8,,5.22
"2016-04-18",,8,,5.19
"2016-04-19",,8,,5.12
"2016-04-20",,8,,5.14
"2016-04-21",,8,,5.17
"2016-04-22",,8,,5.18
"2016-04-25",,8,,5.15
"2016-04-26",,8,,5.12
"2016-04-27",,8,,4.99
"2016-04-28",,8,,4.91
"2016-04-29",,8,,5.04
"2016-05-02",,8,,5.04
"2016-05-03",,8,,5.04
"2016-05-04",,8,,4.89
"2016-05-05",,8,,4.96
"2016-05-06",,8,,4.99
"2016-05-09",,8,,5.05
"2016-05-10",,8,,5.01
"2016-05-11",,8,,5
"2016-05-12",,8,,4.97
"2016-05-13",,8,,4.91
"2016-05-16",,8,,4.82
"2016-05-17",,8,,4.7
"2016-05-18",,8,,4.81
"2016-05-19",,8,,4.82
"2016-05-20",,8,,4.84
"2016-05-23",,8,,4.77
"2016-05-24",,8,,4.76
"2016-05-25",,8,,4.74
"2016-05-26",,8,,4.77
"2016-05-27",,8,,4.77
"2016-05-30",,8,,4.77
"2016-05-31",,8,,4.68
"2016-06-01",4.53,8,,4.61
"2016-06-02",,8,,4.55
"2016-06-03",,8,,4.85
"2016-06-06",,8,,4.77
"2016-06-07",,8,,4.77
"2016-06-08",,8,,4.65
"2016-06-09",,8,,4.68
"2016-06-10",,8,,4.69
"2016-06-13",,8,,4.97
"2016-06-14",,8,,4.98
"2016-06-15",,8,,5.47
"2016-06-16",,8,,5.52
"2016-06-17",,8,,5.72
"2016-06-20",,8,,5.62
"2016-06-21",,8,,5.7
"2016-06-22",,8,,5.86
"2016-06-23",,8,,5.89
"2016-06-24",,8,,5.85
"2016-06-27",,8,,5.65
"2016-06-28",,8,,5.44
"2016-06-29",,8,,5.44
"2016-06-30",,8,,5.52
"2016-07-01",,8,,5.52
"2016-07-04",,8,,5.52
"2016-07-05",,8,,5.37
"2016-07-06",,8,,5.23
"2016-07-07",,8,,5.27
"2016-07-08",,8,,5.47
"2016-07-11",,8,,5.34
"2016-07-12",,8,,5.22
"2016-07-13",,8,,4.77
"2016-07-14",,8,,4.48
"2016-07-15",,8,,4.48
"2016-07-18",,8,,4.48
"2016-07-19",,8,,4.38
"2016-07-20",,8,,4.29
"2016-07-21",,8,,4.29
"2016-07-22",,8,,4.48
"2016-07-25",,8,,4.69
"2016-07-26",,8,,4.78
"2016-07-27",,8,,4.75
"2016-07-28",,8,,4.76
"2016-07-29",,8,,4.78
"2016-08-01",,8,,4.58
"2016-08-02",,8,,4.58
"2016-08-03",,8,,4.58
"2016-08-04",,8,,4.58
"2016-08-05",,8,,4.53
"2016-08-08",,8,,4.39
"2016-08-09",,8,,4.39
"2016-08-10",,8,,4.49
"2016-08-11",,8,,4.58
"2016-08-12",,8,,4.74
"2016-08-15",,8,,4.78
"2016-08-16",,8,,4.8
"2016-08-17",,8,,4.77
"2016-08-18",,8,,4.72
"2016-08-19",,8,,4.75
"2016-08-22",,8,,4.75
"2016-08-23",,8,,4.75
"2016-08-24",,8,,4.73
"2016-08-25",,8,,4.87
"2016-08-26",,8,,4.92
"2016-08-29",,8,,4.93
"2016-08-30",,8,,4.58
"2016-08-31",,8,,4.73
"2016-09-01",,8,,4.73
"2016-09-02",,8,,4.68
"2016-09-05",,8,,4.68
"2016-09-06",,8,,4.62
"2016-09-07",4.54,8,,4.56
"2016-09-08",,8,,4.56
"2016-09-09",,8,,4.68
"2016-09-12",,8,,4.63
"2016-09-13",,8,,4.66
"2016-09-14",,8,,4.66
"2016-09-15",,8,,4.65
"2016-09-16",,8,,4.58
"2016-09-19",,8,,4.63
"2016-09-20",,8,,4.63
"2016-09-21",,8,,4.62
"2016-09-22",,8,,4.6
"2016-09-23",,8,,4.57
"2016-09-26",,8,,4.57
"2016-09-27",,8,,4.55
"2016-09-28",,8,,4.55
"2016-09-29",,8,,4.55
"2016-09-30",,8,,4.57
"2016-10-03",,8,,4.57
"2016-10-04",,8,,4.63
"2016-10-05",,8,,4.61
"2016-10-06",,8,,4.65
"2016-10-07",,8,,4.65
"2016-10-10",,8,,4.65
"2016-10-11",,8,,4.64
"2016-10-12",,8,,4.64
"2016-10-13",,8,,4.64
"2016-10-14",,8,,4.64
"2016-10-17",,8,,4.64
"2016-10-18",,8,,4.64
"2016-10-19",,8,,4.66
"2016-10-20",,8,,4.66
"2016-10-21",,8,,4.66
"2016-10-24",,8,,4.66
"2016-10-25",,8,,4.65
"2016-10-26",,8,,4.65
"2016-10-27",,8,,4.66
"2016-10-28",,8,,4.66
"2016-10-31",,8,,4.65
"2016-11-01",,8,,4.65
"2016-11-02",,8,,4.64
"2016-11-03",,8,,4.64
"2016-11-04",,8,,4.62
"2016-11-07",,8,,4.62
"2016-11-08",,8,,4.62
"2016-11-09",,8,,4.15
"2016-11-10",,8,,4.13
"2016-11-11",,8,,3.99
"2016-11-14",,8,,3.78
"2016-11-15",,8,,3.78
"2016-11-16",,8,,3.75
"2016-11-17",,8,,3.84
"2016-11-18",,8,,3.84
"2016-11-21",,8,,3.84
"2016-11-22",,8,,3.94
"2016-11-23",,8,,3.94
"2016-11-24",,8,,3.94
"2016-11-25",,8,,3.94
"2016-11-28",,8,,3.95
"2016-11-29",,8,,3.97
"2016-11-30",,8,,4
"2016-12-01",,8,,4.05
"2016-12-02",,8,,4.04
"2016-12-05",,8,,4.03
"2016-12-06",,8,,3.98
"2016-12-07",3.55,8,,3.9
"2016-12-08",,8,,3.9
"2016-12-09",,8,,3.53
"2016-12-12",,8,,3.51
"2016-12-13",,8,,3.44
"2016-12-14",,8,,3.35
"2016-12-15",,8,,3.45
"2016-12-16",,8,,3.53
"2016-12-19",,8,,3.49
"2016-12-20",,8,,3.49
"2016-12-21",,8,,3.49
"2016-12-22",,8,,3.45
"2016-12-23",,8,,3.45
"2016-12-27",,8,,3.46
"2016-12-28",,8,,3.46
"2016-12-29",,8,,3.46
"2016-12-30",,8,,3.46
"2017-01-02",,10,,3.46
"2017-01-03",,10,,3.46
"2017-01-04",,10,,3.46
"2017-01-05",,10,,3.45
"2017-01-06",,10,,3.42
"2017-01-09",,10,,3.53
"2017-01-10",,10,,3.55
"2017-01-11",,10,,3.54
"2017-01-12",,10,,3.54
"2017-01-13",,10,,3.54
"2017-01-16",,10,,3.54
"2017-01-17",,10,,3.59
"2017-01-18",,10,,3.64
"2017-01-19",,10,,3.7
"2017-01-20",,10,,3.79
"2017-01-23",,10,,3.79
"2017-01-24",,10,,3.85
"2017-01-25",,10,,3.77
"2017-01-26",,10,,3.8
"2017-01-27",,10,,3.81
"2017-01-30",,10,,3.81
"2017-01-31",,10,,3.9
"2017-02-01",,10,,3.88
"2017-02-02",,10,,3.87
"2017-02-03",,10,,3.88
"2017-02-06",,10,,3.88
"2017-02-07",,10,,3.95
"2017-02-08",,10,,3.98
"2017-02-09",,10,,3.94
"2017-02-10",,10,,3.94
"2017-02-13",,10,,3.94
"2017-02-14",,10,,3.94
"2017-02-15",,10,,3.94
"2017-02-16",,10,,3.94
"2017-02-17",,10,,3.92
"2017-02-20",,10,,3.92
"2017-02-21",,10,,3.91
"2017-02-22",,10,,3.67
"2017-02-23",,10,,3.66
"2017-02-24",,10,,3.67
"2017-02-27",,10,,3.43
"2017-02-28",,10,,3.36
"2017-03-01",,10,,3.33
"2017-03-02",,10,,3.29
"2017-03-03",,10,,3.29
"2017-03-06",,10,,3.27
"2017-03-07",,10,,3.3
"2017-03-08",3,10,,3.3
"2017-03-09",,10,,3.27
"2017-03-10",,10,,3.07
"2017-03-13",,10,,3.11
"2017-03-14",,10,,3.11
"2017-03-15",,10,,3.11
"2017-03-16",,10,,3.11
"2017-03-17",,10,,3.11
"2017-03-20",,10,,3.11
"2017-03-21",,10,,3.11
"2017-03-22",,10,,3.11
"2017-03-23",,10,,3.15
"2017-03-24",,10,,3.18
"2017-03-27",,10,,3.17
"2017-03-28",,10,,3.13
"2017-03-29",,10,,3.13
"2017-03-30",,10,,3.13
"2017-03-31",,10,,3.13
"2017-04-03",,10,,3.13
"2017-04-04",,10,,3.13
"2017-04-05",,10,,3.13
"2017-04-06",,10,,3.13
"2017-04-07",,10,,3.13
"2017-04-10",,10,,3.12
"2017-04-11",,10,,3.12
"2017-04-12",,10,,3.12
"2017-04-13",,10,,3.12
"2017-04-17",,10,,3.12
"2017-04-18",,10,,2.94
"2017-04-19",,10,,2.94
"2017-04-20",,10,,2.94
"2017-04-21",,10,,2.94
"2017-04-24",,10,,2.88
"2017-04-25",,10,,2.59
"2017-04-26",,10,,2.6
"2017-04-27",,10,,2.59
"2017-04-28",,10,,2.56
"2017-05-01",,10,,2.56
"2017-05-02",,10,,2.56
"2017-05-03",,10,,2.58
"2017-05-04",,10,,2.58
"2017-05-05",,10,,2.58
"2017-05-08",,10,,2.6
"2017-05-09",,10,,2.6
"2017-05-10",,10,,2.6
"2017-05-11",,10,,2.6
"2017-05-12",,10,,2.61
"2017-05-15",,10,,2.57
"2017-05-16",,10,,2.53
"2017-05-17",,10,,2.49
"2017-05-18",,10,,2.56
"2017-05-19",,10,,2.56
"2017-05-22",,10,,2.56
"2017-05-23",,10,,2.55
"2017-05-24",,10,,2.55
"2017-05-25",,10,,2.59
"2017-05-26",,10,,2.61
"2017-05-29",,10,,2.61
"2017-05-30",,10,,2.6
"2017-05-31",,10,,2.63
"2017-06-01",,10,,2.6
"2017-06-02",,10,,2.62
"2017-06-05",,10,,2.6
"2017-06-06",,10,,2.54
"2017-06-07",2.53,10,,2.54
"2017-06-08",,10,,2.54
"2017-06-09",,10,,2.67
"2017-06-12",,10,,2.82
"2017-06-13",,10,,2.85
"2017-06-14",,10,,2.91
"2017-06-15",,10,,2.91
"2017-06-16",,10,,2.91
"2017-06-19",,10,,2.91
"2017-06-20",,10,,2.91
"2017-06-21",,10,,3.16
"2017-06-22",,10,,3.16
"2017-06-23",,10,,3.16
"2017-06-26",,10,,3.16
"2017-06-27",,10,,3.2
"2017-06-28",,10,,3.32
"2017-06-29",,10,,3.46
"2017-06-30",,10,,3.47
"2017-07-03",,10,,3.47
"2017-07-04",,10,,3.47
"2017-07-05",,10,,3.47
"2017-07-06",,10,,3.53
"2017-07-07",,10,,3.56
"2017-07-10",,10,,3.72
"2017-07-11",,10,,3.9
"2017-07-12",,10,,3.84
"2017-07-13",,10,,3.86
"2017-07-14",,10,,3.86
"2017-07-17",,10,,3.86
"2017-07-18",,10,,3.86
"2017-07-19",,10,,3.86
"2017-07-20",,10,,3.86
"2017-07-21",,10,,3.86
"2017-07-24",,10,,3.86
"2017-07-25",,10,,3.82
"2017-07-26",,10,,3.76
"2017-07-27",,10,,3.77
"2017-07-28",,10,,3.77
"2017-07-31",,10,,3.77
"2017-08-01",,10,,3.59
"2017-08-02",,10,,3.52
"2017-08-03",,10,,3.45
"2017-08-04",,10,,3.45
"2017-08-07",,10,,3.47
"2017-08-08",,10,,3.47
"2017-08-09",,10,,3.47
"2017-08-10",,10,,3.46
"2017-08-11",,10,,3.46
"2017-08-14",,10,,3.46
"2017-08-15",,10,,3.36
"2017-08-16",,10,,3.36
"2017-08-17",,10,,3.35
"2017-08-18",,10,,3.35
"2017-08-21",,10,,3.35
"2017-08-22",,10,,3.27
"2017-08-23",,10,,4.55
"2017-08-24",,10,,4.45
"2017-08-25",,10,,4.45
"2017-08-28",,10,,4.48
"2017-08-29",,10,,4.49
"2017-08-30",,10,,4.44
"2017-08-31",,10,,4.37
"2017-09-01",,10,,4.37
"2017-09-04",,10,,4.37
"2017-09-05",,10,,4.3
"2017-09-06",4.35,10,,4.32
"2017-09-07",,10,,4.34
"2017-09-08",,10,,4.42
"2017-09-11",,10,,4.41
"2017-09-12",,10,,4.27
"2017-09-13",,10,,4.18
"2017-09-14",,10,,4.12
"2017-09-15",,10,,4.18
"2017-09-18",,10,,4.18
"2017-09-19",,10,,4.23
"2017-09-20",,10,,4.36
"2017-09-21",,10,,4.36
"2017-09-22",,10,,4.32
"2017-09-25",,10,,4.32
"2017-09-26",,10,,4.32
"2017-09-27",,10,,4.33
"2017-09-28",,10,,4.32
"2017-09-29",,10,,4.32
"2017-10-02",,10,,4.32
"2017-10-03",,10,,4.32
"2017-10-04",,10,,4.33
"2017-10-05",,10,,4.32
"2017-10-06",,10,,4.32
"2017-10-09",,10,,4.32
"2017-10-10",,10,,4.32
"2017-10-11",,10,,4.32
"2017-10-12",,10,,4.32
"2017-10-13",,10,,4.32
"2017-10-16",,10,,4.27
"2017-10-17",,10,,4.18
"2017-10-18",,10,,4.08
"2017-10-19",,10,,4.07
"2017-10-20",,10,,4.07
"2017-10-23",,10,,4.06
"2017-10-24",,10,,4.05
"2017-10-25",,10,,4.03
"2017-10-26",,10,,4.03
"2017-10-27",,10,,4.04
"2017-10-30",,10,,4.04
"2017-10-31",,10,,4.04
"2017-11-01",,10,,4.04
"2017-11-02",,10,,4.08
"2017-11-03",,10,,4.08
"2017-11-06",,10,,4.15
"2017-11-07",,10,,4.15
"2017-11-08",,10,,4.22
"2017-11-09",,10,,4.22
"2017-11-10",,10,,4.22
"2017-11-13",,10,,4.22
"2017-11-14",,10,,4.22
"2017-11-15",,10,,4.22
"2017-11-16",,10,,4.2
"2017-11-17",,10,,4.2
"2017-11-20",,10,,4.22
"2017-11-21",,10,,4.24
"2017-11-22",,10,,4.24
"2017-11-23",,10,,4.24
"2017-11-24",,10,,4.24
"2017-11-27",,10,,4.22
"2017-11-28",,10,,4.19
"2017-11-29",,10,,4.05
"2017-11-30",,10,,3.87
"2017-12-01",,10,,3.91
"2017-12-04",,10,,3.93
"2017-12-05",,10,,3.84
"2017-12-06",3.8,10,,3.86
"2017-12-07",,10,,3.88
"2017-12-08",,10,,3.84
"2017-12-11",,10,,3.81
"2017-12-12",,10,,3.88
"2017-12-13",,10,,3.9
"2017-12-14",,10,,3.88
"2017-12-15",,10,,3.88
"2017-12-18",,10,,3.88
"2017-12-19",,10,,3.91
"2017-12-20",,10,,4
"2017-12-21",,10,,4
"2017-12-22",,10,,4
"2017-12-26",,10,,4
"2017-12-27",,10,,4.05
"2017-12-28",,10,,4.11
"2017-12-29",,10,,4.11
"2018-01-02",,10.25,,4.14
"2018-01-03",,10.25,,4.21
"2018-01-04",,10.25,,4.25
"2018-01-05",,10.25,,4.21
"2018-01-08",,10.25,,4.21
"2018-01-09",,10.25,,4.21
"2018-01-10",,10.25,,4.21
"2018-01-11",,10.25,,4.21
"2018-01-12",,10.25,,4.21
"2018-01-15",,10.25,,4.21
"2018-01-16",,10.25,,4.21
"2018-01-17",,10.25,,4.21
"2018-01-18",,10.25,,4.21
"2018-01-19",,10.25,,4.21
"2018-01-22",,10.25,,4.21
"2018-01-23",,10.25,,4.21
"2018-01-24",,10.25,,4.21
"2018-01-25",,10.25,,4.21
"2018-01-26",,10.25,,4.23
"2018-01-29",,10.25,,4.3
"2018-01-30",,10.25,,4.25
"2018-01-31",,10.25,,4.25
"2018-02-01",,10.25,,4.25
"2018-02-02",,10.25,,4.26
"2018-02-05",,10.25,,4.26
"2018-02-06",,10.25,,4.28
"2018-02-07",,10.25,,4.14
"2018-02-08",,10.25,,4.09
"2018-02-09",,10.25,,4.1
"2018-02-12",,10.25,,4.06
"2018-02-13",,10.25,,4.06
"2018-02-14",,10.25,,4.06
"2018-02-15",,10.25,,4.06
"2018-02-16",,10.25,,4.06
"2018-02-19",,10.25,,4.06
"2018-02-20",,10.25,,4.06
"2018-02-21",,10.25,,4.06
"2018-02-22",,10.25,,4.06
"2018-02-23",,10.25,,4.05
"2018-02-26",,10.25,,4.05
"2018-02-27",,10.25,,3.95
"2018-02-28",,10.25,,3.89
"2018-03-01",,10.25,,3.85
"2018-03-02",,10.25,,3.85
"2018-03-05",,10.25,,3.85
"2018-03-06",,10.25,,3.85
"2018-03-07",,10.25,,3.85
"2018-03-08",,10.25,,3.81
"2018-03-09",,10.25,,3.81
"2018-03-12",,10.25,,3.81
"2018-03-13",,10.25,,3.82
"2018-03-14",3.79,10.25,,3.81
"2018-03-15",,10.25,,3.81
"2018-03-16",,10.25,,3.79
"2018-03-19",,10.25,,3.81
"2018-03-20",,10.25,,3.81
"2018-03-21",,10.25,,3.81
"2018-03-22",,10.25,,3.89
"2018-03-23",,10.25,,3.92
"2018-03-26",,10.25,,3.9
"2018-03-27",,10.25,,3.87
"2018-03-28",,10.25,,3.88
"2018-03-29",,10.25,,3.91
"2018-04-02",,10.25,,3.94
"2018-04-03",,10.25,,3.94
"2018-04-04",,10.25,,3.93
"2018-04-05",,10.25,,3.93
"2018-04-06",,10.25,,3.93
"2018-04-09",,10.25,,3.97
"2018-04-10",,10.25,,4
"2018-04-11",,10.25,,4.02
"2018-04-12",,10.25,,4.02
"2018-04-13",,10.25,,4.02
"2018-04-16",,10.25,,4.06
"2018-04-17",,10.25,,4.12
"2018-04-18",,10.25,,4.15
"2018-04-19",,10.25,,4.14
"2018-04-20",,10.25,,4.15
"2018-04-23",,10.25,,4.15
"2018-04-24",,10.25,,4.14
"2018-04-25",,10.25,,4.14
"2018-04-26",,10.25,,4.05
"2018-04-27",,10.25,,4.04
"2018-04-30",,10.25,,4.04
"2018-05-01",,10.25,,4.04
"2018-05-02",,10.25,,4.1
"2018-05-03",,10.25,,4.08
"2018-05-04",,10.25,,4.08
"2018-05-07",,10.25,,4.08
"2018-05-08",,10.25,,4.08
"2018-05-09",,10.25,,4.05
"2018-05-10",,10.25,,4.05
"2018-05-11",,10.25,,4.03
"2018-05-14",,10.25,,4.03
"2018-05-15",,10.25,,4.03
"2018-05-16",,10.25,,4.03
"2018-05-17",,10.25,,3.98
"2018-05-18",,10.25,,3.97
"2018-05-21",,10.25,,3.97
"2018-05-22",,10.25,,3.97
"2018-05-23",,10.25,,3.91
"2018-05-24",,10.25,,3.91
"2018-05-25",,10.25,,3.91
"2018-05-28",,10.25,,3.91
"2018-05-29",,10.25,,3.92
"2018-05-30",,10.25,,3.92
"2018-05-31",,10.25,,3.91
"2018-06-01",,10.25,,3.9
"2018-06-04",,10.25,,3.9
"2018-06-05",,10.25,,3.91
"2018-06-06",,10.25,,3.91
"2018-06-07",,10.25,,3.92
"2018-06-08",,10.25,,3.92
"2018-06-11",,10.25,,3.92
"2018-06-12",,10.25,,3.95
"2018-06-13",4.02,10.25,,3.95
"2018-06-14",,10.25,,3.98
"2018-06-15",,10.25,,4.19
"2018-06-18",,10.25,,4.19
"2018-06-19",,10.25,,4.26
"2018-06-20",,10.25,,4.28
"2018-06-21",,10.25,,4.3
"2018-06-22",,10.25,,4.33
"2018-06-25",,10.25,,4.35
"2018-06-26",,10.25,,4.35
"2018-06-27",,10.25,,4.41
"2018-06-28",,10.25,,4.42
"2018-06-29",,10.25,,4.42
"2018-07-02",,10.25,,4.38
"2018-07-03",,10.25,,4.39
"2018-07-04",,10.25,,4.39
"2018-07-05",,10.25,,4.39
"2018-07-06",,10.25,,4.39
"2018-07-09",,10.25,,4.36
"2018-07-10",,10.25,,4.35
"2018-07-11",,10.25,,4.35
"2018-07-12",,10.25,,4.35
"2018-07-13",,10.25,,4.33
"2018-07-16",,10.25,,4.33
"2018-07-17",,10.25,,4.33
"2018-07-18",,10.25,,4.34
"2018-07-19",,10.25,,4.34
"2018-07-20",,10.25,,4.34
"2018-07-23",,10.25,,4.34
"2018-07-24",,10.25,,4.36
"2018-07-25",,10.25,,4.38
"2018-07-26",,10.25,,4.44
"2018-07-27",,10.25,,4.46
"2018-07-30",,10.25,,4.46
"2018-07-31",,10.25,,4.47
"2018-08-01",,10.25,,4.45
"2018-08-02",,10.25,,4.45
"2018-08-03",,10.25,,4.45
"2018-08-06",,10.25,,4.45
"2018-08-07",,10.25,,4.45
"2018-08-08",,10.25,,4.4
"2018-08-09",,10.25,,4.37
"2018-08-10",,10.25,,4.37
"2018-08-13",,10.25,,4.37
"2018-08-14",,10.25,,4.35
"2018-08-15",,10.25,,4.35
"2018-08-16",,10.25,,4.37
"2018-08-17",,10.25,,4.37
"2018-08-20",,10.25,,4.37
"2018-08-21",,10.25,,4.39
"2018-08-22",,10.25,,4.39
"2018-08-23",,10.25,,4.36
"2018-08-24",,10.25,,4.37
"2018-08-27",,10.25,,4.38
"2018-08-28",,10.25,,4.38
"2018-08-29",,10.25,,4.39
"2018-08-30",,10.25,,4.41
"2018-08-31",,10.25,,4.44
"2018-09-03",,10.25,,4.44
"2018-09-04",,10.25,,4.44
"2018-09-05",4.5,10.25,,4.43
"2018-09-06",,10.25,,4.45
"2018-09-07",,10.25,,4.68
"2018-09-10",,10.25,,4.69
"2018-09-11",,10.25,,4.72
"2018-09-12",,10.25,,4.72
"2018-09-13",,10.25,,4.77
"2018-09-14",,10.25,,4.81
"2018-09-17",,10.25,,4.84
"2018-09-18",,10.25,,4.89
"2018-09-19",,10.25,,4.93
"2018-09-20",,10.25,,5.01
"2018-09-21",,10.25,,5.01
"2018-09-24",,10.25,,5.01
"2018-09-25",,10.25,,5.02
"2018-09-26",,10.25,,5.05
"2018-09-27",,10.25,,5.08
"2018-09-28",,10.25,,5.09
"2018-10-01",,10.25,,5.09
"2018-10-02",,10.25,,5.1
"2018-10-03",,10.25,,5.14
"2018-10-04",,10.25,,5.12
"2018-10-05",,10.25,,5.17
"2018-10-08",,10.25,,5.17
"2018-10-09",,10.25,,5.18
"2018-10-10",,10.25,,5.23
"2018-10-11",,10.25,,5.23
"2018-10-12",,10.25,,5.23
"2018-10-15",,10.25,,5.29
"2018-10-16",,10.25,,5.39
"2018-10-17",,10.25,,5.43
"2018-10-18",,10.25,,5.43
"2018-10-19",,10.25,,5.43
"2018-10-22",,10.25,,5.43
"2018-10-23",,10.25,,5.43
"2018-10-24",,10.25,,5.42
"2018-10-25",,10.25,,5.42
"2018-10-26",,10.25,,5.45
"2018-10-29",,10.25,,5.5
"2018-10-30",,10.25,,5.48
"2018-10-31",,10.25,,5.48
"2018-11-01",,10.25,,5.48
"2018-11-02",,10.25,,5.48
"2018-11-05",,10.25,,5.48
"2018-11-06",,10.25,,5.48
"2018-11-07",,10.25,,5.48
"2018-11-08",,10.25,,5.48
"2018-11-09",,10.25,,5.46
"2018-11-12",,10.25,,5.46
"2018-11-13",,10.25,,5.46
"2018-11-14",,10.25,,5.46
"2018-11-15",,10.25,,5.52
"2018-11-16",,10.25,,5.53
"2018-11-19",,10.25,,5.49
"2018-11-20",,10.25,,5.5
"2018-11-21",,10.25,,5.49
"2018-11-22",,10.25,,5.49
"2018-11-23",,10.25,,5.49
"2018-11-26",,10.25,,5.49
"2018-11-27",,10.25,,5.49
"2018-11-28",,10.25,,5.46
"2018-11-29",,10.25,,5.46
"2018-11-30",,10.25,,5.4
"2018-12-03",,10.25,,5.25
"2018-12-04",,10.25,,5.29
"2018-12-05",5.35,10.25,,5.3
"2018-12-06",,10.25,,5.3
"2018-12-07",,10.25,,5.35
"2018-12-10",,10.25,,5.35
"2018-12-11",,10.25,,5.34
"2018-12-12",,10.25,,5.3
"2018-12-13",,10.25,,5.32
"2018-12-14",,10.25,,5.32
"2018-12-17",,10.25,,5.41
"2018-12-18",,10.25,,5.42
"2018-12-19",,10.25,,5.42
"2018-12-20",,10.25,,5.46
"2018-12-21",,10.25,,5.55
"2018-12-24",,10.25,,5.55
"2018-12-26",,10.25,,5.57
"2018-12-27",,10.25,,5.57
"2018-12-28",,10.25,,5.57
"2018-12-31",,10.25,,5.57
"2019-01-02",,10.51,,5.57
"2019-01-03",,10.51,,5.57
"2019-01-04",,10.51,,5.57
"2019-01-07",,10.51,,5.57
"2019-01-08",,10.51,,5.57
"2019-01-09",,10.51,,5.57
"2019-01-10",,10.51,,5.48
"2019-01-11",,10.51,,5.4
"2019-01-14",,10.51,,5.31
"2019-01-15",,10.51,,5.31
"2019-01-16",,10.51,,5.33
"2019-01-17",,10.51,,5.33
"2019-01-18",,10.51,,5.36
"2019-01-21",,10.51,,5.36
"2019-01-22",,10.51,,5.36
"2019-01-23",,10.51,,5.36
"2019-01-24",,10.51,,5.36
"2019-01-25",,10.51,,5.39
"2019-01-28",,10.51,,5.39
"2019-01-29",,10.51,,5.4
"2019-01-30",,10.51,,5.4
"2019-01-31",,10.51,,5.4
"2019-02-01",,10.51,,5.4
"2019-02-04",,10.51,,5.4
"2019-02-05",,10.51,,5.4
"2019-02-06",,10.51,,5.4
"2019-02-07",,10.51,,5.43
"2019-02-08",,10.51,,5.29
"2019-02-11",,10.51,,5.23
"2019-02-12",,10.51,,5.23
"2019-02-13",,10.51,,5.23
"2019-02-14",,10.51,,5.23
"2019-02-15",,10.51,,5.23
"2019-02-18",,10.51,,5.23
"2019-02-19",,10.51,,5.23
"2019-02-20",,10.51,,5.23
"2019-02-21",,10.51,,5.22
"2019-02-22",,10.51,,5.23
"2019-02-25",,10.51,,5.24
"2019-02-26",,10.51,,5.29
"2019-02-27",,10.51,,5.3
"2019-02-28",,10.51,,5.3
"2019-03-01",,10.51,,5.21
"2019-03-04",,10.51,,5.21
"2019-03-05",,10.51,,5.19
"2019-03-06",,10.51,,5.2
"2019-03-07",,10.51,,5.2
"2019-03-08",,10.51,,5.18
"2019-03-11",,10.51,,5.18
"2019-03-12",,10.51,,5.18
"2019-03-13",5.27,10.51,,5.18
"2019-03-14",,10.51,,5.19
"2019-03-15",,10.51,,5.45
"2019-03-18",,10.51,,5.47
"2019-03-19",,10.51,,5.45
"2019-03-20",,10.51,,5.45
"2019-03-21",,10.51,,5.44
"2019-03-22",,10.51,,5.45
"2019-03-25",,10.51,,5.45
"2019-03-26",,10.51,,5.45
"2019-03-27",,10.51,,5.47
"2019-03-28",,10.51,,5.49
"2019-03-29",,10.51,,5.56
"2019-04-01",,10.51,,5.55
"2019-04-02",,10.51,,5.53
"2019-04-03",,10.51,,5.54
"2019-04-04",,10.51,,5.54
"2019-04-05",,10.51,,5.55
"2019-04-08",,10.51,,5.55
"2019-04-09",,10.51,,5.58
"2019-04-10",,10.51,,5.58
"2019-04-11",,10.51,,5.58
"2019-04-12",,10.51,,5.58
"2019-04-15",,10.51,,5.58
"2019-04-16",,10.51,,5.58
"2019-04-17",,10.51,,5.58
"2019-04-18",,10.51,,5.58
"2019-04-22",,10.51,,5.58
"2019-04-23",,10.51,,5.59
"2019-04-24",,10.51,,5.59
"2019-04-25",,10.51,,5.59
"2019-04-26",,10.51,,5.61
"2019-04-29",,10.51,,5.61
"2019-04-30",,10.51,,5.6
"2019-05-01",,10.51,,5.62
"2019-05-02",,10.51,,5.85
"2019-05-03",,10.51,,5.62
"2019-05-06",,10.51,,5.64
"2019-05-07",,10.51,,5.69
"2019-05-08",,10.51,,5.64
"2019-05-09",,10.51,,5.64
"2019-05-10",,10.51,,5.69
"2019-05-13",,10.51,,5.69
"2019-05-14",,10.51,,5.69
"2019-05-15",,10.51,,5.73
"2019-05-16",,10.51,,5.73
"2019-05-17",,10.51,,5.73
"2019-05-20",,10.51,,5.73
"2019-05-21",,10.51,,5.7
"2019-05-22",,10.51,,5.7
"2019-05-23",,10.51,,5.69
"2019-05-24",,10.51,,5.61
"2019-05-27",,10.51,,5.61
"2019-05-28",,10.51,,5.58
"2019-05-29",,10.51,,5.62
"2019-05-30",,10.51,,5.65
"2019-05-31",,10.51,,5.64
"2019-06-03",,10.51,,5.64
"2019-06-04",,10.51,,5.63
"2019-06-05",5.62,10.51,,5.63
"2019-06-06",,10.51,,5.59
"2019-06-07",,10.51,,5.64
"2019-06-10",,10.51,,5.64
"2019-06-11",,10.51,,5.63
"2019-06-12",,10.51,,5.55
"2019-06-13",,10.51,,5.52
"2019-06-14",,10.51,,5.49
"2019-06-17",,10.51,,5.53
"2019-06-18",,10.51,,5.52
"2019-06-19",,10.51,,5.52
"2019-06-20",,10.51,,5.52
"2019-06-21",,10.51,,5.46
"2019-06-24",,10.51,,5.4
"2019-06-25",,10.51,,5.42
"2019-06-26",,10.51,,5.44
"2019-06-27",,10.51,,5.45
"2019-06-28",,10.51,,5.45
"2019-07-01",,10.51,,5.44
"2019-07-02",,10.51,,5.44
"2019-07-03",,10.51,,5.43
"2019-07-04",,10.51,,5.43
"2019-07-05",,10.51,,5.43
"2019-07-08",,10.51,,5.5
"2019-07-09",,10.51,,5.5
"2019-07-10",,10.51,,5.48
"2019-07-11",,10.51,,5.48
"2019-07-12",,10.51,,5.5
"2019-07-15",,10.51,,5.52
"2019-07-16",,10.51,,5.52
"2019-07-17",,10.51,,5.53
"2019-07-18",,10.51,,5.57
"2019-07-19",,10.51,,5.57
"2019-07-22",,10.51,,5.57
"2019-07-23",,10.51,,5.58
"2019-07-24",,10.51,,5.62
"2019-07-25",,10.51,,5.59
"2019-07-26",,10.51,,5.59
"2019-07-29",,10.51,,5.59
"2019-07-30",,10.51,,5.59
"2019-07-31",,10.51,,5.47
"2019-08-01",,10.51,,5.29
"2019-08-02",,10.51,,5.29
"2019-08-05",,10.51,,5.3
"2019-08-06",,10.51,,5.3
"2019-08-07",,10.51,,5.28
"2019-08-08",,10.51,,5.25
"2019-08-09",,10.51,,5.24
"2019-08-12",,10.51,,5.23
"2019-08-13",,10.51,,5.19
"2019-08-14",,10.51,,5.15
"2019-08-15",,10.51,,5.14
"2019-08-16",,10.51,,5.12
"2019-08-19",,10.51,,5.12
"2019-08-20",,10.51,,5.09
"2019-08-21",,10.51,,5.08
"2019-08-22",,10.51,,5.11
"2019-08-23",,10.51,,5.13
"2019-08-26",,10.51,,5.13
"2019-08-27",,10.51,,5.11
"2019-08-28",,10.51,,5.14
"2019-08-29",,10.51,,5.18
"2019-08-30",,10.51,,5.19
"2019-09-02",,10.51,,5.19
"2019-09-03",,10.51,,5.23
"2019-09-04",5.2,10.51,,5.27
"2019-09-05",,10.51,,5.3
"2019-09-06",,10.51,,5.31
"2019-09-09",,10.51,,5.29
"2019-09-10",,10.51,,5.27
"2019-09-11",,10.51,,5.27
"2019-09-12",,10.51,,5.27
"2019-09-13",,10.51,,5.26
"2019-09-16",,10.51,,5.26
"2019-09-17",,10.51,,5.27
"2019-09-18",,10.51,,5.32
"2019-09-19",,10.51,,5.35
"2019-09-20",,10.51,,5.39
"2019-09-23",,10.51,,5.39
"2019-09-24",,10.51,,5.41
"2019-09-25",,10.51,,5.43
"2019-09-26",,10.51,,5.45
"2019-09-27",,10.51,,5.43
"2019-09-30",,10.51,,5.43
"2019-10-01",,10.51,,5.42
"2019-10-02",,10.51,,5.4
"2019-10-03",,10.51,,5.46
"2019-10-04",,10.51,,5.5
"2019-10-07",,10.51,,5.51
"2019-10-08",,10.51,,5.56
"2019-10-09",,10.51,,5.57
"2019-10-10",,10.51,,5.57
"2019-10-11",,10.51,,5.57
"2019-10-14",,10.51,,5.57
"2019-10-15",,10.51,,5.57
"2019-10-16",,10.51,,5.54
"2019-10-17",,10.51,,5.52
"2019-10-18",,10.51,,5.5
"2019-10-21",,10.51,,5.5
"2019-10-22",,10.51,,5.5
"2019-10-23",,10.51,,5.5
"2019-10-24",,10.51,,5.47
"2019-10-25",,10.51,,5.52
"2019-10-28",,10.51,,5.51
"2019-10-29",,10.51,,5.55
"2019-10-30",,10.51,,5.55
"2019-10-31",,10.51,,5.56
"2019-11-01",,10.51,,5.56
"2019-11-04",,10.51,,5.56
"2019-11-05",,10.51,,5.59
"2019-11-06",,10.51,,5.7
"2019-11-07",,10.51,,5.68
"2019-11-08",,10.51,,5.68
"2019-11-11",,10.51,,5.68
"2019-11-12",,10.51,,5.66
"2019-11-13",,10.51,,5.66
"2019-11-14",,10.51,,5.67
"2019-11-15",,10.51,,5.69
"2019-11-18",,10.51,,5.67
"2019-11-19",,10.51,,5.67
"2019-11-20",,10.51,,5.67
"2019-11-21",,10.51,,5.67
"2019-11-22",,10.51,,5.7
"2019-11-25",,10.51,,5.7
"2019-11-26",,10.51,,5.71
"2019-11-27",,10.51,,5.71
"2019-11-28",,10.51,,5.71
"2019-11-29",,10.51,,5.71
"2019-12-02",,10.51,,5.7
"2019-12-03",,10.51,,5.69
"2019-12-04",5.61,10.51,,5.69
"2019-12-05",,10.51,,5.66
"2019-12-06",,10.51,,5.67
"2019-12-09",,10.51,,5.67
"2019-12-10",,10.51,,5.67
"2019-12-11",,10.51,,5.64
"2019-12-12",,10.51,,5.66
"2019-12-13",,10.51,,5.66
"2019-12-16",,10.51,,5.7
"2019-12-17",,10.51,,5.7
"2019-12-18",,10.51,,5.7
"2019-12-19",,10.51,,5.71
"2019-12-20",,10.51,,5.7
"2019-12-23",,10.51,,5.64
"2019-12-24",,10.51,,5.64
"2019-12-26",,10.51,,5.65
"2019-12-27",,10.51,,5.65
"2019-12-30",,10.51,,5.65
"2019-12-31",,10.51,,5.65
"2020-01-02",,10.77,,5.65
"2020-01-03",,10.77,,5.65
"2020-01-06",,10.77,,5.67
"2020-01-07",,10.77,,5.68
"2020-01-08",,10.77,,5.69
"2020-01-09",,10.77,,5.72
"2020-01-10",,10.77,,5.72
"2020-01-13",,10.77,,5.76
"2020-01-14",,10.77,,5.8
"2020-01-15",,10.77,,5.83
"2020-01-16",,10.77,,5.84
"2020-01-17",,10.77,,5.84
"2020-01-20",,10.77,,5.84
"2020-01-21",,10.77,,5.85
"2020-01-22",,10.77,,5.85
"2020-01-23",,10.77,,5.85
"2020-01-24",,10.77,,5.85
"2020-01-27",,10.77,,5.85
"2020-01-28",,10.77,,5.85
"2020-01-29",,10.77,,5.79
"2020-01-30",,10.77,,5.79
"2020-01-31",,10.77,,5.67
"2020-02-03",,10.77,,5.68
"2020-02-04",,10.77,,5.68
"2020-02-05",,10.77,,5.7
"2020-02-06",,10.77,,5.71
"2020-02-07",,10.77,,5.71
"2020-02-10",,10.77,,5.72
"2020-02-11",,10.77,,5.72
"2020-02-12",,10.77,,5.74
"2020-02-13",,10.77,,5.77
"2020-02-14",,10.77,,5.82
"2020-02-17",,10.77,,5.82
"2020-02-18",,10.77,,5.85
"2020-02-19",,10.77,,5.9
"2020-02-20",,10.77,,5.91
"2020-02-21",,10.77,,5.9
"2020-02-24",,10.77,,5.89
"2020-02-25",,10.77,,5.89
"2020-02-26",,10.77,,5.85
"2020-02-27",,10.77,,5.85
"2020-02-28",,10.77,,5.87
"2020-03-02",,10.77,,5.83
"2020-03-03",,10.77,,5.76
"2020-03-04",,10.77,,5.76
"2020-03-05",,10.77,,5.76
"2020-03-06",,10.77,,5.73
"2020-03-09",,10.77,,5.63
"2020-03-10",,10.77,,5.67
"2020-03-11",5.65,10.77,,5.68
"2020-03-12",,10.77,,5.62
"2020-03-13",,10.77,,5.44
"2020-03-16",,10.77,,4.93
"2020-03-17",,10.77,,5.16
"2020-03-18",,10.77,,5.16
"2020-03-19",,10.77,,4.88
"2020-03-20",,10.77,,4.76
"2020-03-23",,10.77,,4.69
"2020-03-24",,10.77,,4.98
"2020-03-25",,10.77,,5.08
"2020-03-26",,10.77,,5.22
"2020-03-27",,10.77,,5.25
"2020-03-30",,10.77,,5.33
"2020-03-31",,10.77,,5.38
"2020-04-01",,10.77,,5.28
"2020-04-02",,10.77,,5.32
"2020-04-03",,10.77,,5.32
"2020-04-06",,10.77,,5.44
"2020-04-07",,10.77,,5.49
"2020-04-08",,10.77,,5.59
"2020-04-09",,10.77,,5.68
"2020-04-13",,10.77,,5.68
"2020-04-14",,10.77,,5.68
"2020-04-15",,10.77,,5.68
"2020-04-16",,10.77,,5.68
"2020-04-17",,10.77,,5.68
"2020-04-20",,10.77,,5.59
"2020-04-21",,10.77,,5.59
"2020-04-22",,10.77,,5.59
"2020-04-23",,10.77,,5.6
"2020-04-24",,10.77,,5.65
"2020-04-27",,10.77,,5.63
"2020-04-28",,10.77,,5.74
"2020-04-29",,10.77,,5.83
"2020-04-30",,10.77,,5.81
"2020-05-01",,10.77,,5.81
"2020-05-04",,10.77,,5.81
"2020-05-05",,10.77,,5.81
"2020-05-06",,10.77,,5.77
"2020-05-07",,10.77,,5.81
"2020-05-08",,10.77,,5.81
"2020-05-11",,10.77,,5.8
"2020-05-12",,10.77,,5.77
"2020-05-13",,10.77,,5.7
"2020-05-14",,10.77,,5.7
"2020-05-15",,10.77,,5.71
"2020-05-18",,10.77,,5.71
"2020-05-19",,10.77,,5.71
"2020-05-20",,10.77,,5.71
"2020-05-21",,10.77,,5.73
"2020-05-22",,10.77,,5.73
"2020-05-26",,10.77,,5.82
"2020-05-27",,10.77,,5.82
"2020-05-28",,10.77,,5.86
"2020-05-29",,10.77,,5.86
"2020-06-01",,10.77,,5.9
"2020-06-02",,10.77,,5.92
"2020-06-03",5.75,10.77,,5.92
"2020-06-04",,10.77,,5.92
"2020-06-05",,10.77,,5.92
"2020-06-08",,10.77,,5.94
"2020-06-09",,10.77,,5.96
"2020-06-10",,10.77,,5.96
"2020-06-11",,10.77,,5.96
"2020-06-12",,10.77,,5.96
"2020-06-15",,10.77,,5.96
"2020-06-16",,10.77,,5.96
"2020-06-17",,10.77,,6
"2020-06-18",,10.77,,6.02
"2020-06-19",,10.77,,6.02
"2020-06-24",,10.77,,5.99
"2020-06-25",,10.77,,6
"2020-06-30",,10.77,,6.06
"2020-07-01",,10.77,,6.1
"2020-07-07",,10.77,,6.14
"2020-07-08",,10.77,,6.13
"2020-07-10",,10.77,,6.11
"2020-07-13",,10.77,,6.16
"2020-07-15",,10.77,,6.25
"2020-07-22",,10.77,,6.29
"2020-07-23",,10.77,,6.33
"2020-07-27",,10.77,,6.46
"2020-07-28",,10.77,,6.51
"2020-07-29",,10.77,,6.7
"2020-08-04",,10.77,,6.59
"2020-08-06",,10.77,,6.62
"2020-08-07",,10.77,,6.63
"2020-08-10",,10.77,,6.65
"2020-08-14",,10.77,,6.72
"2020-08-18",,10.77,,6.79
"2020-08-24",,10.77,,6.86
"2020-08-25",,10.77,,6.87
"2020-08-26",,10.77,,6.88
"2020-08-31",,10.77,,6.81
"2020-09-01",,10.77,,6.72
"2020-09-02",,10.77,,6.74
"2020-09-04",,10.77,,6.78
"2020-09-09",,10.77,,6.75
"2020-09-17",,10.77,,6.8
"2020-09-18",,10.77,,6.78
"2020-09-21",,10.77,,6.88
"2020-09-23",,10.77,,6.82
"2020-09-28",,10.77,,6.79
"2020-09-29",,10.77,,6.79
"2020-10-01",,10.77,,6.8
"2020-10-06",,10.77,,6.82
"2020-10-08",,10.77,,6.83
"2020-10-13",,10.77,,6.85
"2020-10-14",,10.77,,6.94
"2020-10-15",,10.77,,6.93
"2020-10-16",,10.77,,6.94
"2020-10-20",,10.77,,6.95
"2020-10-22",,10.77,,6.97
"2020-10-26",,10.77,,6.95
"2020-10-27",,10.77,,7.02
"2020-10-29",,10.77,,7.1
"2020-10-30",,10.77,,7.2
"2020-11-02",,10.77,,7.22
"2020-11-03",,10.77,,7.2
"2020-11-04",,10.77,,7.28
"2020-11-05",,10.77,,7.28
"2020-11-06",,10.77,,7.28
"2020-11-09",,10.77,,7.29
"2020-11-10",,10.77,,7.29
"2020-11-11",,10.77,,7.29
"2020-11-12",,10.77,,7.29
"2020-11-13",,10.77,,7.3
"2020-11-16",,10.77,,7.3
"2020-11-17",,10.77,,7.31
"2020-11-18",,10.77,,7.32
"2020-11-19",,10.77,,7.33
"2020-11-20",,10.77,,7.32
"2020-11-23",,10.77,,7.34
"2020-11-24",,10.77,,7.38
"2020-11-25",,10.77,,7.4
"2020-11-26",,10.77,,7.4
"2020-11-27",,10.77,,7.4
"2020-11-30",,10.77,,7.44
"2020-12-01",,10.77,,7.4
"2020-12-02",,10.77,,7.36
"2020-12-03",,10.77,,7.39
"2020-12-04",,10.77,,7.42
"2020-12-07",,10.77,,7.45
"2020-12-08",,10.77,,7.51
"2020-12-09",,10.77,,7.52
"2020-12-10",,10.77,,7.75
"2020-12-11",,10.77,,7.89
"2020-12-14",,10.77,,7.86
"2020-12-15",,10.77,,7.86
"2020-12-16",,10.77,,7.85
"2020-12-17",,10.77,,7.92
"2020-12-18",,10.77,,7.92
"2020-12-21",,10.77,,7.92
"2020-12-22",,10.77,,7.93
"2020-12-23",,10.77,,7.98
"2020-12-24",,10.77,,7.98
"2020-12-28",,10.77,,7.99
"2020-12-29",,10.77,,8.09
"2020-12-30",,10.77,,8.06
"2020-12-31",,10.77,,8.1
"2021-01-04",,13,,8.09
"2021-01-05",,13,,8.14
"2021-01-06",,13,,8.7
"2021-01-07",,13,,8.76
"2021-01-08",,13,,8.79
"2021-01-11",,13,,8.88
"2021-01-12",,13,,8.93
"2021-01-13",,13,,8.73
"2021-01-14",,13,,8.56
"2021-01-15",,13,,8.48
"2021-01-18",,13,,8.48
"2021-01-19",,13,,8.57
"2021-01-20",,13,,8.43
"2021-01-21",,13,,8.38
"2021-01-22",,13,,8.34
"2021-01-25",,13,,8.16
"2021-01-26",,13,,8
"2021-01-27",,13,,7.79
"2021-01-28",,13,,7.91
"2021-01-29",,13,,7.86
"2021-02-01",,13,,8.09
"2021-02-02",,13,,8.19
"2021-02-03",,13,,8.17
"2021-02-04",,13,,8.09
"2021-02-05",,13,,8.12
"2021-02-08",,13,,8.08
"2021-02-09",,13,,8.17
"2021-02-10",,13,,8.27
"2021-02-11",,13,,8.27
"2021-02-12",,13,,8.32
"2021-02-15",,13,,8.32
"2021-02-16",,13,,8.3
"2021-02-17",,13,,8.29
"2021-02-18",,13,,8.25
"2021-02-19",,13,,8.4
"2021-02-22",,13,,8.32
"2021-02-23",,13,,8.35
"2021-02-24",,13,,8.25
"2021-02-25",,13,,8.29
"2021-02-26",,13,,8.29
"2021-03-01",,13,,8.29
"2021-03-02",,13,,8.29
"2021-03-03",7.6,13,,8.29
"2021-03-04",,13,,8.27
"2021-03-06",,13,,7.85
"2021-03-08",,13,,7.94
"2021-03-09",,13,,7.86
"2021-03-10",,13,,7.84
"2021-03-11",,13,,7.84
"2021-03-12",,13,,7.87
"2021-03-15",,13,,7.88
"2021-03-16",,13,,7.93
"2021-03-17",,13,,7.78
"2021-03-18",,13,,7.87
"2021-03-19",,13,,7.86
"2021-03-22",,13,,7.94
"2021-03-23",,13,,7.94
"2021-03-24",,13,,7.93
"2021-03-25",,13,,7.92
"2021-03-26",,13,,7.87
"2021-03-29",,13,,7.91
"2021-03-30",,13,,7.93
"2021-03-31",,13,,7.91
"2021-04-01",,13,,7.9
"2021-04-05",,13,,7.9
"2021-04-06",,13,,7.89
"2021-04-07",,13,,7.89
"2021-04-08",,13,,7.87
"2021-04-09",,13,,7.91
"2021-04-12",,13,,7.9
"2021-04-13",,13,,7.89
"2021-04-14",,13,,7.88
"2021-04-15",,13,,7.88
"2021-04-16",,13,,7.89
"2021-04-19",,13,,7.76
"2021-04-20",,13,,7.73
"2021-04-21",,13,,7.77
"2021-04-22",,13,,7.8
"2021-04-23",,13,,7.87
"2021-04-26",,13,,7.93
"2021-04-27",,13,,7.93
"2021-04-28",,13,,7.93
"2021-04-29",,13,,7.89
"2021-04-30",,13,,7.94
"2021-05-03",,13,,7.93
"2021-05-04",,13,,7.93
"2021-05-05",,13,,8.03
"2021-05-06",,13,,8.13
"2021-05-07",,13,,8.09
"2021-05-10",,13,,8.06
"2021-05-11",,13,,8.07
"2021-05-12",,13,,8.11
"2021-05-13",,13,,8.23
"2021-05-14",,13,,8.25
"2021-05-17",,13,,8.54
"2021-05-18",,13,,8.43
"2021-05-19",,13,,8.42
"2021-05-20",,13,,8.37
"2021-05-21",,13,,8.2
"2021-05-24",,13,,8.24
"2021-05-25",,13,,8.13
"2021-05-26",,13,,8.05
"2021-05-27",,13,,8.08
"2021-05-28",,13,,7.85
"2021-05-31",,13,,7.85
"2021-06-01",,13,,7.95
"2021-06-02",,13,,8.04
"2021-06-03",,13,,8.11
"2021-06-04",7.97,13,,8.22
"2021-06-07",,13,,8.29
"2021-06-08",,13,,8.31
"2021-06-09",,13,,8.32
"2021-06-10",,13,,8.38
"2021-06-11",,13,,8.39
"2021-06-14",,13,,8.41
"2021-06-15",,13,,8.41
"2021-06-16",,13,,8.41
"2021-06-17",,13,,8.37
"2021-06-18",,13,,8.3
"2021-06-21",,13,,8.38
"2021-06-22",,13,,8.37
"2021-06-23",,13,,8.35
"2021-06-24",,13,,8.34
"2021-06-25",,13,,8.45
"2021-06-28",,13,,8.61
"2021-06-29",,13,,8.48
"2021-06-30",,13,,8.44
"2021-07-01",,13,,8.42
"2021-07-02",,13,,8.51
"2021-07-05",,13,,8.51
"2021-07-06",,13,,8.64
"2021-07-07",,13,,8.68
"2021-07-08",,13,,8.64
"2021-07-09",,13,,8.64
"2021-07-12",,13,,8.64
"2021-07-13",,13,,8.71
"2021-07-14",,13,,8.78
"2021-07-15",,13,,8.71
"2021-07-16",,13,,8.74
"2021-07-19",,13,,8.75
"2021-07-20",,13,,8.71
"2021-07-21",,13,,8.75
"2021-07-22",,13,,8.81
"2021-07-23",,13,,8.8
"2021-07-26",,13,,8.81
"2021-07-27",,13,,8.79
"2021-07-28",,13,,8.82
"2021-07-29",,13,,8.92
"2021-07-30",,13,,8.92
"2021-08-02",,13,,9.03
"2021-08-03",,13,,9.02
"2021-08-04",,13,,9.04
"2021-08-05",,13,,9
"2021-08-06",,13,,9.03
"2021-08-09",,13,,9.09
"2021-08-10",,13,,9.11
"2021-08-11",,13,,9.28
"2021-08-12",,13,,9.36
"2021-08-13",,13,,9.37
"2021-08-16",,13,,9.36
"2021-08-17",,13,,9.34
"2021-08-18",,13,,9.22
"2021-08-19",,13,,9.07
"2021-08-20",,13,,8.68
"2021-08-23",,13,,8.93
"2021-08-24",,13,,8.91
"2021-08-25",,13,,8.96
"2021-08-26",,13,,8.95
"2021-08-27",,13,,9.04
"2021-08-30",,13,,9.05
"2021-08-31",,13,,9.05
"2021-09-01",,13,,9.14
"2021-09-02",,13,,9.11
"2021-09-03",,13,,9.14
"2021-09-06",,13,,9.14
"2021-09-07",,13,,9.11
"2021-09-08",,13,,9.31
"2021-09-09",,13,,9.41
"2021-09-10",9.3,13,,9.47
"2021-09-13",,13,,9.52
"2021-09-14",,13,,9.59
"2021-09-15",,13,,9.68
"2021-09-16",,13,,9.7
"2021-09-17",,13,,9.73
"2021-09-20",,13,,9.67
"2021-09-21",,13,,9.7
"2021-09-22",,13,,9.71
"2021-09-23",,13,,9.69
"2021-09-27",,13,,10.26
"2021-09-28",,13,,10.41
"2021-09-29",,13,,10.93
"2021-09-30",,13,,11.07
"2021-10-01",,13,,11.25
"2021-10-04",,13,,11.31
"2021-10-05",,13,,11.33
"2021-10-06",,13,,11.08
"2021-10-07",,13,,10.99
"2021-10-08",,13,,10.88
"2021-10-11",,13,,11.13
"2021-10-12",,13,,11.28
"2021-10-13",,13,,11.39
"2021-10-14",,13,,11.77
"2021-10-15",,13,,11.85
"2021-10-18",,13,11.88,11.86
"2021-10-19",,13,11.99,11.96
"2021-10-20",,13,12.15,12.12
"2021-10-21",,13,12.42,12.39
"2021-10-22",,13,12.5,12.47
"2021-10-25",,13,12.66,12.63
"2021-10-26",,13,12.82,12.79
"2021-10-27",,13,12.09,12.08
"2021-10-28",,13,12.27,12.26
"2021-10-29",,13,12.61,12.59
"2021-11-01",,13,12.05,12.03
"2021-11-02",,13,12.5,12.48
"2021-11-03",,13,12.39,12.37
"2021-11-04",,13,12.36,12.34
"2021-11-05",,13,12.58,12.56
"2021-11-08",,13,12.85,12.83
"2021-11-09",,13,12.98,12.96
"2021-11-10",,13,13.2,13.18
"2021-11-11",,13,13.28,13.26
"2021-11-12",,13,13.19,13.17
"2021-11-15",,13,13.15,13.13
"2021-11-16",,13,13.01,12.99
"2021-11-17",,13,13.12,13.1
"2021-11-18",,13,13.26,13.24
"2021-11-19",,13,13.4,13.38
"2021-11-22",,13,13.42,13.4
"2021-11-23",,13,13.35,13.33
"2021-11-24",,13,13.03,13.01
"2021-11-26",,13,12.93,12.93
"2021-11-29",,13,12.95,12.95
"2021-11-30",,13,12.8,12.8
"2021-12-01",13,13,12.69,12.69
"2021-12-02",,13,12.85,12.85
"2021-12-03",,13,13.37,13.37
"2021-12-06",,13,13.54,13.54
"2021-12-07",,13,13.9,13.9
"2021-12-08",,13,13.57,13.57
"2021-12-09",,13,13.05,13.05
"2021-12-10",,13,13.52,13.52
"2021-12-13",,13,13.61,13.61
"2021-12-14",,13,13.87,13.87
"2021-12-15",,13,13.9,13.9
"2021-12-16",,13,13.8,13.8
"2021-12-17",,13,13.71,13.71
"2021-12-20",,13,13.7,13.7
"2021-12-21",,13,13.71,13.71
"2021-12-22",,13,13.7,13.7
"2021-12-23",,13,13.67,13.67
"2021-12-24",,13,13.67,13.67
"2021-12-27",,13,13.67,13.67
"2021-12-28",,13,13.9,13.67
"2021-12-29",,13,13.9,13.67
"2021-12-30",,13,13.76,13.99
"2021-12-31",,13,13.9,13.68
"2022-01-03",,13.91,14.12,13.9
"2022-01-04",,13.91,14.19,13.97
"2022-01-05",,13.91,14.44,14.22
"2022-01-06",,13.91,14.34,14.12
"2022-01-07",,13.91,14.33,14.12
"2022-01-10",,13.91,14.25,14.02
"2022-01-11",,13.91,14.25,14.02
"2022-01-12",,13.91,14.16,13.96
"2022-01-13",,13.91,14.14,13.94
"2022-01-14",,13.91,14.25,14.05
"2022-01-18",,13.91,14.22,14.01
"2022-01-19",,13.91,14.2,13.99
"2022-01-20",,13.91,14.26,14.05
"2022-01-21",,13.91,14.18,13.97
"2022-01-24",,13.91,14.15,13.95
"2022-01-25",,13.91,14.05,13.85
"2022-01-26",,13.91,14.15,13.95
"2022-01-27",,13.91,14.28,14.09
"2022-01-28",,13.91,14.15,13.96
"2022-01-31",,13.91,14.19,14
"2022-02-01",,13.91,14.19,14
"2022-02-02",,13.91,14.23,14.04
"2022-02-03",,13.91,14.2,14
"2022-02-04",,13.91,14.2,14
"2022-02-07",,13.91,14.16,13.96
"2022-02-08",,13.91,14.11,13.91
"2022-02-09",,13.91,14.11,13.91
"2022-02-10",,13.91,14.12,13.92
"2022-02-11",,13.91,13.99,13.79
"2022-02-14",,13.91,14.03,13.83
"2022-02-15",,13.91,14.05,13.85
"2022-02-16",,13.91,14.05,13.85
"2022-02-17",,13.91,14.11,13.91
"2022-02-18",,13.91,14.16,13.96
"2022-02-21",,13.91,14.16,13.96
"2022-02-22",,13.91,14.17,13.98
"2022-02-23",,13.91,14.17,13.96
"2022-02-24",,13.91,14.06,13.88
"2022-02-25",,13.91,14.15,13.96
"2022-02-28",,13.91,14.05,13.85
"2022-03-01",,13.91,13.81,13.62
"2022-03-02",,13.91,13.85,13.65
"2022-03-03",,13.91,13.74,13.54
"2022-03-04",,13.91,13.69,13.49
"2022-03-07",,13.91,13.2,13
"2022-03-08",,13.91,13.29,13.09
"2022-03-09",,13.91,13.75,13.53
"2022-03-10",,13.91,13.4,13.18
"2022-03-11",13.5,13.91,13.5,13.27
"2022-03-14",,13.91,13.41,13.17
"2022-03-15",,13.91,13.32,13.08
"2022-03-16",,13.91,13.09,12.88
"2022-03-17",,13.91,13.13,12.89
"2022-03-18",,13.91,12.99,12.75
"2022-03-21",,13.91,12.26,12.26
"2022-03-22",,13.91,12.85,12.6
"2022-03-23",,13.91,13,12.76
"2022-03-24",,13.91,13.11,12.89
"2022-03-25",,13.91,13.12,12.88
"2022-03-28",,13.91,13.22,12.99
"2022-03-29",,13.91,13.31,13.11
"2022-03-30",,13.91,13.26,13.06
"2022-03-31",,13.91,13.16,12.96
"2022-04-01",,13.91,13.11,12.91
"2022-04-04",,13.91,13.45,13.25
"2022-04-05",,13.91,13.55,13.35
"2022-04-06",,13.91,13.33,13.1
"2022-04-07",,13.91,13.97,13.74
"2022-04-08",,13.91,13.7,13.47
"2022-04-11",,13.91,13.7,13.48
"2022-04-12",,13.91,13.85,13.63
"2022-04-13",,13.91,14.06,13.85
"2022-04-14",,13.91,14.15,13.94
"2022-04-18",,13.91,14.3,14.09
"2022-04-19",,13.91,14.29,14.04
"2022-04-20",,13.91,14.35,14.07
"2022-04-21",,13.91,14.3,14.01
"2022-04-22",,13.91,14.24,13.99
"2022-04-25",,13.91,14.15,13.9
"2022-04-26",,13.91,14.06,13.81
"2022-04-27",,13.91,14.07,13.84
"2022-04-28",,13.91,14.1,13.88
"2022-04-29",,13.91,14.08,13.85
"2022-05-02",,13.91,14.11,13.88
"2022-05-03",,13.91,14.17,13.95
"2022-05-04",,13.91,14.12,13.89
"2022-05-05",,13.91,14.1,13.87
"2022-05-06",,13.91,13.95,13.72
"2022-05-09",,13.91,13.9,13.67
"2022-05-10",,13.91,13.97,13.74
"2022-05-11",,13.91,13.8,13.55
"2022-05-12",,13.91,13.9,13.65
"2022-05-13",,13.91,13.89,13.68
"2022-05-16",,13.91,13.9,13.68
"2022-05-17",,13.91,13.92,13.7
"2022-05-18",,13.91,13.91,13.67
"2022-05-19",,13.91,13.95,13.7
"2022-05-20",,13.91,13.89,13.65
"2022-05-23",,13.91,13.85,13.61
"2022-05-24",,13.91,13.86,13.63
"2022-05-25",,13.91,13.87,13.61
"2022-05-26",,13.91,13.86,13.62
"2022-05-27",,13.91,13.95,13.71
"2022-05-31",,13.91,13.9,13.69
"2022-06-01",13.9,13.91,14,13.78
"2022-06-02",,13.91,14.05,13.83
"2022-06-03",,13.91,14.16,13.93
"2022-06-06",,13.91,14.15,13.93
"2022-06-07",,13.91,14.15,13.91
"2022-06-08",,13.91,14.05,13.8
"2022-06-09",,13.91,14.05,13.81
"2022-06-10",,13.91,14.05,13.82
"2022-06-13",,13.91,13.99,13.76
"2022-06-14",,13.91,14.08,13.82
"2022-06-15",,13.91,14.08,13.83
"2022-06-16",,13.91,14.05,13.81
"2022-06-17",,13.91,14.1,13.86
"2022-06-21",,13.91,14.05,13.82
"2022-06-22",,13.91,14.05,13.8
"2022-06-23",,13.91,14.1,13.88
"2022-06-24",,13.91,14.12,13.9
"2022-06-27",,13.91,14,13.78
"2022-06-28",,13.91,14,13.82
"2022-06-29",,13.91,14.07,13.88
"2022-06-30",,13.91,14.08,13.89
"2022-07-01",,13.91,14.12,13.95
"2022-07-04",,13.91,14.12,13.95
"2022-07-05",,13.91,14,13.82
"2022-07-06",,13.91,13.98,13.8
"2022-07-07",,13.91,14.08,13.88
"2022-07-08",,13.91,13.77,13.58
"2022-07-11",,13.91,13.77,13.59
"2022-07-12",,13.91,13.77,13.57
"2022-07-13",,13.91,13.55,13.35
"2022-07-14",,13.91,13.62,13.41
"2022-07-15",,13.91,13.43,13.22
"2022-07-18",,13.91,13.45,13.25
"2022-07-19",,13.91,13.58,13.37
"2022-07-20",,13.91,13.57,13.36
"2022-07-21",,13.91,13.5,13.29
"2022-07-22",,13.91,13.22,13.02
"2022-07-25",,13.91,13.2,13.02
"2022-07-26",,13.91,13.22,13.03
"2022-07-27",,13.91,13.27,13.1
"2022-07-28",,13.91,13.24,13.07
"2022-07-29",,13.91,13.24,13.07
"2022-08-01",,13.91,13.35,13.18
"2022-08-02",,13.91,13.35,13.18
"2022-08-03",,13.91,13.35,13.18
"2022-08-04",,13.91,13.35,13.2
"2022-08-05",,13.91,13.34,13.19
"2022-08-08",,13.91,13.3,13.15
"2022-08-09",,13.91,13.3,13.15
"2022-08-10",,13.91,13.3,13.15
"2022-08-11",,13.91,13.6,13.47
"2022-08-12",,13.91,13.3,13.15
"2022-08-15",,13.91,13.49,13.35
"2022-08-16",,13.91,13.64,13.5
"2022-08-17",,13.91,13.68,13.55
"2022-08-18",,13.91,13.69,13.55
"2022-08-19",,13.91,13.84,13.7
"2022-08-22",,13.91,13.82,13.6
"2022-08-23",,13.91,13.8,13.62
"2022-08-24",,13.91,13.82,13.68
"2022-08-25",,13.91,13.73,13.6
"2022-08-26",,13.91,13.73,13.59
"2022-08-29",,13.91,13.56,13.46
"2022-08-30",,13.91,13.55,13.43
"2022-08-31",,13.91,13.64,13.52
"2022-09-01",,13.91,13.6,13.48
"2022-09-02",,13.91,13.62,13.5
"2022-09-05",,13.91,13.62,13.5
"2022-09-06",,13.91,13.49,13.37
"2022-09-07",,13.91,13.32,13.2
"2022-09-08",,13.91,13.11,12.99
"2022-09-09",13.45,13.91,13.4,13.24
"2022-09-12",,13.91,13.43,13.27
"2022-09-13",,13.91,13.39,13.23
"2022-09-14",,13.91,13.39,13.26
"2022-09-15",,13.91,13.51,13.33
"2022-09-16",,13.91,13.51,13.37
"2022-09-19",,13.91,13.41,13.23
"2022-09-20",,13.91,13.25,13.07
"2022-09-21",,13.91,13.15,12.96
"2022-09-22",,13.91,12.99,12.82
"2022-09-23",,13.91,12.85,12.68
"2022-09-26",,13.91,12.92,12.74
"2022-09-27",,13.91,12.94,12.76
"2022-09-28",,13.91,12.93,12.84
"2022-09-29",,13.91,13,12.94
"2022-09-30",,13.91,13.15,13.06
"2022-10-03",,13.91,13.19,13.09
"2022-10-04",,13.91,13.3,13.2
"2022-10-05",,13.91,13.3,13.2
"2022-10-06",,13.91,13.46,13.35
"2022-10-07",,13.91,13.46,13.34
"2022-10-10",,13.91,13.5,13.34
"2022-10-11",,13.91,13.45,13.29
"2022-10-12",,13.91,13.45,13.29
"2022-10-13",,13.91,13.44,13.29
"2022-10-14",,13.91,13.35,13.22
"2022-10-17",,13.91,13.28,13.16
"2022-10-18",,13.91,13.15,13.03
"2022-10-19",,13.91,12.92,12.8
"2022-10-20",,13.91,13,12.88
"2022-10-21",,13.91,13.03,12.92
"2022-10-24",,13.91,13.08,12.96
"2022-10-25",,13.91,13.11,12.99
"2022-10-26",,13.91,13.16,13.04
"2022-10-27",,13.91,13.35,13.26
"2022-10-28",,13.91,13.45,13.36
"2022-10-31",,13.91,13.5,13.4
"2022-11-01",,13.91,13.56,13.48
"2022-11-02",,13.91,13.73,13.66
"2022-11-03",,13.91,13.65,13.59
"2022-11-04",,13.91,13.58,13.54
"2022-11-07",,13.91,13.48,13.44
"2022-11-08",,13.91,13.38,13.34
"2022-11-09",,13.91,13.29,13.25
"2022-11-10",,13.91,13.29,13.25
"2022-11-11",,13.91,13.25,13.21
"2022-11-14",,13.91,13.35,13.31
"2022-11-15",,13.91,13.3,13.26
"2022-11-16",,13.91,13.28,13.24
"2022-11-17",,13.91,13.39,13.35
"2022-11-18",,13.91,13.34,13.3
"2022-11-21",,13.91,13.3,13.26
"2022-11-23",,13.91,13.42,13.39
"2022-11-24",,13.91,13.42,13.39
"2022-11-25",,13.91,13.41,13.38
"2022-11-28",,13.91,13.3,13.3
"2022-11-29",,13.91,13.17,13.11
"2022-11-30",,13.91,13.08,13.05
"2022-12-01",,13.91,13.19,13.14
"2022-12-02",,13.91,13.12,13.12
"2022-12-05",,13.91,13.13,13.13
"2022-12-06",,13.91,13.15,13.15
"2022-12-07",,13.91,13.1,13.14
"2022-12-08",,13.91,13.09,13.09
"2022-12-09",12.99,13.91,13.21,13.21
"2022-12-12",,13.91,13.2,13.2
"2022-12-13",,13.91,13.17,13.17
"2022-12-14",,13.91,13.1,13.1
"2022-12-15",,13.91,13.09,13.09
"2022-12-16",,13.91,13.1,13.1
"2022-12-19",,13.91,13.2,13.2
"2022-12-20",,13.91,13.35,13.35
"2022-12-21",,13.91,13.29,13.29
"2022-12-22",,13.91,13.26,13.26
"2022-12-23",,13.91,13.22,13.22
"2022-12-27",,13.91,14.3,13.55
"2022-12-28",,13.91,14.01,13.26
"2022-12-29",,13.91,14.24,13.5
"2022-12-30",,13.91,14.25,13.55
"2023-01-03",,14.88,13.9,13.18
"2023-01-04",,14.88,13.81,13.09
"2023-01-05",,14.88,13.5,12.78
"2023-01-06",,14.88,13.25,12.55
"2023-01-09",,14.88,13.25,12.4
"2023-01-10",,14.88,13.05,12.35
"2023-01-11",,14.88,13.3,12.59
"2023-01-13",,14.88,13.7,12.99
"2023-01-17",,14.88,13.84,13.15
"2023-01-18",,14.88,13.78,13.08
"2023-01-19",,14.88,13.5,12.79
"2023-01-20",,14.88,13.35,12.64
"2023-01-23",,14.88,13.3,12.6
"2023-01-24",,14.88,13.35,12.66
"2023-01-25",,14.88,13.31,12.63
"2023-01-26",,14.88,13.3,12.62
"2023-01-27",,14.88,13.37,12.7
"2023-01-30",,14.88,13.38,12.78
"2023-01-31",,14.88,13.45,12.88
"2023-02-01",,14.88,13.45,12.88
"2023-02-02",,14.88,13.49,12.96
"2023-02-03",,14.88,13.48,12.93
"2023-02-06",,14.88,13.6,13.05
"2023-02-07",,14.88,13.62,13.09
"2023-02-08",,14.88,13.59,13.03
"2023-02-09",,14.88,13.52,12.96
"2023-02-10",,14.88,13.3,12.72
"2023-02-13",,14.88,13.3,12.72
"2023-02-14",,14.88,13.29,12.7
"2023-02-15",,14.88,13.35,12.73
"2023-02-16",,14.88,13.35,12.73
"2023-02-17",,14.88,13.3,12.7
"2023-02-20",,14.88,13.3,12.7
"2023-02-21",,14.88,13.25,12.68
"2023-02-22",,14.88,13.27,12.66
"2023-02-23",,14.88,13.26,12.65
"2023-02-24",,14.88,13.25,12.68
"2023-02-27",,14.88,13.25,12.72
"2023-02-28",,14.88,13.16,12.6
"2023-03-01",,14.88,13.16,12.59
"2023-03-02",,14.88,13.13,12.56
"2023-03-03",,14.88,13.15,12.56
"2023-03-06",,14.88,13.18,12.61
"2023-03-07",,14.88,13.18,12.59
"2023-03-08",,14.88,13.17,12.59
"2023-03-09",,14.88,13.28,12.73
"2023-03-10",12.5,14.88,13.1,12.51
"2023-03-13",,14.88,13.01,12.45
"2023-03-14",,14.88,12.97,12.41
"2023-03-15",,14.88,13.03,12.49
"2023-03-16",,14.88,13.01,12.47
"2023-03-17",,14.88,13.1,12.58
"2023-03-20",,14.88,13.1,12.57
"2023-03-21",,14.88,13.05,12.52
"2023-03-22",,14.88,13,12.47
"2023-03-23",,14.88,13.05,12.52
"2023-03-24",,14.88,13.15,12.65
"2023-03-27",,14.88,13.15,12.62
"2023-03-28",,14.88,13.1,12.55
"2023-03-29",,14.88,13.18,12.68
"2023-03-30",,14.88,13.23,12.73
"2023-03-31",,14.88,13.43,12.93
"2023-04-03",,14.88,13.54,13.04
"2023-04-04",,14.88,13.5,13
"2023-04-05",,14.88,13.4,12.92
"2023-04-06",,14.88,13.4,12.93
"2023-04-10",,14.88,13.49,13.02
"2023-04-11",,14.88,13.48,12.99
"2023-04-12",,14.88,13.49,13
"2023-04-13",,14.88,13.44,12.96
"2023-04-14",,14.88,13.43,12.93
"2023-04-17",,14.88,13.49,12.99
"2023-04-18",,14.88,13.5,12.97
"2023-04-19",,14.88,13.46,12.91
"2023-04-20",,14.88,13.4,12.86
"2023-04-21",,14.88,13.32,12.78
"2023-04-24",,14.88,13.18,12.65
"2023-04-25",,14.88,13.19,12.67
"2023-04-26",,14.88,13.14,12.7
"2023-04-27",,14.88,13.13,12.69
"2023-04-28",,14.88,13.26,12.82
"2023-05-01",,14.88,13.33,12.87
"2023-05-02",,14.88,13.35,12.9
"2023-05-03",,14.88,13.35,12.9
"2023-05-04",,14.88,13.3,12.85
"2023-05-05",,14.88,13.19,12.75
"2023-05-08",,14.88,13.2,12.78
"2023-05-09",,14.88,13.25,12.81
"2023-05-10",,14.88,13.28,12.84
"2023-05-11",,14.88,13.33,12.88
"2023-05-12",,14.88,13.33,12.9
"2023-05-15",,14.88,13.33,12.89
"2023-05-16",,14.88,13.4,12.96
"2023-05-17",,14.88,13.44,13
"2023-05-18",,14.88,13.45,13
"2023-05-19",,14.88,13.49,13.04
"2023-05-22",,14.88,13.5,13.05
"2023-05-23",,14.88,13.5,13.05
"2023-05-24",,14.88,13.69,13.24
"2023-05-25",,14.88,13.9,13.45
"2023-05-26",,14.88,13.8,13.42
"2023-05-30",,14.88,13.78,13.38
"2023-05-31",,14.88,13.79,13.41
"2023-06-01",,14.88,13.79,13.39
"2023-06-02",,14.88,13.75,13.35
"2023-06-05",,14.88,13.58,13.18
"2023-06-06",,14.88,13.53,13.13
"2023-06-07",,14.88,13.66,13.25
"2023-06-08",,14.88,13.75,13.33
"2023-06-09",12.73,14.88,13.46,13.03
"2023-06-12",,14.88,13.45,13.03
"2023-06-13",,14.88,13.44,13.01
"2023-06-14",,14.88,13.36,12.93
"2023-06-15",,14.88,13.41,13
"2023-06-16",,14.88,13.4,12.99
"2023-06-19",,14.88,13.4,12.99
"2023-06-20",,14.88,13.39,12.99
"2023-06-21",,14.88,13.45,13.03
"2023-06-22",,14.88,13.59,13.18
"2023-06-23",,14.88,13.68,13.28
"2023-06-26",,14.88,13.7,13.29
"2023-06-27",,14.88,13.74,13.33
"2023-06-28",,14.88,13.67,13.35
"2023-06-29",,14.88,13.6,13.27
"2023-06-30",,14.88,13.63,13.3
"2023-07-03",,14.88,13.59,13.26
"2023-07-05",,14.88,13.6,13.27
"2023-07-06",,14.88,13.63,13.28
"2023-07-07",,14.88,13.63,13.28
"2023-07-10",,14.88,13.63,13.29
"2023-07-11",,14.88,13.63,13.28
"2023-07-12",,14.88,13.62,13.27
"2023-07-13",,14.88,13.85,13.51
"2023-07-14",,14.88,13.95,13.59
"2023-07-17",,14.88,14.02,13.66
"2023-07-18",,14.88,14,13.64
"2023-07-19",,14.88,14.09,13.73
"2023-07-20",,14.88,14.12,13.75
"2023-07-21",,14.88,14.2,13.85
"2023-07-24",,14.88,14.1,13.75
"2023-07-25",,14.88,14.11,13.76
"2023-07-26",,14.88,14.16,13.84
"2023-07-27",,14.88,14.3,14.01
"2023-07-28",,14.88,14.36,14.09
"2023-07-31",,14.88,14.3,14.03
"2023-08-01",,14.88,14.28,14.01
"2023-08-02",,14.88,14.2,13.93
"2023-08-03",,14.88,14.09,13.81
"2023-08-04",,14.88,14.03,13.74
"2023-08-07",,14.88,14,13.72
"2023-08-08",,14.88,14,13.72
"2023-08-09",,14.88,14,13.72
"2023-08-10",,14.88,14.01,13.73
"2023-08-11",,14.88,14.02,13.73
"2023-08-14",,14.88,14.03,13.74
"2023-08-15",,14.88,14.03,13.74
"2023-08-16",,14.88,14.09,13.8
"2023-08-17",,14.88,14.12,13.81
"2023-08-18",,14.88,14.13,13.83
"2023-08-21",,14.88,14.14,13.83
"2023-08-22",,14.88,14.1,13.8
"2023-08-23",,14.88,14.15,13.87
"2023-08-24",,14.88,14.16,13.88
"2023-08-25",,14.88,14.2,13.92
"2023-08-28",,14.88,14.17,13.92
"2023-08-29",,14.88,14.25,14.05
"2023-08-30",,14.88,14.27,14.07
"2023-08-31",,14.88,14.28,14.05
"2023-09-01",,14.88,14.24,13.99
"2023-09-05",,14.88,14.15,13.9
"2023-09-06",,14.88,14.28,14.04
"2023-09-07",,14.88,14.22,13.97
"2023-09-08",,14.88,14.36,14.12
"2023-09-11",,14.88,14.43,14.19
"2023-09-12",,14.88,14.43,14.19
"2023-09-13",,14.88,14.49,14.25
"2023-09-14",,14.88,14.58,14.34
"2023-09-15",,14.88,14.6,14.36
"2023-09-18",,14.88,14.58,14.34
"2023-09-19",,14.88,14.55,14.32
"2023-09-20",,14.88,14.54,14.3
"2023-09-21",,14.88,14.52,14.28
"2023-09-22",,14.88,14.6,14.36
"2023-09-25",,14.88,14.59,14.37
"2023-09-26",,14.88,14.74,14.51
"2023-09-27",,14.88,14.66,14.5
"2023-09-28",,14.88,14.63,14.47
"2023-09-29",,14.88,14.63,14.46
"2023-10-02",,14.88,14.72,14.55
"2023-10-03",,14.88,14.69,14.52
"2023-10-04",,14.88,14.62,14.46
"2023-10-05",,14.88,14.68,14.51
"2023-10-06",,14.88,14.66,14.49
"2023-10-09",,14.88,14.64,14.47
"2023-10-10",,14.88,14.62,14.46
"2023-10-11",,14.88,14.65,14.5
"2023-10-12",,14.88,14.65,14.49
"2023-10-13",,14.88,14.65,14.47
"2023-10-16",,14.88,14.63,14.47
"2023-10-17",,14.88,14.66,14.49
"2023-10-18",,14.88,14.67,14.52
"2023-10-19",,14.88,14.72,14.56
"2023-10-20",,14.88,14.71,14.55
"2023-10-23",,14.88,14.73,14.57
"2023-10-24",,14.88,14.74,14.58
"2023-10-25",,14.88,14.74,14.59
"2023-10-26",,14.88,14.75,14.6
"2023-10-27",,14.88,14.75,14.67
"2023-10-30",,14.88,14.78,14.71
"2023-10-31",,14.88,14.73,14.66
"2023-11-01",,14.88,14.7,14.63
"2023-11-02",,14.88,14.75,14.67
"2023-11-03",,14.88,14.73,14.65
"2023-11-06",,14.88,14.76,14.68
"2023-11-07",,14.88,14.76,14.68
"2023-11-08",,14.88,14.77,14.69
"2023-11-09",,14.88,14.79,14.71
"2023-11-10",,14.88,14.8,14.72
"2023-11-13",,14.88,14.83,14.75
"2023-11-14",,14.88,14.84,14.76
"2023-11-15",,14.88,14.84,14.77
"2023-11-16",,14.88,14.92,14.85
"2023-11-17",,14.88,14.9,14.82
"2023-11-20",,14.88,14.91,14.83
"2023-11-21",,14.88,14.92,14.85
"2023-11-22",,14.88,14.9,14.83
"2023-11-23",,14.88,14.9,14.83
"2023-11-24",,14.88,14.85,14.78
"2023-11-27",,14.88,14.9,14.83
"2023-11-28",,14.88,14.84,14.84
"2023-11-29",,14.88,14.85,14.85
"2023-11-30",,14.88,14.82,14.82
"2023-12-01",,14.88,14.88,14.88
"2023-12-04",,14.88,14.93,14.93
"2023-12-06",14.88,14.88,14.92,14.92
"2023-12-07",,14.88,15.17,15.17
"2023-12-08",,14.88,15.23,15.23
"2023-12-11",,14.88,15.15,15.15
"2023-12-12",,14.88,15.24,15.24
"2023-12-13",,14.88,15.26,15.26
"2023-12-14",,14.88,15.25,15.25
"2023-12-15",,14.88,15.23,15.23
"2023-12-18",,14.88,15.23,15.23
"2023-12-19",,14.88,15.25,15.25
"2023-12-20",,14.88,15.25,15.25
"2023-12-21",,14.88,15.23,15.23
"2023-12-22",,14.88,16.16,15.22
"2023-12-26",,15.92,16.16,15.33
"2023-12-27",,15.92,16.16,15.33
"2023-12-28",,15.92,16.13,15.3
"2023-12-29",,15.92,16.26,15.39
"2024-01-02",,15.92,16.25,15.38
"2024-01-03",,15.92,16.52,15.7
"2024-01-04",,15.92,16.57,15.75
"2024-01-05",,15.92,16.75,15.9
"2024-01-08",,15.92,16.7,15.86
"2024-01-09",,15.92,16.7,15.88
"2024-01-10",,15.92,16.63,15.8
"2024-01-11",,15.92,16.65,15.8
"2024-01-12",,15.92,16.64,15.79
"2024-01-16",,15.92,16.66,15.81
"2024-01-17",,15.92,16.78,15.95
"2024-01-18",,15.92,16.72,15.86
"2024-01-19",,15.92,16.8,15.96
"2024-01-22",,15.92,16.8,15.97
"2024-01-23",,15.92,16.85,16.03
"2024-01-24",,15.92,16.88,16.04
"2024-01-25",,15.92,16.88,16.13
"2024-01-26",,15.92,16.96,16.16
"2024-01-29",,15.92,16.95,16.2
"2024-01-30",,15.92,16.94,16.16
"2024-01-31",,15.92,16.98,16.2
"2024-02-01",,15.92,17.04,16.29
"2024-02-02",,15.92,17.25,16.48
"2024-02-05",,15.92,17.32,16.54
"2024-02-06",,15.92,17.25,16.47
"2024-02-07",,15.92,17.2,16.42
"2024-02-08",,15.92,17,16.22
"2024-02-09",,15.92,17.01,16.23
"2024-02-12",,15.92,17.03,16.26
"2024-02-13",,15.92,17.07,16.29
"2024-02-14",,15.92,17,16.22
"2024-02-15",,15.92,16.99,16.21
"2024-02-16",,15.92,16.97,16.2
"2024-02-19",,15.92,16.97,16.2
"2024-02-20",,15.92,16.9,16.1
"2024-02-21",,15.92,16.88,16.13
"2024-02-22",,15.92,17.05,16.27
"2024-02-23",,15.92,17,16.25
"2024-02-26",,15.92,16.97,16.22
"2024-02-27",,15.92,16.92,16.24
"2024-02-28",,15.92,16.95,16.22
"2024-02-29",,15.92,16.95,16.21
"2024-03-01",,15.92,16.98,16.24
"2024-03-04",,15.92,16.93,16.19
"2024-03-05",,15.92,16.83,16.1
"2024-03-06",,15.92,16.72,16
"2024-03-07",,15.92,16.78,16.07
"2024-03-08",,15.92,16.8,16.09
"2024-03-11",,15.92,16.7,15.99
"2024-03-12",,15.92,16.7,15.99
"2024-03-13",16,15.92,16.6,15.89
"2024-03-14",,15.92,16.4,15.7
"2024-03-15",,15.92,17.74,17
"2024-03-18",,15.92,17.81,17.05
"2024-03-19",,15.92,19.09,18.29
"2024-03-20",,15.92,19.45,18.66
"2024-03-21",,15.92,19.29,18.52
"2024-03-22",,15.92,19.2,18.38
"2024-03-25",,15.92,19.14,18.33
"2024-03-26",,15.92,19.85,19.12
"2024-03-27",,15.92,20.05,19.32
"2024-03-28",,15.92,20.5,19.75
"2024-04-01",,15.92,20.45,19.7
"2024-04-02",,15.92,20,19.23
"2024-04-03",,15.92,19.47,18.71
"2024-04-04",,15.92,18.94,18.19
"2024-04-05",,15.92,19.27,18.51
"2024-04-08",,15.92,19.27,18.53
"2024-04-09",,15.92,19.35,18.6
"2024-04-10",,15.92,19.6,18.83
"2024-04-11",,15.92,19.35,18.59
"2024-04-12",,15.92,19.47,18.71
"2024-04-15",,15.92,19.62,18.9
"2024-04-16",,15.92,19.86,19.1
"2024-04-17",,15.92,19.86,19.1
"2024-04-18",,15.92,20.25,19.48
"2024-04-22",,15.92,20.1,19.32
"2024-04-23",,15.92,20.48,19.7
"2024-04-24",,15.92,20.63,19.85
"2024-04-25",,15.92,21.45,20.65
"2024-04-26",,15.92,21.1,20.43
"2024-04-29",,15.92,21.45,20.76
"2024-04-30",,15.92,21.67,20.98
"2024-05-01",,15.92,22.08,21.38
"2024-05-02",,15.92,22.42,21.7
"2024-05-03",,15.92,21.43,20.7
"2024-05-06",,15.92,21.32,20.6
"2024-05-07",,15.92,21.25,20.53
"2024-05-08",,15.92,21.8,21.07
"2024-05-09",,15.92,21.73,21
"2024-05-14",,15.92,21.6,20.9
"2024-05-15",,15.92,22.02,21.3
"2024-05-16",,15.92,22.5,21.78
"2024-05-17",,15.92,22.55,21.83
"2024-05-20",,15.92,22.22,21.48
"2024-05-21",,15.92,21.72,21.02
"2024-05-22",,15.92,21.93,21.32
"2024-05-23",,15.92,22.07,21.38
"2024-05-24",,15.92,22.14,21.45
"2024-05-27",,15.92,22.14,21.45
"2024-05-28",,15.92,22.26,21.59
"2024-05-29",,15.92,22.56,21.99
"2024-05-30",,15.92,22.19,21.59
"2024-05-31",,15.92,21.77,21.17
"2024-06-03",,15.92,21.54,20.94
"2024-06-04",,15.92,21.24,20.65
"2024-06-05",,15.92,21.03,20.45
"2024-06-06",,15.92,21.15,20.54
"2024-06-07",21.03,15.92,21.56,20.93
"2024-06-10",,15.92,21.45,20.83
"2024-06-11",,15.92,22,21.39
"2024-06-12",,15.92,22.8,22.14
"2024-06-13",,15.92,23.55,22.85
"2024-06-14",,15.92,23.05,22.35
"2024-06-17",,15.92,22.81,22.14
"2024-06-18",,15.92,22.8,22.11
"2024-06-19",,15.92,22.8,22.11
"2024-06-20",,15.92,22.99,22.31
"2024-06-21",,15.92,23.22,22.52
"2024-06-24",,15.92,23.14,22.46
"2024-06-25",,15.92,23.67,22.98
"2024-06-26",,15.92,24.05,23.46
"2024-06-27",,15.92,24.95,24.35
"2024-06-28",,15.92,24.64,24.04
"2024-07-01",,15.92,23.98,23.38
"2024-07-02",,15.92,23.74,23.16
"2024-07-03",,15.92,23.8,23.23
"2024-07-04",,15.92,23.8,23.23
"2024-07-05",,15.92,23.62,23.05
"2024-07-08",,15.92,24.11,23.56
"2024-07-09",,15.92,24.4,23.82
"2024-07-10",,15.92,24.78,24.22
"2024-07-11",,15.92,24.64,24.07
"2024-07-12",,15.92,24.69,24.14
"2024-07-15",,15.92,24.5,23.94
"2024-07-16",,15.92,24.6,24.04
"2024-07-17",,15.92,25.24,24.68
"2024-07-18",,15.92,25.23,24.66
"2024-07-19",,15.92,25.26,24.69
"2024-07-22",,15.92,25.29,24.71
"2024-07-23",,15.92,25.35,24.77
"2024-07-24",,15.92,25.9,25.28
"2024-07-25",,15.92,26.5,26.03
"2024-07-26",,15.92,27.48,26.86
"2024-07-29",,15.92,27.56,27.06
"2024-07-30",,15.92,27.05,26.58
"2024-07-31",,15.92,27.25,26.77
"2024-08-01",,15.92,27.44,26.95
"2024-08-02",,15.92,26.92,26.47
"2024-08-05",,15.92,26.7,26.29
"2024-08-06",,15.92,26.61,26.2
"2024-08-07",,15.92,26.83,26.42
"2024-08-08",,15.92,27.03,26.6
"2024-08-09",,15.92,27.2,26.76
"2024-08-12",,15.92,27.1,26.66
"2024-08-13",,15.92,27.14,26.68
"2024-08-14",,15.92,27.03,26.57
"2024-08-15",,15.92,27.45,26.98
"2024-08-16",,15.92,27.2,26.73
"2024-08-19",,15.92,27.33,26.86
"2024-08-20",,15.92,27.85,27.38
"2024-08-21",,15.92,27.7,27.23
"2024-08-22",,15.92,27.41,26.94
"2024-08-23",,15.92,27.11,26.64
"2024-08-26",,15.92,26.2,25.74
"2024-08-27",,15.92,26.54,26.09
"2024-08-28",,15.92,26.15,25.8
"2024-08-29",,15.92,26.23,25.88
"2024-08-30",,15.92,26.08,25.73
"2024-09-02",,15.92,26.08,25.73
"2024-09-03",,15.92,25.9,25.55
"2024-09-04",,15.92,26.1,25.76
"2024-09-05",,15.92,26.14,25.8
"2024-09-06",,15.92,26.74,26.39
"2024-09-09",25.75,15.92,26.44,26.09
"2024-09-10",,15.92,24.96,24.63
"2024-09-11",,15.92,24.34,24.01
"2024-09-12",,15.92,22.24,21.93