"DateTime","I-KCU20 Closing Price","I-KCU21 Closing Price","I-KOC20-22 Closing Price","I-KOC21-23 Closing Price","KAU Closing Price","KCU Closing Price","KOC20-22 Closing Price","KOC21-23 Closing Price"
"2015-01-12",,,,,8640,,,
"2015-01-13",,,,,9500,,,
"2015-01-14",,,,,9510,,,
"2015-01-15",,,,,9580,,,
"2015-01-16",,,,,9610,,,
"2015-01-19",,,,,9860,,,
"2015-01-20",,,,,9890,,,
"2015-01-21",,,,,9910,,,
"2015-01-22",,,,,9920,,,
"2015-01-23",,,,,9920,,,
"2015-01-26",,,,,9930,,,
"2015-01-27",,,,,9930,,,
"2015-01-28",,,,,9930,,,
"2015-01-29",,,,,9960,,,
"2015-01-30",,,,,9960,,,
"2015-02-02",,,,,9960,,,
"2015-02-03",,,,,9960,,,
"2015-02-04",,,,,9960,,,
"2015-02-05",,,,,9960,,,
"2015-02-06",,,,,9970,,,
"2015-02-09",,,,,9970,,,
"2015-02-10",,,,,10000,,,
"2015-02-11",,,,,10000,,,
"2015-02-12",,,,,10000,,,
"2015-02-13",,,,,10000,,,
"2015-02-16",,,,,10000,,,
"2015-02-17",,,,,10000,,,
"2015-02-23",,,,,10100,,,
"2015-02-24",,,,,10100,,,
"2015-02-25",,,,,10100,,,
"2015-02-26",,,,,10100,,,
"2015-02-27",,,,,10100,,,
"2015-03-02",,,,,10100,,,
"2015-03-03",,,,,10100,,,
"2015-03-04",,,,,10100,,,
"2015-03-05",,,,,10100,,,
"2015-03-06",,,,,10100,,,
"2015-03-09",,,,,10100,,,
"2015-03-10",,,,,10100,,,
"2015-03-11",,,,,10100,,,
"2015-03-12",,,,,10100,,,
"2015-03-13",,,,,10100,,,
"2015-03-16",,,,,10100,,,
"2015-03-17",,,,,10100,,,
"2015-03-18",,,,,10100,,,
"2015-03-19",,,,,10100,,,
"2015-03-20",,,,,10100,,,
"2015-03-23",,,,,10100,,,
"2015-03-24",,,,,10100,,,
"2015-03-25",,,,,10100,,,
"2015-03-26",,,,,10100,,,
"2015-03-27",,,,,10100,,,
"2015-03-30",,,,,10100,,,
"2015-03-31",,,,,10100,,,
"2015-04-01",,,,,10100,,,
"2015-04-02",,,,,10100,,,
"2015-04-03",,,,,10100,,,
"2015-04-06",,,,,10100,10100,,
"2015-04-07",,,,,10100,10200,,
"2015-04-08",,,,,10100,10300,,
"2015-04-09",,,,,10100,10450,,
"2015-04-10",,,,,10100,10450,,
"2015-04-13",,,,,10100,10450,,
"2015-04-14",,,,,10100,10500,,
"2015-04-15",,,,,10100,10500,,
"2015-04-16",,,,,10100,10500,,
"2015-04-17",,,,,10100,10500,,
"2015-04-20",,,,,10250,10550,,
"2015-04-21",,,,,10250,10550,,
"2015-04-22",,,,,10250,10550,,
"2015-04-23",,,,,10300,10550,,
"2015-04-24",,,,,10300,10550,,
"2015-04-27",,,,,10300,10550,,
"2015-04-28",,,,,10300,10550,,
"2015-04-29",,,,,10300,10550,,
"2015-04-30",,,,,10300,10550,,
"2015-05-04",,,,,10300,10550,,
"2015-05-06",,,,,10300,10550,,
"2015-05-07",,,,,10300,10550,,
"2015-05-08",,,,,10300,10550,,
"2015-05-11",,,,,10300,10550,,
"2015-05-12",,,,,10300,10550,,
"2015-05-13",,,,,10300,10550,,
"2015-05-14",,,,,10300,10550,,
"2015-05-15",,,,,10300,10550,,
"2015-05-18",,,,,10300,10550,,
"2015-05-19",,,,,10300,10550,,
"2015-05-20",,,,,10300,10550,,
"2015-05-21",,,,,10300,10550,,
"2015-05-22",,,,,10300,10550,,
"2015-05-26",,,,,10300,10550,,
"2015-05-27",,,,,10300,10550,,
"2015-05-28",,,,,10300,10550,,
"2015-05-29",,,,,10300,10550,,
"2015-06-01",,,,,10300,10550,,
"2015-06-02",,,,,10300,10550,,
"2015-06-03",,,,,10300,10550,,
"2015-06-04",,,,,10300,10550,,
"2015-06-05",,,,,10300,10550,,
"2015-06-08",,,,,10300,10550,,
"2015-06-09",,,,,10300,10550,,
"2015-06-10",,,,,10300,10550,,
"2015-06-11",,,,,10300,10550,,
"2015-06-12",,,,,10300,10550,,
"2015-06-15",,,,,10300,10550,,
"2015-06-16",,,,,10300,10550,,
"2015-06-17",,,,,10300,10550,,
"2015-06-18",,,,,10300,10550,,
"2015-06-19",,,,,10300,10550,,
"2015-06-22",,,,,10300,10550,,
"2015-06-23",,,,,10300,10550,,
"2015-06-24",,,,,10300,10550,,
"2015-06-25",,,,,10300,10550,,
"2015-06-26",,,,,10300,10550,,
"2015-06-29",,,,,10300,10550,,
"2015-06-30",,,,,10300,10550,,
"2015-07-01",,,,,10300,10550,,
"2015-07-02",,,,,10300,10550,,
"2015-07-03",,,,,10300,10550,,
"2015-07-06",,,,,10300,10550,,
"2015-07-07",,,,,10300,10550,,
"2015-07-08",,,,,10300,10550,,
"2015-07-09",,,,,10300,10550,,
"2015-07-10",,,,,10300,10550,,
"2015-07-13",,,,,10300,10550,,
"2015-07-14",,,,,10300,10550,,
"2015-07-15",,,,,10300,10550,,
"2015-07-16",,,,,10300,10550,,
"2015-07-17",,,,,10300,10550,,
"2015-07-20",,,,,10300,10550,,
"2015-07-21",,,,,10300,10550,,
"2015-07-22",,,,,10300,10550,,
"2015-07-23",,,,,10300,10550,,
"2015-07-24",,,,,10300,10550,,
"2015-07-27",,,,,10300,10550,,
"2015-07-28",,,,,10300,10550,,
"2015-07-29",,,,,10300,10550,,
"2015-07-30",,,,,10300,10550,,
"2015-07-31",,,,,10300,10550,,
"2015-08-03",,,,,10300,10550,,
"2015-08-04",,,,,10300,10550,,
"2015-08-05",,,,,10300,10550,,
"2015-08-06",,,,,10300,10550,,
"2015-08-07",,,,,10300,10550,,
"2015-08-10",,,,,10300,10550,,
"2015-08-11",,,,,10300,10550,,
"2015-08-12",,,,,10300,10550,,
"2015-08-13",,,,,10300,10550,,
"2015-08-17",,,,,10300,10550,,
"2015-08-18",,,,,10300,10550,,
"2015-08-19",,,,,10300,10550,,
"2015-08-20",,,,,10300,10550,,
"2015-08-21",,,,,10300,10550,,
"2015-08-24",,,,,10300,10550,,
"2015-08-25",,,,,10300,10550,,
"2015-08-26",,,,,10300,10550,,
"2015-08-27",,,,,10300,10550,,
"2015-08-28",,,,,10300,10550,,
"2015-08-31",,,,,10300,10550,,
"2015-09-01",,,,,10300,10550,,
"2015-09-02",,,,,10300,10550,,
"2015-09-03",,,,,10300,10550,,
"2015-09-04",,,,,10300,10550,,
"2015-09-07",,,,,10300,10550,,
"2015-09-08",,,,,10300,10550,,
"2015-09-09",,,,,10300,10550,,
"2015-09-10",,,,,10300,10550,,
"2015-09-11",,,,,10300,10550,,
"2015-09-14",,,,,10300,10550,,
"2015-09-15",,,,,10300,10550,,
"2015-09-16",,,,,10300,10550,,
"2015-09-17",,,,,10300,10550,,
"2015-09-18",,,,,10300,10550,,
"2015-09-21",,,,,10300,10550,,
"2015-09-22",,,,,10300,10550,,
"2015-09-23",,,,,10300,10550,,
"2015-09-24",,,,,10300,10550,,
"2015-09-25",,,,,10300,10550,,
"2015-09-30",,,,,10300,10550,,
"2015-10-01",,,,,10300,10550,,
"2015-10-02",,,,,10300,10550,,
"2015-10-05",,,,,10300,10550,,
"2015-10-06",,,,,10300,10550,,
"2015-10-07",,,,,11300,10550,,
"2015-10-08",,,,,11300,10550,,
"2015-10-12",,,,,11300,10550,,
"2015-10-13",,,,,11300,10550,,
"2015-10-14",,,,,11300,10550,,
"2015-10-15",,,,,11300,10550,,
"2015-10-16",,,,,11300,10550,,
"2015-10-19",,,,,11300,10550,,
"2015-10-20",,,,,11300,10550,,
"2015-10-21",,,,,11300,10550,,
"2015-10-22",,,,,11300,10550,,
"2015-10-23",,,,,11300,10550,,
"2015-10-26",,,,,11300,10550,,
"2015-10-27",,,,,11300,10550,,
"2015-10-28",,,,,11300,10550,,
"2015-10-29",,,,,11300,10550,,
"2015-10-30",,,,,11300,10550,,
"2015-11-02",,,,,11300,10550,,
"2015-11-03",,,,,11300,10550,,
"2015-11-04",,,,,11300,10550,,
"2015-11-05",,,,,11300,10550,,
"2015-11-06",,,,,11300,10550,,
"2015-11-09",,,,,11500,10550,,
"2015-11-10",,,,,11500,10550,,
"2015-11-11",,,,,11500,10550,,
"2015-11-12",,,,,11500,10550,,
"2015-11-13",,,,,11500,10550,,
"2015-11-16",,,,,11500,10550,,
"2015-11-17",,,,,11500,10550,,
"2015-11-18",,,,,11500,10550,,
"2015-11-19",,,,,11500,10550,,
"2015-11-20",,,,,11500,10550,,
"2015-11-23",,,,,11500,10550,,
"2015-11-24",,,,,11500,10550,,
"2015-11-25",,,,,11500,10550,,
"2015-11-26",,,,,11500,10550,,
"2015-11-27",,,,,11500,10550,,
"2015-11-30",,,,,11500,10550,,
"2015-12-01",,,,,11500,10550,,
"2015-12-02",,,,,11500,10550,,
"2015-12-03",,,,,11500,10550,,
"2015-12-04",,,,,11500,10550,,
"2015-12-07",,,,,11600,11000,,
"2015-12-08",,,,,11600,11000,,
"2015-12-09",,,,,11600,11000,,
"2015-12-10",,,,,11600,11000,,
"2015-12-11",,,,,11600,11000,,
"2015-12-14",,,,,11600,11000,,
"2015-12-15",,,,,11600,11000,,
"2015-12-16",,,,,11600,11000,,
"2015-12-17",,,,,11600,11000,,
"2015-12-18",,,,,11600,11100,,
"2015-12-21",,,,,11700,12200,,
"2015-12-22",,,,,11700,13400,,
"2015-12-23",,,,,12000,13700,,
"2015-12-24",,,,,12000,13700,,
"2015-12-28",,,,,12000,13700,,
"2015-12-29",,,,,12000,13700,,
"2015-12-30",,,,,12000,13700,,
"2016-01-04",,,,,12000,13700,,
"2016-01-05",,,,,12000,13700,,
"2016-01-06",,,,,12000,13700,,
"2016-01-07",,,,,12000,13700,,
"2016-01-08",,,,,12000,13700,,
"2016-01-11",,,,,12000,13700,,
"2016-01-12",,,,,12000,13700,,
"2016-01-13",,,,,12000,13700,,
"2016-01-14",,,,,12000,13700,,
"2016-01-15",,,,,12600,13700,,
"2016-01-18",,,,,12600,13700,,
"2016-01-19",,,,,12600,13700,,
"2016-01-20",,,,,12600,13700,,
"2016-01-21",,,,,12600,13700,,
"2016-01-22",,,,,12600,13700,,
"2016-01-25",,,,,12700,13700,,
"2016-01-26",,,,,12700,13700,,
"2016-01-27",,,,,12700,13700,,
"2016-01-28",,,,,12700,13700,,
"2016-01-29",,,,,12700,13700,,
"2016-02-01",,,,,12700,13700,,
"2016-02-02",,,,,12700,13700,,
"2016-02-03",,,,,12700,13700,,
"2016-02-04",,,,,12700,13700,,
"2016-02-05",,,,,12800,13700,,
"2016-02-11",,,,,12800,13700,,
"2016-02-12",,,,,12800,13700,,
"2016-02-15",,,,,12800,13700,,
"2016-02-16",,,,,12800,13700,,
"2016-02-17",,,,,12800,15000,,
"2016-02-18",,,,,12800,16000,,
"2016-02-19",,,,,13100,16000,,
"2016-02-22",,,,,14400,16000,,
"2016-02-23",,,,,15800,16000,,
"2016-02-24",,,,,16000,16000,,
"2016-02-25",,,,,16000,16000,,
"2016-02-26",,,,,16000,16000,,
"2016-02-29",,,,,16000,16000,,
"2016-03-02",,,,,16000,16000,,
"2016-03-03",,,,,16000,16000,,
"2016-03-04",,,,,16000,16000,,
"2016-03-07",,,,,16800,16000,,
"2016-03-08",,,,,16800,17600,,
"2016-03-09",,,,,16800,17600,,
"2016-03-10",,,,,16800,18000,,
"2016-03-11",,,,,16800,18000,,
"2016-03-14",,,,,16800,18000,,
"2016-03-15",,,,,18450,18500,,
"2016-03-16",,,,,18450,18500,,
"2016-03-17",,,,,18450,18500,,
"2016-03-18",,,,,18450,18500,,
"2016-03-21",,,,,18450,18500,,
"2016-03-22",,,,,18450,18500,,
"2016-03-23",,,,,18450,18500,,
"2016-03-24",,,,,18450,18500,,
"2016-03-25",,,,,18450,18500,,
"2016-03-28",,,,,18450,18500,,
"2016-03-29",,,,,18450,18500,,
"2016-03-30",,,,,18450,18500,,
"2016-03-31",,,,,18450,18500,,
"2016-04-01",,,,,18450,18500,,
"2016-04-04",,,,,18450,18500,,
"2016-04-05",,,,,18450,18500,,
"2016-04-06",,,,,18450,18500,,
"2016-04-07",,,,,18450,18500,,
"2016-04-08",,,,,18450,18500,,
"2016-04-11",,,,,18450,18500,,
"2016-04-12",,,,,18450,18500,,
"2016-04-14",,,,,18450,18500,,
"2016-04-15",,,,,18450,18500,,
"2016-04-18",,,,,18450,18500,,
"2016-04-19",,,,,18450,18500,,
"2016-04-20",,,,,18450,18500,,
"2016-04-21",,,,,18450,18500,,
"2016-04-22",,,,,18450,18500,,
"2016-04-25",,,,,18450,18500,,
"2016-04-26",,,,,18450,18500,,
"2016-04-27",,,,,18450,18500,,
"2016-04-28",,,,,19000,18500,,
"2016-04-29",,,,,19000,18500,,
"2016-05-02",,,,,19100,18500,,
"2016-05-03",,,,,19200,18500,,
"2016-05-04",,,,,19200,18500,,
"2016-05-09",,,,,19200,18500,,
"2016-05-10",,,,,19200,18500,,
"2016-05-11",,,,,19300,18500,,
"2016-05-12",,,,,19300,18500,,
"2016-05-13",,,,,19300,18500,,
"2016-05-16",,,,,19300,18500,,
"2016-05-17",,,,,19300,18500,,
"2016-05-18",,,,,19400,18500,,
"2016-05-19",,,,,21000,18500,,
"2016-05-20",,,,,21000,18500,,
"2016-05-23",,,,,21000,20300,18500,
"2016-05-24",,,,,21000,20300,18500,
"2016-05-25",,,,,21000,20300,18500,
"2016-05-26",,,,,21000,20300,18500,
"2016-05-27",,,,,18950,20200,18500,
"2016-05-30",,,,,18500,18500,18500,
"2016-05-31",,,,,18500,18450,18500,
"2016-06-01",,,,,18500,18400,18500,
"2016-06-02",,,,,18400,18400,18500,
"2016-06-03",,,,,18400,18500,18500,
"2016-06-07",,,,,17900,18500,18500,
"2016-06-08",,,,,17600,18500,18500,
"2016-06-09",,,,,16700,18500,18500,
"2016-06-10",,,,,16600,18500,18500,
"2016-06-13",,,,,16600,18500,18500,
"2016-06-14",,,,,17000,18500,18500,
"2016-06-15",,,,,17000,18500,18500,
"2016-06-16",,,,,17000,18500,18500,
"2016-06-17",,,,,17050,18500,18500,
"2016-06-20",,,,,17000,18500,18500,
"2016-06-21",,,,,17000,18500,18500,
"2016-06-22",,,,,16800,18500,18500,
"2016-06-23",,,,,17000,18500,18500,
"2016-06-24",,,,,17000,18500,18500,
"2016-06-27",,,,,17000,18500,18500,
"2016-06-28",,,,,17000,18500,18500,
"2016-06-29",,,,,17000,18500,18500,
"2016-06-30",,,,,17000,18500,18500,
"2016-07-01",,,,,17000,18500,18500,
"2016-07-04",,,,,17000,18500,18500,
"2016-07-05",,,,,17000,18500,18500,
"2016-07-06",,,,,17000,18500,18500,
"2016-07-07",,,,,17000,18500,18500,
"2016-07-08",,,,,17000,18500,18500,
"2016-07-11",,,,,17000,18500,18500,
"2016-07-12",,,,,17000,18500,18500,
"2016-07-13",,,,,17000,18500,18500,
"2016-07-14",,,,,17000,18500,18500,
"2016-07-15",,,,,17000,18500,18500,
"2016-07-18",,,,,17000,18500,18500,
"2016-07-19",,,,,17000,18500,18500,
"2016-07-20",,,,,17000,18500,18500,
"2016-07-21",,,,,17000,18500,18500,
"2016-07-22",,,,,17000,18500,18500,
"2016-07-25",,,,,17000,18500,18500,
"2016-07-26",,,,,17000,18500,18500,
"2016-07-27",,,,,17000,18500,18500,
"2016-07-28",,,,,17000,18500,18500,
"2016-07-29",,,,,17000,18500,18500,
"2016-08-01",,,,,17000,18500,18500,
"2016-08-02",,,,,17000,18500,18500,
"2016-08-03",,,,,17000,18500,18500,
"2016-08-04",,,,,17000,18500,18500,
"2016-08-05",,,,,17000,18500,18500,
"2016-08-08",,,,,17000,18500,18500,
"2016-08-09",,,,,17000,18500,18500,
"2016-08-10",,,,,17000,18500,18500,
"2016-08-11",,,,,16500,18500,18500,
"2016-08-12",,,,,16500,18500,18500,
"2016-08-16",,,,,16500,18500,18500,
"2016-08-17",,,,,16500,18500,18500,
"2016-08-18",,,,,16500,18500,18500,
"2016-08-19",,,,,16500,18500,18500,
"2016-08-22",,,,,17000,18500,16650,
"2016-08-23",,,,,17000,18500,16650,
"2016-08-24",,,,,17000,18500,15000,
"2016-08-25",,,,,17000,18500,16500,
"2016-08-26",,,,,17000,18000,17000,
"2016-08-29",,,,,17000,18000,17000,
"2016-08-30",,,,,17000,18000,17000,
"2016-08-31",,,,,17000,18000,17000,
"2016-09-01",,,,,17000,18000,17000,
"2016-09-02",,,,,17000,17500,17000,
"2016-09-05",,,,,17000,17500,17000,
"2016-09-06",,,,,17000,17500,18000,
"2016-09-07",,,,,17000,17500,18000,
"2016-09-08",,,,,17000,17500,18000,
"2016-09-09",,,,,17000,17500,18000,
"2016-09-12",,,,,17000,17500,18000,
"2016-09-13",,,,,17000,17500,18000,
"2016-09-19",,,,,17000,17500,18000,
"2016-09-20",,,,,17000,17500,18000,
"2016-09-21",,,,,17500,17500,18000,
"2016-09-22",,,,,17500,17500,18000,
"2016-09-23",,,,,17500,17500,18000,
"2016-09-26",,,,,17500,17500,18000,
"2016-09-27",,,,,17500,17500,18000,
"2016-09-28",,,,,17500,17500,18000,
"2016-09-29",,,,,17500,17500,18000,
"2016-09-30",,,,,18000,18000,18000,
"2016-10-04",,,,,18000,18000,18000,
"2016-10-05",,,,,18000,18000,18000,
"2016-10-06",,,,,18000,18000,18000,
"2016-10-07",,,,,18000,18000,18000,
"2016-10-10",,,,,18000,18000,18000,
"2016-10-11",,,,,18000,18000,18000,
"2016-10-12",,,,,18000,18000,18000,
"2016-10-13",,,,,18000,18000,18000,
"2016-10-14",,,,,18000,18000,18000,
"2016-10-17",,,,,18000,18000,18000,
"2016-10-18",,,,,18000,18000,18100,
"2016-10-19",,,,,18000,18000,18100,
"2016-10-20",,,,,18000,18000,18100,
"2016-10-21",,,,,18000,18000,18100,
"2016-10-24",,,,,18000,18000,18100,
"2016-10-25",,,,,18500,18000,18100,
"2016-10-26",,,,,18500,18000,18100,
"2016-10-27",,,,,18500,18500,18100,
"2016-10-28",,,,,18500,18500,18100,
"2016-10-31",,,,,18500,18500,18100,
"2016-11-01",,,,,18500,18500,18100,
"2016-11-02",,,,,18500,18500,18100,
"2016-11-03",,,,,18500,18500,18100,
"2016-11-04",,,,,18500,18500,18100,
"2016-11-07",,,,,18500,18500,18100,
"2016-11-08",,,,,18500,18500,18100,
"2016-11-09",,,,,18500,18500,18500,
"2016-11-10",,,,,18500,18500,18500,
"2016-11-11",,,,,18500,18500,18500,
"2016-11-14",,,,,18500,18500,18500,
"2016-11-15",,,,,18500,18500,18500,
"2016-11-16",,,,,18500,18500,18500,
"2016-11-17",,,,,18500,18500,18500,
"2016-11-18",,,,,18500,18500,18500,
"2016-11-21",,,,,18500,18500,18700,
"2016-11-22",,,,,18500,18500,18700,
"2016-11-23",,,,,18500,18500,18700,
"2016-11-24",,,,,18500,18500,18700,
"2016-11-25",,,,,18500,18500,18700,
"2016-11-28",,,,,18500,18500,18700,
"2016-11-29",,,,,18600,18500,18700,
"2016-11-30",,,,,18600,18500,18700,
"2016-12-01",,,,,18600,18500,18700,
"2016-12-02",,,,,18600,18500,18700,
"2016-12-05",,,,,19000,18500,18700,
"2016-12-06",,,,,19100,18500,18800,
"2016-12-07",,,,,19100,18500,18800,
"2016-12-08",,,,,19100,18500,18900,
"2016-12-09",,,,,19100,18500,18900,
"2016-12-12",,,,,19100,18500,18900,
"2016-12-13",,,,,19100,18500,18900,
"2016-12-14",,,,,19100,18550,18900,
"2016-12-15",,,,,19100,18550,18900,
"2016-12-16",,,,,19100,18550,18900,
"2016-12-19",,,,,19100,18550,18900,
"2016-12-20",,,,,19200,18550,18900,
"2016-12-21",,,,,19200,18550,18900,
"2016-12-22",,,,,19200,18550,18900,
"2016-12-23",,,,,19300,18550,18900,
"2016-12-26",,,,,19300,18550,18900,
"2016-12-27",,,,,19300,18550,18900,
"2016-12-28",,,,,19300,18550,18900,
"2016-12-29",,,,,19300,18550,18900,
"2017-01-02",,,,,19300,18550,18900,
"2017-01-03",,,,,19500,18550,18900,
"2017-01-04",,,,,19500,18550,18900,
"2017-01-05",,,,,19500,18550,18900,
"2017-01-06",,,,,19500,18550,19000,
"2017-01-09",,,,,19500,18550,19000,
"2017-01-10",,,,,19500,18550,19000,
"2017-01-11",,,,,19600,18550,19000,
"2017-01-12",,,,,19600,18550,19000,
"2017-01-13",,,,,19600,18600,19000,
"2017-01-16",,,,,19600,18600,19000,
"2017-01-17",,,,,20500,18600,19000,
"2017-01-18",,,,,20850,18600,19000,
"2017-01-19",,,,,20850,18600,19000,
"2017-01-20",,,,,20850,18600,19000,
"2017-01-23",,,,,20900,18600,19000,
"2017-01-24",,,,,21000,18600,19000,
"2017-01-25",,,,,22000,18600,20900,
"2017-01-26",,,,,23000,18600,21000,
"2017-01-31",,,,,23000,18700,21000,
"2017-02-01",,,,,23550,19100,21000,
"2017-02-02",,,,,24300,19100,,
"2017-02-03",,,,,25000,19100,22500,
"2017-02-06",,,,,26000,19200,22500,
"2017-02-07",,,,,26500,19200,24750,
"2017-02-08",,,,,26500,19300,24800,
"2017-02-09",,,,,26450,19300,25200,
"2017-02-10",,,,,23850,19300,25200,
"2017-02-13",,,,,25000,19300,25200,
"2017-02-14",,,,,25000,19300,25200,
"2017-02-15",,,,,25000,19300,25200,
"2017-02-16",,,,,24000,19300,25200,
"2017-02-17",,,,,24000,19400,25200,
"2017-02-20",,,,,24000,19400,25200,
"2017-02-21",,,,,24000,19500,25200,
"2017-02-22",,,,,24000,19550,25200,
"2017-02-23",,,,,23800,19550,25200,
"2017-02-24",,,,,24000,19550,25200,
"2017-02-27",,,,,24000,19550,25200,
"2017-02-28",,,,,23900,19600,25200,
"2017-03-02",,,,,23800,19600,23800,
"2017-03-03",,,,,23800,19600,23800,
"2017-03-06",,,,,23700,19600,23800,
"2017-03-07",,,,,23700,19600,23800,
"2017-03-08",,,,,23000,19600,23800,
"2017-03-09",,,,,22900,19600,23800,
"2017-03-10",,,,,22200,19600,23800,
"2017-03-13",,,,,22000,19600,23800,
"2017-03-14",,,,,21500,19600,23800,
"2017-03-15",,,,,21400,19600,23800,
"2017-03-16",,,,,21400,19600,23800,
"2017-03-17",,,,,21400,19600,23800,
"2017-03-20",,,,,21300,19600,23800,
"2017-03-21",,,,,21000,19600,23800,
"2017-03-22",,,,,20800,19600,23800,
"2017-03-23",,,,,20600,19600,22800,
"2017-03-24",,,,,20600,19600,21800,
"2017-03-27",,,,,20500,19600,20800,
"2017-03-28",,,,,20500,19600,20500,
"2017-03-29",,,,,20600,19600,20500,
"2017-03-30",,,,,20600,19600,20500,
"2017-03-31",,,,,20600,19600,21000,
"2017-04-03",,,,,20600,19600,21000,
"2017-04-04",,,,,20700,19600,21000,
"2017-04-05",,,,,20800,19600,21000,
"2017-04-06",,,,,20800,19600,21000,
"2017-04-07",,,,,20450,19600,21000,
"2017-04-10",,,,,20450,19600,21000,
"2017-04-11",,,,,20450,19600,21000,
"2017-04-12",,,,,20450,19600,21000,
"2017-04-13",,,,,20450,19600,21000,
"2017-04-14",,,,,20450,19600,21000,
"2017-04-17",,,,,20450,19600,21000,
"2017-04-18",,,,,20450,19600,21000,
"2017-04-19",,,,,20450,19600,20900,
"2017-04-20",,,,,20450,19600,20900,
"2017-04-21",,,,,20450,19600,20900,
"2017-04-24",,,,,20500,19600,20900,
"2017-04-25",,,,,20500,19600,20900,
"2017-04-26",,,,,20500,19600,20900,
"2017-04-27",,,,,20500,19600,20900,
"2017-04-28",,,,,20500,19600,20900,
"2017-05-02",,,,,20500,19600,20900,
"2017-05-04",,,,,20500,19600,20900,
"2017-05-08",,,,,20500,19600,20900,
"2017-05-10",,,,,20500,19600,20900,
"2017-05-11",,,,,20500,19600,20900,
"2017-05-12",,,,,20550,19600,20900,
"2017-05-15",,,,,20600,19600,20900,
"2017-05-16",,,,,20600,19600,20900,
"2017-05-17",,,,,20600,19600,20900,
"2017-05-18",,,,,20650,19700,20900,
"2017-05-19",,,,,20650,19800,20900,
"2017-05-22",,,,,20650,20650,20700,
"2017-05-23",,,,,20650,20650,20700,
"2017-05-24",,,,,20700,20650,20700,
"2017-05-25",,,,,20800,20700,20900,
"2017-05-26",,,,,20800,20800,20900,
"2017-05-29",,,,,20800,20800,20900,
"2017-05-30",,,,,20850,20800,20900,
"2017-05-31",,,,,20950,20800,21000,
"2017-06-01",,,,,21000,20800,21000,
"2017-06-02",,,,,20500,20800,21000,
"2017-06-05",,,,,20600,20500,21000,
"2017-06-07",,,,,20500,20500,21000,
"2017-06-08",,,,,20500,20500,21000,
"2017-06-09",,,,,20500,20500,21000,
"2017-06-12",,,,,20250,20500,21000,
"2017-06-13",,,,,20500,20500,20500,
"2017-06-14",,,,,20550,20500,20500,
"2017-06-15",,,,,20300,20500,20500,
"2017-06-16",,,,,21000,20500,20500,
"2017-06-19",,,,,21000,20500,20500,
"2017-06-20",,,,,21000,20500,20500,
"2017-06-21",,,,,21000,20500,20500,
"2017-06-22",,,,,21000,20500,20500,
"2017-06-23",,,,,20200,20800,20500,
"2017-06-26",,,,,21000,20800,20500,
"2017-06-27",,,,,21000,20800,20500,
"2017-06-28",,,,,21000,20800,20500,
"2017-06-29",,,,,21500,20800,20500,
"2017-06-30",,,,,21500,20800,20500,
"2017-07-03",,,,,20350,20000,20500,
"2017-07-04",,,,,20350,20800,20500,
"2017-07-05",,,,,20350,20800,20500,
"2017-07-06",,,,,20350,20800,20500,
"2017-07-07",,,,,20350,20800,20500,
"2017-07-10",,,,,20350,20800,20500,
"2017-07-11",,,,,20350,20800,20500,
"2017-07-12",,,,,20350,20800,20500,
"2017-07-13",,,,,20350,20800,20500,
"2017-07-14",,,,,20350,20800,20500,
"2017-07-17",,,,,20350,20800,20500,
"2017-07-18",,,,,20300,20800,20500,
"2017-07-19",,,,,20350,20800,20500,
"2017-07-20",,,,,20350,20800,20500,
"2017-07-21",,,,,20350,20800,20500,
"2017-07-24",,,,,20350,20800,20500,
"2017-07-25",,,,,20350,20800,20500,
"2017-07-26",,,,,20350,20800,20500,
"2017-07-27",,,,,20350,20800,20500,
"2017-07-28",,,,,20350,20800,20500,
"2017-07-31",,,,,20350,20800,20500,
"2017-08-01",,,,,20350,20800,20500,
"2017-08-02",,,,,20350,20800,20500,
"2017-08-03",,,,,20350,20800,20500,
"2017-08-04",,,,,20350,20800,20500,
"2017-08-07",,,,,20300,20800,20500,
"2017-08-08",,,,,20300,20800,20500,
"2017-08-09",,,,,20300,20800,20500,
"2017-08-10",,,,,20300,20800,20500,
"2017-08-11",,,,,20300,20800,20500,
"2017-08-14",,,,,20300,20800,20500,
"2017-08-16",,,,,20200,20800,20500,
"2017-08-17",,,,,20100,20800,20500,
"2017-08-18",,,,,20000,20800,20500,
"2017-08-21",,,,,20050,20800,20500,
"2017-08-22",,,,,20050,20800,20500,
"2017-08-23",,,,,20300,20800,20500,
"2017-08-24",,,,,20300,20800,20500,
"2017-08-25",,,,,20300,20800,20500,
"2017-08-28",,,,,20300,20800,20500,
"2017-08-29",,,,,20300,20800,20500,
"2017-08-30",,,,,20300,20800,20500,
"2017-08-31",,,,,20300,20800,20500,
"2017-09-01",,,,,20300,20800,20500,
"2017-09-04",,,,,20300,20800,20500,
"2017-09-05",,,,,20300,20800,20500,
"2017-09-06",,,,,20300,20800,20500,
"2017-09-07",,,,,20300,20800,20500,
"2017-09-08",,,,,20300,20800,20500,
"2017-09-11",,,,,20300,20800,20500,
"2017-09-12",,,,,20300,20800,20500,
"2017-09-13",,,,,20300,20800,20500,
"2017-09-14",,,,,20300,20800,20500,
"2017-09-15",,,,,20300,20800,20500,
"2017-09-18",,,,,20500,20800,20500,
"2017-09-19",,,,,20500,20800,20700,
"2017-09-20",,,,,20650,20800,20700,
"2017-09-21",,,,,20650,20800,20700,
"2017-09-22",,,,,20650,20800,20700,
"2017-09-25",,,,,20650,20800,20700,
"2017-09-26",,,,,20650,20800,20700,
"2017-09-27",,,,,20650,20800,20700,
"2017-09-28",,,,,20700,20800,20700,
"2017-09-29",,,,,20800,20800,20700,
"2017-10-10",,,,,20800,20800,20700,
"2017-10-11",,,,,20800,20800,20700,
"2017-10-12",,,,,20800,20800,20700,
"2017-10-13",,,,,20900,20800,20700,
"2017-10-16",,,,,20900,20800,20900,
"2017-10-17",,,,,21050,20800,21100,
"2017-10-18",,,,,21100,20800,21100,
"2017-10-19",,,,,21200,20800,21150,
"2017-10-20",,,,,21200,20800,21250,
"2017-10-23",,,,,21250,20800,21250,
"2017-10-24",,,,,21350,20800,21300,
"2017-10-25",,,,,21500,20800,21300,
"2017-10-26",,,,,21500,20800,21300,
"2017-10-27",,,,,21500,20800,21300,
"2017-10-30",,,,,21650,20800,21300,
"2017-10-31",,,,,21800,20800,21800,
"2017-11-01",,,,,21800,20800,21800,
"2017-11-02",,,,,21800,20800,21800,
"2017-11-03",,,,,21800,20800,21800,
"2017-11-06",,,,,21850,20800,21800,
"2017-11-07",,,,,21900,20800,21800,
"2017-11-08",,,,,21900,20800,21800,
"2017-11-09",,,,,22000,20800,21800,
"2017-11-10",,,,,22100,20800,22000,
"2017-11-13",,,,,22450,20800,22000,
"2017-11-14",,,,,23600,20800,22000,
"2017-11-15",,,,,23650,20800,22000,
"2017-11-16",,,,,24000,20800,22000,
"2017-11-17",,,,,24400,20800,22000,
"2017-11-20",,,,,26000,20800,22000,
"2017-11-21",,,,,26000,20800,23700,
"2017-11-22",,,,,27000,20800,26000,
"2017-11-23",,,,,28000,20800,28000,
"2017-11-24",,,,,28000,20800,28000,
"2017-11-27",,,,,25200,20800,26000,
"2017-11-28",,,,,24500,20800,26000,
"2017-11-29",,,,,24500,20800,26000,
"2017-11-30",,,,,24000,20800,26000,
"2017-12-01",,,,,23500,20800,26000,
"2017-12-04",,,,,23500,20800,26000,
"2017-12-05",,,,,21150,20800,25000,
"2017-12-06",,,,,21950,20800,24000,
"2017-12-07",,,,,22500,20800,24000,
"2017-12-08",,,,,22500,20800,24000,
"2017-12-11",,,,,22500,20800,24000,
"2017-12-12",,,,,21500,20800,24000,
"2017-12-13",,,,,21500,20800,24000,
"2017-12-14",,,,,21800,20800,24000,
"2017-12-15",,,,,21800,20800,24000,
"2017-12-18",,,,,22000,20800,24000,
"2017-12-19",,,,,22200,20800,24000,
"2017-12-20",,,,,21800,20800,24000,
"2017-12-21",,,,,22000,20800,24000,
"2017-12-22",,,,,22000,20800,24000,
"2017-12-26",,,,,22000,20800,24000,
"2017-12-27",,,,,22000,20800,24000,
"2017-12-28",,,,,20000,20800,24000,
"2018-01-02",,,,,20000,20800,24000,
"2018-01-03",,,,,20000,20800,24000,
"2018-01-04",,,,,20000,20800,24000,
"2018-01-05",,,,,22000,20800,24000,
"2018-01-08",,,,,22000,20800,24000,
"2018-01-09",,,,,22000,20800,24000,
"2018-01-10",,,,,22000,20800,24000,
"2018-01-11",,,,,22000,20800,24000,
"2018-01-12",,,,,22000,20800,24000,
"2018-01-15",,,,,22000,20800,24000,
"2018-01-16",,,,,22000,20800,24000,
"2018-01-17",,,,,22000,20800,24000,
"2018-01-18",,,,,22000,20800,24000,
"2018-01-19",,,,,22000,20800,24000,
"2018-01-22",,,,,22000,20800,24000,
"2018-01-23",,,,,22000,20800,24000,
"2018-01-24",,,,,21500,20800,24000,
"2018-01-25",,,,,22000,20800,24000,
"2018-01-26",,,,,22000,20800,24000,
"2018-01-29",,,,,21700,20800,24000,
"2018-01-30",,,,,21900,20800,24000,
"2018-01-31",,,,,22000,20800,24000,
"2018-02-01",,,,,22000,20800,24000,
"2018-02-02",,,,,21900,20800,24000,
"2018-02-05",,,,,21900,20800,23000,
"2018-02-06",,,,,22000,20800,23000,
"2018-02-07",,,,,22000,20800,23000,
"2018-02-08",,,,,22000,20800,23000,
"2018-02-09",,,,,22000,20800,23000,
"2018-02-12",,,,,22000,20800,23000,
"2018-02-13",,,,,22200,20800,23000,
"2018-02-14",,,,,22000,20800,23000,
"2018-02-19",,,,,22000,20800,23000,
"2018-02-20",,,,,22000,21500,23000,
"2018-02-21",,,,,22000,21500,23000,
"2018-02-22",,,,,22000,21500,23000,
"2018-02-23",,,,,22000,21500,23000,
"2018-02-26",,,,,22000,21500,23000,
"2018-02-27",,,,,22000,21800,23000,
"2018-02-28",,,,,22000,21800,23000,
"2018-03-02",,,,,22000,21800,23000,
"2018-03-05",,,,,22000,21800,23000,
"2018-03-06",,,,,22200,21800,23000,
"2018-03-07",,,,,22200,21800,23000,
"2018-03-08",,,,,22200,21800,23000,
"2018-03-09",,,,,22200,21800,23000,
"2018-03-12",,,,,22500,21800,23000,
"2018-03-13",,,,,22100,21800,23000,
"2018-03-14",,,,,22100,21800,23000,
"2018-03-15",,,,,22000,21800,23000,
"2018-03-16",,,,,22200,21800,22500,
"2018-03-19",,,,,22000,21800,22200,
"2018-03-20",,,,,22000,21800,22200,
"2018-03-21",,,,,22000,21800,22200,
"2018-03-22",,,,,22000,21800,22200,
"2018-03-23",,,,,22000,21800,22200,
"2018-03-26",,,,,22200,21800,22200,
"2018-03-27",,,,,22000,21800,22200,
"2018-03-28",,,,,22000,21800,22200,
"2018-03-29",,,,,22000,21800,22200,
"2018-03-30",,,,,22000,21800,22200,
"2018-04-02",,,,,22000,21800,22200,
"2018-04-03",,,,,22100,21800,22200,
"2018-04-04",,,,,22000,21800,22200,
"2018-04-05",,,,,21900,21800,22200,
"2018-04-06",,,,,21800,21800,22200,
"2018-04-09",,,,,21800,21800,22200,
"2018-04-10",,,,,21800,21800,22200,
"2018-04-11",,,,,21800,21800,22200,
"2018-04-12",,,,,21900,21800,22200,
"2018-04-13",,,,,21900,21800,22200,
"2018-04-16",,,,,21900,21800,22200,
"2018-04-17",,,,,21950,21800,22200,
"2018-04-18",,,,,22000,21800,22200,
"2018-04-19",,,,,22000,21800,22200,
"2018-04-20",,,,,22000,21800,22200,
"2018-04-23",,,,,22000,21800,22200,
"2018-04-24",,,,,22000,21800,22200,
"2018-04-25",,,,,22100,21800,22200,
"2018-04-26",,,,,22000,21800,22200,
"2018-04-27",,,,,22000,21800,22200,
"2018-04-30",,,,,22100,21800,22200,
"2018-05-02",,,,,22000,21800,22200,
"2018-05-03",,,,,22000,21800,22200,
"2018-05-04",,,,,22000,21800,22200,
"2018-05-08",,,,,22000,21800,22200,
"2018-05-09",,,,,22000,21800,22200,
"2018-05-10",,,,,22050,21800,22200,
"2018-05-11",,,,,22050,21800,22200,
"2018-05-14",,,,,22050,21800,22200,
"2018-05-15",,,,,22100,21800,22200,
"2018-05-16",,,,,22150,21800,22200,
"2018-05-17",,,,,22200,21800,22200,
"2018-05-18",,,,,22300,21800,22200,
"2018-05-21",,,,,22400,21800,22200,
"2018-05-23",,,,,22600,21800,22200,
"2018-05-24",,,,,23000,21800,22700,
"2018-05-25",,,,,25300,21800,24500,
"2018-05-28",,,,,26000,21800,24500,
"2018-05-29",,,,,25700,21800,24500,
"2018-05-30",,,,,23150,21800,24500,
"2018-05-31",,,,,23200,21800,24500,
"2018-06-01",,,,,23000,21800,24500,
"2018-06-04",,,,,22800,21800,24500,
"2018-06-05",,,,,22650,21800,24500,
"2018-06-07",,,,,22200,21800,24500,
"2018-06-08",,,,,21700,21800,24500,
"2018-06-11",,,,,21500,21800,24500,
"2018-06-12",,,,,21500,21800,24500,
"2018-06-14",,,,,21500,21800,24500,
"2018-06-15",,,,,21500,21800,24500,
"2018-06-18",,,,,21700,21800,24500,
"2018-06-19",,,,,21700,21800,24500,
"2018-06-20",,,,,21550,21800,24500,
"2018-06-21",,,,,21600,21800,24500,
"2018-06-22",,,,,21600,21800,24500,
"2018-06-25",,,,,21950,21800,24500,
"2018-06-26",,,,,23000,21800,24500,
"2018-06-27",,,,,23900,21800,24500,
"2018-06-28",,,,,26250,21800,24500,
"2018-06-29",,,,,28000,21800,26000,
"2018-07-02",,,,,28000,21800,25800,
"2018-07-03",,,,,28000,21800,25800,
"2018-07-04",,,,,28000,21800,25800,
"2018-07-05",,,,,28000,21800,25800,
"2018-07-06",,,,,28000,21800,25800,
"2018-07-09",,,,,28000,21800,25800,
"2018-07-10",,,,,28000,21800,25800,
"2018-07-11",,,,,28000,21800,25800,
"2018-07-12",,,,,28000,21800,25800,
"2018-07-13",,,,,28000,21800,25000,
"2018-07-16",,,,,28000,21800,25000,
"2018-07-17",,,,,25200,21800,25000,
"2018-07-18",,,,,22700,21800,25000,
"2018-07-19",,,,,22700,21800,25000,
"2018-07-20",,,,,22700,21800,25000,
"2018-07-23",,,,,22700,21800,25000,
"2018-07-24",,,,,22700,21800,25000,
"2018-07-25",,,,,22700,21800,25000,
"2018-07-26",,,,,22700,21800,25000,
"2018-07-27",,,,,22700,21800,25000,
"2018-07-30",,,,,22700,21800,25000,
"2018-07-31",,,,,22500,21800,25000,
"2018-08-01",,,,,22000,21800,25000,
"2018-08-02",,,,,21700,21800,25000,
"2018-08-03",,,,,21700,21800,25000,
"2018-08-06",,,,,21700,21800,25000,
"2018-08-07",,,,,21600,21800,25000,
"2018-08-08",,,,,21600,21800,25000,
"2018-08-09",,,,,21600,21800,25000,
"2018-08-10",,,,,21600,21800,25000,
"2018-08-13",,,,,21600,21800,25000,
"2018-08-14",,,,,21600,21800,25000,
"2018-08-16",,,,,21600,21800,25000,
"2018-08-17",,,,,21600,21800,25000,
"2018-08-20",,,,,21600,21800,25000,
"2018-08-21",,,,,21600,21800,25000,
"2018-08-22",,,,,21600,21800,25000,
"2018-08-23",,,,,21600,21800,25000,
"2018-08-24",,,,,21600,21800,25000,
"2018-08-27",,,,,21600,21800,25000,
"2018-08-28",,,,,21600,21800,25000,
"2018-08-29",,,,,21600,21800,25000,
"2018-08-30",,,,,21600,21800,25000,
"2018-08-31",,,,,21600,21800,25000,
"2018-09-03",,,,,21600,21800,25000,
"2018-09-04",,,,,21600,21800,25000,
"2018-09-05",,,,,22000,21800,25000,
"2018-09-06",,,,,22000,21800,25000,
"2018-09-07",,,,,22000,21800,25000,
"2018-09-10",,,,,22000,21800,25000,
"2018-09-11",,,,,22050,21800,25000,
"2018-09-12",,,,,22050,21800,25000,
"2018-09-13",,,,,22050,21800,25000,
"2018-09-14",,,,,22050,21800,25000,
"2018-09-17",,,,,22050,21800,25000,
"2018-09-18",,,,,22000,21800,25000,
"2018-09-19",,,,,22000,21800,25000,
"2018-09-20",,,,,22000,21800,25000,
"2018-09-21",,,,,22000,21800,25000,
"2018-09-27",,,,,22000,21800,25000,
"2018-09-28",,,,,22200,21800,25000,
"2018-10-01",,,,,22200,21800,25000,
"2018-10-02",,,,,22200,21800,25000,
"2018-10-04",,,,,22200,21800,25000,
"2018-10-05",,,,,22400,21800,25000,
"2018-10-08",,,,,22400,21800,25000,
"2018-10-10",,,,,22400,21800,25000,
"2018-10-11",,,,,22400,21800,25000,
"2018-10-12",,,,,22400,21800,25000,
"2018-10-15",,,,,22400,21800,25000,
"2018-10-16",,,,,22600,21800,25000,
"2018-10-17",,,,,22600,21800,25000,
"2018-10-18",,,,,22600,21800,25000,
"2018-10-19",,,,,22800,21800,25000,
"2018-10-22",,,,,22800,21800,25000,
"2018-10-23",,,,,22900,21800,25000,
"2018-10-24",,,,,22900,21800,25000,
"2018-10-25",,,,,22900,21800,25000,
"2018-10-26",,,,,22900,21800,25000,
"2018-10-29",,,,,23200,21800,25000,
"2018-10-30",,,,,23200,21800,25000,
"2018-10-31",,,,,23200,21800,25000,
"2018-11-01",,,,,23200,21800,25000,
"2018-11-02",,,,,23200,21800,25000,
"2018-11-05",,,,,23200,21800,24500,
"2018-11-06",,,,,23200,21800,23500,
"2018-11-07",,,,,23200,21800,23500,
"2018-11-08",,,,,23200,21800,23500,
"2018-11-09",,,,,23300,21800,23500,
"2018-11-12",,,,,23300,21800,23700,
"2018-11-13",,,,,23300,21800,23700,
"2018-11-14",,,,,23300,21800,23700,
"2018-11-15",,,,,23300,21800,23700,
"2018-11-16",,,,,23500,21800,23700,
"2018-11-19",,,,,23500,21800,23700,
"2018-11-20",,,,,23500,21800,23700,
"2018-11-21",,,,,23550,21800,23700,
"2018-11-22",,,,,24500,21800,23700,
"2018-11-23",,,,,24000,21800,23700,
"2018-11-26",,,,,23500,21800,23700,
"2018-11-27",,,,,23500,21800,23700,
"2018-11-28",,,,,23550,21800,23700,
"2018-11-29",,,,,24000,21800,23700,
"2018-11-30",,,,,24000,21800,23900,
"2018-12-03",,,,,24000,21800,23900,
"2018-12-04",,,,,24000,21800,23900,
"2018-12-05",,,,,24000,21800,23950,
"2018-12-06",,,,,24000,21800,24000,
"2018-12-07",,,,,24000,21800,24000,
"2018-12-10",,,,,25000,21800,24000,
"2018-12-11",,,,,25000,21800,24000,
"2018-12-12",,,,,25000,21800,24500,
"2018-12-13",,,,,25000,21800,24500,
"2018-12-14",,,,,25000,21800,24500,
"2018-12-17",,,,,25000,21800,24500,
"2018-12-18",,,,,25000,21800,24500,
"2018-12-19",,,,,24000,21800,24500,
"2018-12-20",,,,,24000,21800,24500,
"2018-12-21",,,,,24000,21800,24500,
"2018-12-24",,,,,25000,21800,24500,
"2018-12-26",,,,,25000,21800,24500,
"2018-12-27",,,,,25000,21800,24500,
"2018-12-28",,,,,25000,21800,24500,
"2019-01-02",,,,,25000,21800,24500,
"2019-01-03",,,,,25000,21800,24500,
"2019-01-04",,,,,25000,21800,25000,
"2019-01-07",,,,,25000,21800,25000,
"2019-01-08",,,,,25000,21800,25000,
"2019-01-09",,,,,25000,21800,25000,
"2019-01-10",,,,,25000,21800,25000,
"2019-01-11",,,,,25000,21800,25000,
"2019-01-14",,,,,25000,21800,25000,
"2019-01-15",,,,,25000,21800,25000,
"2019-01-16",,,,,25000,21800,25000,
"2019-01-17",,,,,25000,21800,25000,
"2019-01-18",,,,,25000,21800,25000,
"2019-01-21",,,,,25000,21800,25000,
"2019-01-22",,,,,25000,21800,25000,
"2019-01-23",,,,,25000,21800,25000,
"2019-01-24",,,,,25000,21800,25000,
"2019-01-25",,,,,25500,21800,25000,
"2019-01-28",,,,,25500,21800,25000,
"2019-01-29",,,,,25500,21800,25000,
"2019-01-30",,,,,25500,21800,25000,
"2019-01-31",,,,,25500,21800,25500,
"2019-02-01",,,,,25500,21800,25500,
"2019-02-07",,,,,25500,21800,25500,
"2019-02-08",,,,,25500,21800,25500,
"2019-02-11",,,,,25500,21800,25500,
"2019-02-12",,,,,25550,21800,25500,
"2019-02-13",,,,,25550,21800,25500,
"2019-02-14",,,,,27050,21800,25500,
"2019-02-15",,,,,27050,21800,25550,
"2019-02-18",,,,,27000,21800,25550,
"2019-02-19",,,,,27000,21800,26000,
"2019-02-20",,,,,26000,21800,26000,
"2019-02-21",,,,,26000,21800,26000,
"2019-02-22",,,,,26000,21800,26050,
"2019-02-25",,,,,26000,21800,26050,
"2019-02-26",,,,,26050,21800,26050,
"2019-02-27",,,,,26150,21800,26050,
"2019-02-28",,,,,26500,21800,26050,
"2019-03-04",,,,,26500,21800,26050,
"2019-03-05",,,,,26500,21800,26050,
"2019-03-06",,,,,26500,21800,26050,
"2019-03-07",,,,,26500,21800,26050,
"2019-03-08",,,,,26500,21800,26050,
"2019-03-11",,,,,26500,21800,26050,
"2019-03-12",,,,,26500,21800,26050,
"2019-03-13",,,,,26500,21800,26050,
"2019-03-14",,,,,26500,21800,26050,
"2019-03-15",,,,,26500,21800,26050,
"2019-03-18",,,,,26500,21800,26050,
"2019-03-19",,,,,26500,21800,26050,
"2019-03-20",,,,,26500,21800,26050,
"2019-03-21",,,,,26500,21800,26500,
"2019-03-22",,,,,26500,21800,26500,
"2019-03-25",,,,,26500,21800,26500,
"2019-03-26",,,,,26500,21800,26500,
"2019-03-27",,,,,26600,21800,26500,
"2019-03-28",,,,,26650,21800,26500,
"2019-03-29",,,,,26650,21800,26500,
"2019-04-01",,,,,26650,21800,26500,
"2019-04-02",,,,,26650,21800,26500,
"2019-04-03",,,,,26700,21800,26550,
"2019-04-04",,,,,26700,21800,26550,
"2019-04-05",,,,,27000,21800,27000,
"2019-04-08",,,,,27600,21800,27000,
"2019-04-09",,,,,27600,21800,27000,
"2019-04-10",,,,,27600,21800,27000,
"2019-04-11",,,,,27600,21800,27000,
"2019-04-12",,,,,27600,21800,27000,
"2019-04-15",,,,,27600,21800,27000,
"2019-04-16",,,,,27600,21800,27000,
"2019-04-17",,,,,27600,21800,27000,
"2019-04-18",,,,,27650,21800,27000,
"2019-04-19",,,,,27900,21800,27000,
"2019-04-22",,,,,27900,21800,27000,
"2019-04-23",,,,,27900,21800,27000,
"2019-04-24",,,,,28000,21800,27000,
"2019-04-25",,,,,28900,21800,27000,
"2019-04-26",,,,,29000,21800,27000,
"2019-04-29",,,,,28100,21800,27000,
"2019-04-30",,,,,28300,21800,27100,
"2019-05-02",,,,,29000,21800,27100,
"2019-05-03",,,,,29000,21800,27100,
"2019-05-07",,,,,29000,21800,27100,
"2019-05-08",,,,,29200,21800,27100,
"2019-05-09",,,,,29300,21800,27100,
"2019-05-10",,,,,29000,21800,28300,
"2019-05-13",,,,,28500,21800,28300,
"2019-05-14",,,,,28200,21800,28300,
"2019-05-15",,,,,28000,21800,28300,
"2019-05-16",,,,,27950,21800,28300,
"2019-05-17",,,,,27000,21800,28300,
"2019-05-20",,,,,25500,21800,28300,
"2019-05-21",,,,,25700,21800,28300,
"2019-05-22",,,,,26550,21800,28300,
"2019-05-23",,,,,27000,21800,28300,
"2019-05-24",,,,,27000,21800,28300,
"2019-05-27",,,,,27000,21800,28300,
"2019-05-28",,,,,27300,21800,28300,
"2019-05-29",,,,,27000,21800,28300,
"2019-05-30",,,,,27000,21800,28300,
"2019-05-31",,,,,27500,21800,28300,
"2019-06-03",,,,,27800,21800,28300,
"2019-06-04",,,,,27800,21800,28300,
"2019-06-05",,,,,27000,21800,28300,
"2019-06-07",,,,,27000,21800,28300,
"2019-06-10",,,,,26900,21800,28300,
"2019-06-11",,,,,27000,21800,28300,
"2019-06-12",,,,,27300,21800,28300,
"2019-06-13",,,,,27300,21800,28300,
"2019-06-14",,,,,27400,21800,28300,
"2019-06-17",,,,,27500,21800,28300,
"2019-06-18",,,,,27650,21800,28300,
"2019-06-19",,,,,27750,21800,28300,
"2019-06-20",,,,,27800,21800,28300,
"2019-06-21",,,,,28000,21800,28300,
"2019-06-24",,,,,28000,21800,28300,
"2019-06-25",,,,,28150,21800,28300,
"2019-06-26",,,,,28100,21800,28300,
"2019-06-27",,,,,28100,21800,28300,
"2019-06-28",,,,,28050,21800,28300,
"2019-07-01",,,,,28050,21800,28300,
"2019-07-02",,,,,28100,21800,28300,
"2019-07-03",,,,,28100,21800,28300,
"2019-07-04",,,,,28150,21800,28300,
"2019-07-05",,,,,28150,21800,28300,
"2019-07-08",,,,,28200,21800,28300,
"2019-07-09",,,,,28200,21800,28300,
"2019-07-10",,,,,28200,21800,28300,
"2019-07-11",,,,,28200,21800,28300,
"2019-07-12",,,,,28200,21800,28300,
"2019-07-15",,,,,28300,21800,28300,
"2019-07-16",,,,,28250,21800,28300,
"2019-07-17",,,,,28250,21800,28300,
"2019-07-18",,,,,28350,21800,28300,
"2019-07-19",,,,,28400,21800,28350,
"2019-07-22",,,,,28400,21800,28350,
"2019-07-23",,,,,28600,21800,28350,
"2019-07-24",,,,,28400,21800,28350,
"2019-07-25",,,,,28450,21800,28350,
"2019-07-26",,,,,28500,21800,28350,
"2019-07-29",,,,,28500,21800,28400,
"2019-07-30",,,,,28600,21800,28400,
"2019-07-31",,,,,28600,21800,28400,
"2019-08-01",,,,,28600,21800,28400,
"2019-08-02",,,,,28600,21800,28400,
"2019-08-05",,,,,28600,21800,28400,
"2019-08-06",,,,,28600,21800,28400,
"2019-08-07",,,,,28650,21800,28650,
"2019-08-08",,,,,28700,21800,28650,
"2019-08-09",,,,,28800,21800,28800,
"2019-08-12",,,,,29500,21800,29000,
"2019-08-13",,,,,30000,21800,29000,
"2019-08-14",,,,,30500,21800,30100,
"2019-08-16",,,,,29900,21800,30100,
"2019-08-19",,,,,29900,21800,30100,
"2019-08-20",,,,,29100,21800,30100,
"2019-08-21",,,,,29400,21800,30100,
"2019-08-22",,,,,29450,21800,30100,
"2019-08-23",,,,,29500,21800,30100,
"2019-08-26",,,,,29600,21800,30100,
"2019-08-27",,,,,29700,21800,30100,
"2019-08-28",,,,,29700,21800,30100,
"2019-08-29",,,,,29750,21800,30100,
"2019-08-30",,,,,29950,21800,30100,
"2019-09-02",,,,,29950,21800,30100,
"2019-09-03",,,,,30000,21800,30100,
"2019-09-04",,,,,30000,21800,30100,
"2019-09-05",,,,,30100,21800,30100,
"2019-09-06",,,,,30300,21800,30100,
"2019-09-09",,,,,30750,21800,30500,
"2019-09-10",,,,,30300,21800,30500,
"2019-09-11",,,,,30750,21800,30500,
"2019-09-16",,,,,30800,21800,30500,
"2019-09-17",,,,,31000,21800,30800,
"2019-09-18",,,,,31300,21800,30800,
"2019-09-19",,,,,33500,21800,30800,
"2019-09-20",,,,,34500,21800,33500,
"2019-09-23",,,,,34900,21800,33500,
"2019-09-24",,,,,35600,21800,33500,
"2019-09-25",,,,,37000,21800,33500,
"2019-09-26",,,,,38000,21800,35600,
"2019-09-27",,,,,39000,21800,35600,
"2019-09-30",,,,,35100,21800,35600,
"2019-10-01",,,,,31850,31850,35600,
"2019-10-02",,,,,31900,31850,35600,
"2019-10-04",,,,,31950,31850,35600,
"2019-10-07",,,,,32050,31850,35600,
"2019-10-08",,,,,32100,31850,35600,
"2019-10-10",,,,,32200,31850,35600,
"2019-10-11",,,,,32500,31850,35600,
"2019-10-14",,,,,32550,31850,35600,
"2019-10-15",,,,,32650,31850,35600,
"2019-10-16",,,,,32700,31850,35600,
"2019-10-17",,,,,32700,31850,35600,
"2019-10-18",,,,,32750,31850,35600,
"2019-10-21",,,,,32800,31850,35600,
"2019-10-22",,,,,32900,31850,35600,
"2019-10-23",,,,,32900,31850,35600,
"2019-10-24",,,,,33000,31850,35600,
"2019-10-25",,,,,33150,31850,35600,
"2019-10-28",,,,,33400,31850,35600,
"2019-10-29",,,,,33650,31850,35600,
"2019-10-30",,,,,33900,31850,35600,
"2019-10-31",,,,,33950,,35600,
"2019-11-01",,,,,34000,31850,35600,
"2019-11-04",,,,,34150,31850,35600,
"2019-11-05",,,,,34300,31850,35600,
"2019-11-06",,,,,34600,31850,35600,
"2019-11-07",,,,,34800,31850,35600,
"2019-11-08",,,,,35000,31850,35600,
"2019-11-11",,,,,35500,31850,35600,
"2019-11-12",,,,,35750,31850,35600,
"2019-11-13",,,,,36350,31850,35600,
"2019-11-14",,,,,36750,31850,35600,
"2019-11-15",,,,,35000,31850,35600,
"2019-11-18",,,,,36250,31850,35600,
"2019-11-19",,,,,36550,31850,35600,
"2019-11-20",,,,,36700,31850,35600,
"2019-11-21",,,,,36850,31850,35600,
"2019-11-22",,,,,37500,31850,35600,
"2019-11-25",,,,,37850,31850,35600,
"2019-11-26",,,,,38950,31850,35600,
"2019-11-27",,,,,38000,31850,35600,
"2019-11-28",,,,,38150,31850,35600,
"2019-11-29",,,,,38350,31850,37600,
"2019-12-02",,,,,37700,31850,37600,
"2019-12-03",,,,,37700,31850,37600,
"2019-12-04",,,37600,,38350,31850,37600,
"2019-12-05",,,37600,,38950,31850,37600,
"2019-12-06",,,37600,,39250,31850,37600,
"2019-12-09",,,37600,,39450,31850,37600,
"2019-12-10",,,37600,,39600,31850,37600,
"2019-12-11",,,37600,,39900,31850,37600,
"2019-12-12",,,37600,,40450,31850,37600,
"2019-12-13",,,37600,,40550,31850,37700,
"2019-12-16",,,37600,,40600,31850,37700,
"2019-12-17",,,37600,,40650,31850,37700,
"2019-12-18",,,37600,,40700,31850,37700,
"2019-12-19",,,37600,,40800,31850,37700,
"2019-12-20",,,37600,,40800,31850,37700,
"2019-12-23",,,37600,,40900,31850,37700,
"2019-12-24",,,37600,,37050,31850,37700,
"2019-12-26",,,37600,,39500,31850,37700,
"2019-12-27",,,37600,,37500,31850,37700,
"2019-12-30",,,37600,,38100,31850,39500,
"2020-01-02",,,37600,,36500,31850,39500,
"2020-01-03",,,37600,,35050,31850,39500,
"2020-01-06",,,37600,,33000,31850,39500,
"2020-01-07",,,37600,,35200,31850,39500,
"2020-01-08",,,37600,,36000,31850,39500,
"2020-01-09",,,37600,,35500,31850,39500,
"2020-01-10",,,37600,,38000,31850,39500,
"2020-01-13",,,37600,,38500,31850,39500,
"2020-01-14",,,37600,,39050,31850,39500,
"2020-01-15",,,37600,,37450,31850,39500,
"2020-01-16",,,37600,,38650,31850,39500,
"2020-01-17",,,37600,,38100,31850,39500,
"2020-01-20",,,37600,,38100,31850,39500,
"2020-01-21",,,37600,,37950,31850,39500,
"2020-01-22",,,37600,,38000,31850,39500,
"2020-01-23",,,37600,,38050,31850,39500,
"2020-01-28",,,37600,,38050,31850,39500,
"2020-01-29",,,37600,,38000,31850,39500,
"2020-01-30",,,37600,,38100,31850,39500,
"2020-01-31",,,37600,,38200,31850,39500,
"2020-02-03",,,37600,,38200,31850,39500,
"2020-02-04",,,37600,,38200,31850,39500,
"2020-02-05",,,37600,,38200,31850,39500,
"2020-02-06",,,37600,,37550,31850,39500,
"2020-02-07",,,37600,,37100,31850,39500,
"2020-02-10",,,37600,,38800,31850,39500,
"2020-02-11",,,37600,,39050,31850,39500,
"2020-02-12",,,37600,,39150,31850,39500,
"2020-02-13",,,37600,,38800,31850,39500,
"2020-02-14",,,37600,,38800,31850,39500,
"2020-02-17",,,37600,,38800,31850,39500,
"2020-02-18",,,37600,,39400,31850,39500,
"2020-02-19",,,37600,,39400,31850,39500,
"2020-02-20",,,37600,,39500,31850,39500,
"2020-02-21",,,37600,,39650,31850,39500,
"2020-02-24",,,37600,,39300,31850,39500,
"2020-02-25",,,37600,,39000,31850,39500,
"2020-02-26",,,37600,,39300,31850,39500,
"2020-02-27",,,37600,,39350,31850,39500,
"2020-02-28",,,37600,,39350,31850,39500,
"2020-03-02",,,37600,,39350,31850,39500,
"2020-03-03",,,37600,,39500,31850,39700,
"2020-03-04",,,37600,,40100,31850,40100,
"2020-03-05",,,37600,,39600,31850,40100,
"2020-03-06",,,37600,,39800,31850,40100,
"2020-03-09",,,37600,,39800,31850,40100,
"2020-03-10",,,37600,,39800,31850,40100,
"2020-03-11",,,37600,,39800,31850,40200,
"2020-03-12",,,37600,,39900,31850,40300,
"2020-03-13",,,37600,,40300,31850,40300,
"2020-03-16",,,37600,,40450,31850,40500,
"2020-03-17",,,37600,,40200,31850,40500,
"2020-03-18",,,37600,,40000,31850,40500,
"2020-03-19",,,37600,,40200,31850,40400,
"2020-03-20",,,37600,,40050,31850,40400,
"2020-03-23",,,37600,,40050,31850,40400,
"2020-03-24",,,37600,,40050,31850,40400,
"2020-03-25",,,37600,,40100,31850,40400,
"2020-03-26",,,37600,,40050,31850,40400,
"2020-03-27",,,37600,,40050,31850,40400,
"2020-03-30",,,37600,,40350,31850,40400,
"2020-03-31",,,37600,,40500,31850,40400,
"2020-04-01",,,37600,,40000,31850,40400,
"2020-04-02",,,37600,,40050,31850,40500,
"2020-04-03",,,37600,,40050,31850,40500,
"2020-04-06",,,37600,,40150,31850,40500,
"2020-04-07",,,37600,,40250,31850,40500,
"2020-04-08",,,37600,,40500,31850,40500,
"2020-04-09",,,37600,,40500,31850,40500,
"2020-04-10",,,37600,,40500,31850,40500,
"2020-04-13",,,37600,,40500,31850,40500,
"2020-04-14",,,37600,,40500,31850,40500,
"2020-04-16",,,37600,,40450,31850,40500,
"2020-04-17",,,37600,,40500,31850,40600,
"2020-04-20",,,37600,,40500,31850,40600,
"2020-04-21",,,37600,,40500,31850,40700,
"2020-04-22",,,37600,,40150,31850,40700,
"2020-04-23",,,37600,,40100,31850,40800,
"2020-04-24",,,37600,,40050,31850,40800,
"2020-04-27",,,37600,,40000,31850,40800,
"2020-04-28",,,37600,,39950,31850,40800,
"2020-04-29",,,37600,,39500,31850,40800,
"2020-05-04",,,37600,,39000,31850,40800,
"2020-05-06",,,37600,,38500,31850,40800,
"2020-05-07",,,37600,,38300,31850,40800,
"2020-05-08",,,37600,,38150,31850,40800,
"2020-05-11",,,37600,,37000,31850,40000,
"2020-05-12",,,37600,,33950,31850,40000,
"2020-05-13",,,37600,,30700,31850,40000,
"2020-05-14",,,37600,,31400,31850,40000,
"2020-05-15",,,37600,,31500,31850,40000,
"2020-05-18",,,37600,,32550,31850,40000,
"2020-05-19",,,37600,,33150,31850,40000,
"2020-05-20",,,37600,,33700,31850,40000,
"2020-05-21",,,37600,,35850,31850,40000,
"2020-05-22",,,37600,,36200,31850,40000,
"2020-05-25",,,37600,,36200,31850,40000,
"2020-05-26",,,37600,,36200,31850,40000,
"2020-05-27",,,37600,,34850,31850,40000,
"2020-05-28",,,37600,,34400,31850,40000,
"2020-05-29",,,37600,,34200,31850,40000,
"2020-06-01",,,37600,,33800,31850,40000,
"2020-06-02",,,37600,,32300,31850,40000,
"2020-06-03",,,37600,,31800,31850,40000,
"2020-06-04",,,37600,,31400,31850,40000,
"2020-06-05",,,37600,,30400,31850,40000,
"2020-06-08",,,37600,,31100,31850,40000,
"2020-06-09",,,37600,,31600,31850,40000,
"2020-06-10",,,37600,,32000,31850,40000,
"2020-06-11",,,37600,,32200,31850,40000,
"2020-06-12",,,37600,,31800,31850,40000,
"2020-06-15",,,37600,,31900,31850,40000,
"2020-06-16",,,37600,,31850,31850,40000,
"2020-06-17",,,37600,,31800,31850,40000,
"2020-06-18",,,37600,,31800,31850,40000,
"2020-06-19",,,37600,,31300,31850,40000,
"2020-06-22",,,37600,,31300,31850,40000,
"2020-06-23",,,37600,,31100,31850,40000,
"2020-06-24",,,37600,,30800,31850,40000,
"2020-06-25",,,37600,,30800,31850,40000,
"2020-06-26",,,37600,,30800,31850,40000,
"2020-06-29",,,37600,,30800,31850,40000,
"2020-06-30",,,37600,,30800,31850,40000,
"2020-07-01",,,37600,,30800,31850,40000,
"2020-07-02",,,37600,,30750,31850,40000,
"2020-07-03",,,37600,,29950,31850,40000,
"2020-07-06",,,37600,,29700,31850,40000,
"2020-07-07",,,37600,,28900,31850,40000,
"2020-07-08",,,37600,,27900,31850,40000,
"2020-07-09",,,37600,,25150,31850,40000,
"2020-07-10",,,37600,,22650,31850,40000,
"2020-07-13",,,37600,,20400,31850,40000,
"2020-07-14",,,37600,,20600,31850,40000,
"2020-07-15",,,37600,,21800,31850,40000,
"2020-07-16",,,37600,,22800,31850,40000,
"2020-07-17",,,37600,,23200,31850,40000,
"2020-07-20",,,37600,,23200,31850,40000,
"2020-07-21",,,37600,,23000,31850,40000,
"2020-07-22",,,37600,,22800,31850,40000,
"2020-07-23",,,37600,,22800,31850,40000,
"2020-07-24",,,37600,,22500,31850,40000,
"2020-07-27",,,37600,,22000,31850,40000,
"2020-07-28",,,37600,,21700,31850,40000,
"2020-07-29",,,37600,,21000,31850,40000,
"2020-07-30",,,37600,,19900,31850,40000,
"2020-07-31",,,37600,,19250,31850,40000,
"2020-08-03",,,37600,,17500,31850,40000,
"2020-08-04",,,37600,,15750,31850,40000,
"2020-08-05",,,37600,,15000,31850,40000,
"2020-08-06",,,37600,,15500,31850,40000,
"2020-08-07",,,37600,,17050,31850,40000,
"2020-08-10",,,37600,,17100,31850,40000,
"2020-08-11",,,37600,,17100,31850,40000,
"2020-08-12",,,37600,,17200,31850,40000,
"2020-08-13",,,37600,,17700,31850,40000,
"2020-08-14",,,37600,,17750,31850,40000,
"2020-08-18",,,,,17800,31850,40000,
"2020-08-19",,,37600,,19000,31850,40000,
"2020-08-20",,,37600,,19700,31850,40000,
"2020-08-21",,,37600,,19850,31850,40000,
"2020-08-24",,,37600,,21000,31850,40000,
"2020-08-25",,,37600,,21000,31850,36000,
"2020-08-26",,,37600,,21000,31850,36000,
"2020-08-27",,,37600,,21000,31850,36000,
"2020-08-28",,,37600,,21000,31850,36000,
"2020-08-31",,,37600,,19950,31850,36000,
"2020-09-01",,,37600,,20000,31850,36000,
"2020-09-02",,,37600,,20000,31850,36000,
"2020-09-03",,,37600,,21500,31850,36000,
"2020-09-04",,,37600,,21000,31850,36000,
"2020-09-07",,,37600,,21000,31850,36000,
"2020-09-08",,,37600,,21250,31850,36000,
"2020-09-09",,,37600,,21250,31850,36000,
"2020-09-10",,,37600,,20850,31850,36000,
"2020-09-11",,,37600,,19500,31850,36000,
"2020-09-14",,,37600,,21300,,36000,
"2020-09-15",,,37600,,21300,,36000,
"2020-09-16",,,37600,,21400,,36000,
"2020-09-17",,,37600,,21500,,36000,
"2020-09-18",,,37600,,21700,,36000,
"2020-09-21",,,37600,,21600,,36000,
"2020-09-22",,,37600,,21850,,36000,
"2020-09-23",,,37600,,22500,,36000,
"2020-09-24",,,37600,,22550,,36000,
"2020-09-25",,,37600,,22600,,36000,
"2020-09-28",,,37600,,22750,,36000,
"2020-09-29",,,37600,,22300,,36000,
"2020-10-05",,,37600,,22200,,36000,
"2020-10-06",,,37600,,22550,,36000,
"2020-10-07",,,37600,,22800,,36000,
"2020-10-08",,,37600,,23000,,33000,
"2020-10-12",,,37600,,23150,,33000,
"2020-10-13",,,37600,,23400,,33000,
"2020-10-14",,,37600,,23700,,33000,
"2020-10-15",,,37600,,23550,,33000,
"2020-10-16",,,37600,,24100,,33000,
"2020-10-19",,,37600,,24500,,33000,
"2020-10-20",,,37600,,25000,,33000,
"2020-10-21",,,37600,,25000,,33000,
"2020-10-22",,,37600,,24500,,33000,
"2020-10-23",,,37600,,24800,,33000,
"2020-10-26",,,37600,,24900,,33000,
"2020-10-27",,,37600,,24800,,33000,
"2020-10-28",,,37600,,24300,,30000,
"2020-10-29",,,37600,,24000,,27500,
"2020-10-30",,,37600,,24050,,27500,
"2020-11-02",,,37600,,21850,,27500,
"2020-11-03",,,37600,,22500,,27500,
"2020-11-04",,,37600,,22500,,27500,
"2020-11-05",,,37600,,22300,,27500,
"2020-11-06",,,37600,,22250,,27500,
"2020-11-09",,,37600,,22200,,27500,
"2020-11-10",,,37600,,22200,,27500,
"2020-11-11",,,37600,,22200,,27500,
"2020-11-12",,,37600,,22200,,27500,
"2020-11-13",,,37600,,22200,,25000,
"2020-11-16",,,37600,,22150,,25000,
"2020-11-17",,,37600,,22200,,25000,
"2020-11-18",,,37600,,22250,,25000,
"2020-11-19",,,37600,,22300,,25000,
"2020-11-20",,,37600,,22350,,25000,
"2020-11-23",,,37600,,22350,,25000,
"2020-11-24",,,37600,,22400,,25000,
"2020-11-25",,,37600,,22500,,25000,
"2020-11-26",,,37600,,22500,,25000,
"2020-11-27",,,37600,,22600,,23000,
"2020-11-30",,,37600,,22700,,23000,
"2020-12-01",,,37600,,22700,,23000,
"2020-12-02",,,37600,,22700,,23000,
"2020-12-03",,,37600,,22700,,23000,
"2020-12-04",,,37600,,22900,,23000,
"2020-12-07",,,37600,,22900,,23000,
"2020-12-08",,,37600,,23100,,23000,
"2020-12-09",,,37600,,23400,,23000,
"2020-12-10",,,37600,,23400,,23000,
"2020-12-11",,,37600,,24000,,24000,
"2020-12-14",,,37600,,25000,,24000,
"2020-12-15",,,37600,,27500,,26000,
"2020-12-16",,,37600,,28000,,26000,
"2020-12-17",,,37600,,30500,,26000,
"2020-12-18",,,37600,,30500,,26000,
"2020-12-21",,,37600,,27450,,26000,
"2020-12-22",,,37600,,28000,,26000,
"2020-12-23",,,37600,,27500,,26000,
"2020-12-24",,,37600,,27500,,26000,
"2020-12-28",,,37600,,27000,,26000,
"2020-12-29",,,37600,,24500,,26000,
"2020-12-30",,,37600,,23000,,26000,
"2021-01-04",,,37600,,23000,,26000,
"2021-01-05",,,37600,,23000,,26000,
"2021-01-06",,,37600,,22500,,26000,
"2021-01-07",,,37600,,21000,,26000,
"2021-01-08",,,37600,,19800,,26000,
"2021-01-11",,,37600,,19500,,26000,
"2021-01-12",,,37600,,18900,,26000,
"2021-01-13",,,37600,,17100,,26000,
"2021-01-14",,,37600,,16000,,26000,
"2021-01-15",,,37600,,16600,,26000,
"2021-01-18",,,37600,,18000,,26000,
"2021-01-19",,,37600,,18100,,26000,
"2021-01-20",,,37600,,19000,,26000,
"2021-01-21",,,37600,,20900,,26000,
"2021-01-22",,,37600,,21000,,26000,
"2021-01-25",,,37600,,21800,,26000,
"2021-01-26",,,37600,,20800,,26000,
"2021-01-27",,,37600,,20000,,26000,
"2021-01-28",,,37600,,20100,,26000,
"2021-01-29",,,37600,,19400,,26000,
"2021-02-01",,,37600,,19000,,26000,
"2021-02-02",,,37600,,18900,,26000,
"2021-02-03",,,37600,,19000,,26000,
"2021-02-04",,,37600,,19100,,26000,
"2021-02-05",,,37600,,19000,,26000,
"2021-02-08",,,37600,,19100,,26000,
"2021-02-09",,,37600,,19000,,26000,
"2021-02-10",,,37600,,19100,,26000,
"2021-02-15",,,37600,,19100,,26000,
"2021-02-16",,,37600,,19000,,26000,
"2021-02-17",,,37600,,19000,,26000,
"2021-02-18",,,37600,,18900,,26000,
"2021-02-19",,,37600,,19000,,26000,
"2021-02-22",,,37600,,19000,,26000,
"2021-02-23",,,37600,,19000,,26000,
"2021-02-24",,,37600,,19000,,26000,
"2021-02-25",,,37600,,18950,,26000,
"2021-02-26",,,37600,,18950,,26000,
"2021-03-02",,,37600,,18000,,26000,
"2021-03-03",,,37600,,18400,,26000,
"2021-03-04",,,37600,,18400,,26000,
"2021-03-05",,,37600,,18900,,26000,
"2021-03-08",,,37600,,18900,,26000,
"2021-03-09",,,37600,,18900,,26000,
"2021-03-10",,,37600,,18900,,26000,
"2021-03-11",,,37600,,18900,,26000,
"2021-03-12",,,37600,,18500,,26000,
"2021-03-15",,,37600,,18000,,26000,
"2021-03-16",,,37600,,17800,,26000,
"2021-03-17",,,37600,,18000,,26000,
"2021-03-18",,,37600,,18400,,26000,
"2021-03-19",,,37600,,18300,,26000,
"2021-03-22",,,37600,,18500,,26000,
"2021-03-23",,,37600,,18700,,26000,
"2021-03-24",,,37600,,18900,,26000,
"2021-03-25",,,37600,,18900,,26000,
"2021-03-26",,,37600,,18950,,26000,
"2021-03-29",,,37600,,18900,,26000,
"2021-03-30",,,37600,,18350,,26000,
"2021-03-31",,,37600,,18100,,26000,
"2021-04-01",,,37600,,18000,,26000,
"2021-04-02",,,37600,,17500,,26000,
"2021-04-05",,,37600,,16750,,26000,
"2021-04-06",,,37600,,15400,,26000,
"2021-04-07",,,37600,,16300,,26000,
"2021-04-08",,,37600,,15800,,26000,
"2021-04-09",,,37600,,15000,,26000,
"2021-04-12",,,37600,,14300,,26000,
"2021-04-13",,,37600,,14550,,26000,
"2021-04-14",,,37600,,14550,,26000,
"2021-04-15",,,37600,,15000,,26000,
"2021-04-16",,,37600,,15500,,26000,
"2021-04-19",,,37600,,15700,,26000,
"2021-04-20",,,37600,,16000,,26000,
"2021-04-21",,,37600,,16700,,26000,
"2021-04-22",,,37600,,17050,,26000,
"2021-04-23",,,37600,,17750,,26000,
"2021-04-26",,,37600,,18800,,26000,
"2021-04-27",,,37600,,19900,,26000,
"2021-04-28",,,37600,,19100,,26000,
"2021-04-29",,,37600,,18300,,25000,
"2021-04-30",,,37600,,18300,,25000,
"2021-05-03",,,37600,,17000,,25000,
"2021-05-04",,,37600,,17050,,25000,
"2021-05-06",,,37600,,18300,,25000,
"2021-05-07",,,37600,,18300,,25000,
"2021-05-10",,,37600,,18000,,25000,
"2021-05-11",,,37600,,17950,,25000,
"2021-05-12",,,37600,,17900,,25000,
"2021-05-13",,,37600,,18000,,25000,
"2021-05-14",,,37600,,18000,,25000,
"2021-05-17",,,37600,,17950,,25000,
"2021-05-18",,,37600,,17850,,25000,
"2021-05-20",,,37600,,17800,,25000,
"2021-05-21",,,37600,,17700,,25000,
"2021-05-24",,,37600,,17000,,25000,
"2021-05-25",,,37600,,17000,,25000,
"2021-05-26",,,37600,,17000,,25000,
"2021-05-27",,,37600,,17050,,25000,
"2021-05-28",,,37600,,16950,,25000,
"2021-05-31",,,37600,,17050,,25000,
"2021-06-01",,,37600,,15350,,25000,
"2021-06-02",,,37600,,13850,,25000,
"2021-06-03",,,37600,,13550,,25000,
"2021-06-04",,,37600,,14100,,25000,
"2021-06-07",,,37600,,14100,,25000,
"2021-06-08",,,37600,,14150,,25000,
"2021-06-09",,,37600,,15100,,25000,
"2021-06-10",,,37600,,15500,,25000,
"2021-06-11",,,37600,,15650,,25000,
"2021-06-14",,,37600,,15550,,25000,
"2021-06-15",,,37600,,15450,,25000,
"2021-06-16",15450,,37600,,14400,15450,25000,
"2021-06-17",15450,,37600,,13000,15450,25000,
"2021-06-18",15450,,37600,,11950,15450,25000,
"2021-06-21",15450,15450,37600,,10800,15450,25000,
"2021-06-22",15450,15450,37600,25000,10500,15450,25000,25000
"2021-06-23",15450,15450,37600,25000,11550,15450,25000,25000
"2021-06-24",15450,15450,37600,25000,12700,15450,25000,25000
"2021-06-25",15450,15450,37600,25000,13700,15450,25000,25000
"2021-06-28",15450,15450,37600,25000,15050,15450,25000,25000
"2021-06-29",15450,15450,37600,25000,14700,15450,25000,25000
"2021-06-30",15450,15450,37600,25000,15800,15450,25000,25000
"2021-07-01",15450,15450,37600,25000,16000,15450,25000,25000
"2021-07-02",15450,15450,37600,25000,16100,15450,25000,25000
"2021-07-05",15450,15450,37600,25000,16100,15450,25000,25000
"2021-07-06",15450,15450,37600,25000,16500,15450,25000,25000
"2021-07-07",15450,15450,37600,25000,17300,15450,25000,25000
"2021-07-08",15450,15450,37600,25000,17800,15450,25000,25000
"2021-07-09",15450,15450,37600,25000,19050,15450,25000,25000
"2021-07-12",15450,15450,37600,25000,20000,15450,25000,25000
"2021-07-13",15450,15450,37600,25000,20700,15450,25000,25000
"2021-07-14",15450,15450,37600,25000,21200,15450,25000,25000
"2021-07-15",15450,15450,37600,25000,21300,15450,25000,25000
"2021-07-16",15450,15450,37600,25000,21400,15450,25000,25000
"2021-07-19",15450,15450,37600,25000,21500,15450,25000,25000
"2021-07-20",15450,15450,37600,25000,21400,15450,25000,25000
"2021-07-21",15450,15450,37600,25000,21400,15450,24000,25000
"2021-07-22",15450,15450,37600,25000,21000,15450,24000,25000
"2021-07-23",15450,15450,37600,25000,21100,15450,24000,25000
"2021-07-26",15450,15450,37600,25000,21000,15450,24000,25000
"2021-07-27",15450,15450,37600,25000,21100,15450,23000,25000
"2021-07-28",15450,15450,37600,25000,21200,15450,22000,25000
"2021-07-29",15450,15450,37600,25000,21100,15450,21500,25000
"2021-07-30",15450,15450,37600,25000,21900,15450,21500,25000
"2021-08-02",15450,15450,37600,25000,22100,15450,21500,25000
"2021-08-03",15450,15450,37600,25000,22500,15450,21500,25000
"2021-08-04",15450,15450,37600,25000,22100,15450,21500,25000
"2021-08-05",15450,15450,37600,25000,22400,15450,22000,25000
"2021-08-06",15450,15450,37600,25000,22500,15450,22000,25000
"2021-08-09",15450,15450,37600,25000,22500,15450,22000,25000
"2021-08-10",15450,15450,37600,25000,22500,15450,22000,25000
"2021-08-11",,15450,37600,25000,26400,15450,22500,25000
"2021-08-12",,15450,37600,25000,26000,15450,22100,25000
"2021-08-13",,15450,37600,25000,26000,15450,22500,25000
"2021-08-17",,15450,37600,25000,26000,15450,22500,25000
"2021-08-18",,15450,37600,25000,25600,15450,23000,25000
"2021-08-19",,15450,37600,25000,27000,15450,25000,25000
"2021-08-20",,15450,37600,25000,26100,15450,25000,25000
"2021-08-23",,15450,37600,25000,27000,15450,25000,25000
"2021-08-24",,15450,37600,25000,29400,15450,26500,25000
"2021-08-25",,15450,37600,25000,29500,15450,27000,25000
"2021-08-26",,15450,37600,25000,28300,15450,27500,25000
"2021-08-27",,15450,37600,25000,28200,15450,28000,25000
"2021-08-30",,15450,37600,25000,28400,15450,28000,25000
"2021-08-31",,15450,37600,25000,28000,15450,28000,26000
"2021-09-01",,15450,37600,25000,27700,15450,28000,26000
"2021-09-02",,15450,37600,25000,28000,15450,28000,26000
"2021-09-03",,15450,37600,25000,28000,15450,28000,26000
"2021-09-06",,15450,37600,25000,28000,15450,28000,26000
"2021-09-07",,15450,37600,25000,28500,15450,28000,26000
"2021-09-08",,15450,37600,25000,29000,15450,28000,28000
"2021-09-09",,15450,37600,27500,30000,15450,28000,28000
"2021-09-10",,15450,37600,27500,28500,15450,28000,28500
"2021-09-13",,15450,37600,27500,28200,15450,28000,28500
"2021-09-14",,15450,37600,27500,28200,15450,28000,28500
"2021-09-15",,15450,37600,27500,28500,15450,28000,28500
"2021-09-16",,15450,37600,27500,28500,15450,28500,28500
"2021-09-17",,15450,37600,27800,28400,15450,28400,28500
"2021-09-23",,15450,37600,27800,29000,15450,28000,28500
"2021-09-24",,15450,37600,27800,29200,15450,28400,28500
"2021-09-27",,15450,37600,27800,29100,15450,28500,28500
"2021-09-28",,15450,37600,27800,29750,15450,28700,28500
"2021-09-29",,15450,37600,27800,29750,15450,28800,28500
"2021-09-30",,15450,37600,27800,30500,15450,28800,28500
"2021-10-01",,15450,37600,27800,31000,15450,29000,28500
"2021-10-05",,15450,37600,27800,31000,15450,29200,28500
"2021-10-06",,15450,37600,27800,30000,15450,29500,28500
"2021-10-07",,15450,37600,27800,29600,15450,29200,28500
"2021-10-08",,15450,37600,27800,30100,15450,29400,28500
"2021-10-12",,15450,37600,27800,30100,15450,29400,29000
"2021-10-13",,15450,37600,29000,29600,15450,29400,29000
"2021-10-14",,15450,37600,29000,30100,15450,29500,29000
"2021-10-15",,15450,37600,29000,30200,15450,29000,29000
"2021-10-18",,15450,37600,29000,30400,15450,29100,29000
"2021-10-19",,15450,37600,29000,30650,15450,29200,29000
"2021-10-20",,15450,37600,29000,30600,15450,29200,29000
"2021-10-21",,15450,37600,29000,30900,15450,29000,29000
"2021-10-22",,15450,37600,29000,30450,15450,29000,29000
"2021-10-25",,15450,37600,29000,30100,15450,29200,28900
"2021-10-26",,15450,37600,29000,30300,15450,29200,29000
"2021-10-27",,15450,37600,29000,30200,15450,29200,29000
"2021-10-28",,15450,37600,29000,29950,15450,29100,29000
"2021-10-29",,15450,37600,29000,30400,15450,29100,29000
"2021-11-01",,15450,37600,29000,30600,15450,29300,29000
"2021-11-02",,15450,37600,29000,30800,15450,29000,29000
"2021-11-03",,15450,37600,29000,30900,15450,29000,29000
"2021-11-04",,15450,37600,29000,31000,15450,29000,29000
"2021-11-05",,15450,37600,29000,31200,15450,29000,29000
"2021-11-08",,15450,37600,29000,31500,15450,29200,29000
"2021-11-09",,15450,37600,29000,31900,15450,29200,29000
"2021-11-10",,15450,37600,29000,32100,15450,29200,29000
"2021-11-11",,15450,37600,29000,32700,15450,29400,29000
"2021-11-12",,15450,37600,29000,33100,15450,29300,29000
"2021-11-15",,15450,37600,29000,34100,15450,29300,29000
"2021-11-16",,15450,37600,29000,33600,15450,29500,29000
"2021-11-17",,15450,37600,29300,33000,15450,30500,29500
"2021-11-18",,15450,37600,30000,31900,15450,30000,29500
"2021-11-19",,15450,37600,30000,30000,15450,30000,29500
"2021-11-22",,15450,37600,30000,30100,15450,30000,29800
"2021-11-23",,15450,37600,30100,30000,15450,30200,30100
"2021-11-24",,15450,37600,30100,32000,15450,30600,31000
"2021-11-25",,15450,37600,30100,33200,15450,30600,31500
"2021-11-26",,15450,37600,31000,33400,15450,30600,31500
"2021-11-29",,15450,37600,31000,33550,15450,30700,31500
"2021-11-30",,15450,37600,31000,33600,15450,30600,31500
"2021-12-01",,15450,37600,31000,32400,15450,30600,31500
"2021-12-02",,15450,37600,31000,32400,15450,30600,31500
"2021-12-03",,15450,37600,31000,32400,15450,30600,31500
"2021-12-06",,15450,37600,31000,32200,15450,30600,31500
"2021-12-07",,15450,37600,31000,32500,15450,30600,31500
"2021-12-08",,15450,37600,31500,33300,15450,31500,31600
"2021-12-09",,15450,37600,31500,34100,15450,32000,31700
"2021-12-10",,15450,37600,31500,34900,15450,32000,31700
"2021-12-13",,15450,37600,31500,34900,15450,32000,31800
"2021-12-14",,15450,37600,31500,34900,15450,32100,32000
"2021-12-15",,15450,37600,31800,35000,15450,32100,32000
"2021-12-16",,15450,37600,32000,34000,15450,32500,32200
"2021-12-17",,15450,37600,33000,35000,15450,32500,33000
"2021-12-20",,15450,37600,33000,35250,15450,33500,33500
"2021-12-21",,15450,37600,33000,35350,15450,34000,33500
"2021-12-22",,15450,37600,33000,35100,15450,35100,34000
"2021-12-23",,15450,37600,33500,35100,15450,34500,34000
"2021-12-24",,15450,37600,33500,35000,15450,34500,34000
"2021-12-27",,15450,37600,33500,34900,15450,34500,34500
"2021-12-28",,15450,37600,34000,35000,15450,34500,34600
"2021-12-29",,15450,37600,34000,35050,15450,34500,34800
"2021-12-30",,15450,37600,34000,35100,15450,34500,34600
"2022-01-03",,15450,37600,34000,35100,15450,34500,34600
"2022-01-04",,15450,37600,34000,35100,15450,34500,34600
"2022-01-05",,15450,37600,34000,35050,15450,34500,35500
"2022-01-06",,15450,37600,34000,35300,15450,34500,35500
"2022-01-07",,15450,37600,34000,35400,15450,34500,35500
"2022-01-10",,15450,37600,34000,35300,15450,34500,35500
"2022-01-11",,15450,37600,34000,35400,15450,34500,35500
"2022-01-12",,15450,37600,34000,35400,15450,34500,35500
"2022-01-13",,15450,37600,34000,35400,15450,34500,35500
"2022-01-14",,15450,37600,34000,35350,15450,35000,35500
"2022-01-17",,15450,37600,34000,35250,15450,35000,35500
"2022-01-18",,15450,37600,35000,35200,15450,35000,35500
"2022-01-19",,15450,37600,35000,35000,15450,35000,35500
"2022-01-20",,15450,37600,35000,35100,15450,35000,35500
"2022-01-21",,15450,37600,35000,35000,15450,35000,35500
"2022-01-24",,15450,37600,35000,34950,15450,35000,35500
"2022-01-25",,15450,37600,35000,34950,15450,35000,35500
"2022-01-26",,15450,37600,35000,35000,15450,35000,35500
"2022-01-27",,15450,37600,35000,34850,15450,35000,35500
"2022-01-28",,15450,37600,35000,34950,15450,35000,35500
"2022-02-03",,15450,37600,35000,34950,15450,35000,35500
"2022-02-04",,15450,37600,35000,34900,15450,34900,35500
"2022-02-07",,15450,37600,35000,34800,15450,34900,35500
"2022-02-08",,15450,37600,35000,34650,15450,34900,35500
"2022-02-09",,15450,37600,35000,34300,15450,34900,35500
"2022-02-10",,15450,37600,35000,33600,15450,34900,35000
"2022-02-11",,15450,37600,35000,33600,15450,34900,35000
"2022-02-14",,15450,37600,35000,33300,15450,34900,35000
"2022-02-15",,15450,37600,35000,31800,15450,34900,35000
"2022-02-16",,15450,37600,35000,30500,15450,34900,35000
"2022-02-17",,15450,37600,35000,30000,15450,34900,35000
"2022-02-18",,15450,37600,35000,29900,15450,34900,35000
"2022-02-21",,15450,37600,35000,30000,15450,34900,35000
"2022-02-22",,15450,37600,35000,30000,15450,34900,35000
"2022-02-23",,15450,37600,35000,29950,15450,34900,35000
"2022-02-24",,15450,37600,35000,30000,15450,34900,35000
"2022-02-25",,15450,37600,35000,30100,15450,34900,32500
"2022-02-28",,15450,37600,35000,30200,15450,34900,32500
"2022-03-02",,15450,37600,35000,30100,15450,34900,32500
"2022-03-03",,15450,37600,32000,29800,15450,34900,30000
"2022-03-04",,15450,37600,30500,29700,15450,34900,30000
"2022-03-07",,15450,37600,30500,28800,15450,34900,30000
"2022-03-08",,15450,37600,,27900,15450,32000,
"2022-03-10",,15450,37600,30500,26800,15450,31000,30000
"2022-03-11",,15450,37600,30000,26400,15450,31000,30000
"2022-03-14",,15450,37600,30000,26200,16950,30000,30000
"2022-03-15",,15450,37600,30000,25700,18600,30000,30000
"2022-03-16",,15450,37600,30000,24850,20450,30000,30000
"2022-03-17",,15450,37600,30000,23700,22450,29800,30000
"2022-03-18",,15450,37600,30000,21350,22450,29800,30000
"2022-03-21",,15450,37600,30000,19250,20250,29800,30000
"2022-03-22",,15450,37600,30000,20400,20250,29800,30000
"2022-03-23",,15450,37600,30000,20800,20250,29800,30000
"2022-03-24",,15450,37600,30000,22700,20250,29800,30000
"2022-03-25",,15450,37600,30000,23250,20250,29800,30000
"2022-03-28",,15450,37600,30000,23400,20250,29800,30000
"2022-03-29",,15450,37600,30000,23500,20250,29800,30000
"2022-03-30",,,,,23400,20250,,
"2022-03-31",,,,,23000,20250,,
"2022-04-01",,,,,22800,20250,,
"2022-04-04",,,,,21400,20250,,
"2022-04-05",,,,,21000,20250,,
"2022-04-06",,,,,21000,20250,,
"2022-04-07",,,,,21100,20250,,
"2022-04-08",,,,,20900,20250,,
"2022-04-11",,,,,21000,20250,,
"2022-04-12",,,,,21200,20250,,
"2022-04-13",,,,,21000,20250,,
"2022-04-14",,,,,21000,20250,,
"2022-04-15",,,,,20950,20250,,
"2022-04-18",,,,,21000,20250,,
"2022-04-19",,,,,21050,20250,,
"2022-04-20",,,,,20800,20250,,
"2022-04-21",,,,,20600,20250,,
"2022-04-22",,,,,20900,20250,,
"2022-04-25",,,,,20900,20250,,
"2022-04-26",,,,,20450,20250,,
"2022-04-27",,,,,20000,20250,,
"2022-04-28",,,,,20200,20250,,
"2022-04-29",,,,,20550,20250,,
"2022-05-02",,,,,20450,20250,,
"2022-05-03",,,,,20450,20250,,
"2022-05-04",,,,,20000,20250,,
"2022-05-06",,,,,20600,20250,,
"2022-05-09",,,,,20500,20250,,
"2022-05-10",,,,,20400,20250,,
"2022-05-11",,,,,20400,20250,,
"2022-05-12",,,,,20300,20250,,
"2022-05-13",,,,,20000,20250,,
"2022-05-16",,,,,20000,20250,,
"2022-05-17",,,,,21050,20250,,
"2022-05-18",,,,,20400,20250,,
"2022-05-19",,,,,20500,20250,,
"2022-05-20",,,,,20600,20250,,
"2022-05-23",,,,,20750,20250,,
"2022-05-24",,,,,21150,20250,,
"2022-05-25",,,,,21600,20250,,
"2022-05-26",,,,,22450,20250,,
"2022-05-27",,,,,22400,20250,,
"2022-05-30",,,,,22550,20250,,
"2022-05-31",,,,,22400,20250,,
"2022-06-02",,,,,20200,20250,,
"2022-06-03",,,,,20000,20250,,
"2022-06-07",,,,,19900,20250,,
"2022-06-08",,,,,18200,20250,,
"2022-06-09",,,,,16400,20250,,
"2022-06-10",,,,,14800,20250,,
"2022-06-13",,,,,13350,20250,,
"2022-06-14",,,,,13500,20250,,
"2022-06-15",,,,,14850,20250,,
"2022-06-16",,,,,16300,20250,,
"2022-06-17",,,,,17900,20250,,
"2022-06-20",,,,,19650,20250,,
"2022-06-21",,,,,21000,20250,,
"2022-06-22",,,,,18900,20250,,
"2022-06-23",,,,,17050,20250,,
"2022-06-24",,,,,16700,20250,,
"2022-06-27",,,,,17950,20250,,
"2022-06-28",,,,,18900,20250,,
"2022-06-29",,,,,20550,20250,,
"2022-06-30",,,,,20800,20250,,
"2022-07-01",,,,,20550,20250,,
"2022-07-04",,,,,21000,20250,,
"2022-07-05",,,,,21000,20250,,
"2022-07-06",,,,,22750,20250,,
"2022-07-07",,,,,25000,20250,,
"2022-07-08",,,,,25000,20250,,
"2022-07-11",,,,,25000,20250,,
"2022-07-12",,,,,25000,20250,,
"2022-07-13",,,,,26000,20250,,
"2022-07-14",,,,,26000,20250,,
"2022-07-15",,,,,26000,20250,,
"2022-07-18",,,,,26000,20250,,
"2022-07-19",,,,,25000,20250,,
"2022-07-20",,,,,26000,20250,,
"2022-07-21",,,,,26000,20250,,
"2022-07-22",,,,,26000,20250,,
"2022-07-25",,,,,26000,20250,,
"2022-07-26",,,,,27000,20250,,
"2022-07-27",,,,,27500,20250,,
"2022-07-28",,,,,28900,20250,,
"2022-07-29",,,,,29000,20250,,
"2022-08-01",,,,,29000,20250,,
"2022-08-02",,,,,27500,20250,,
"2022-08-03",,,,,29000,20250,,
"2022-08-04",,,,,28200,20250,,
"2022-08-05",,,,,28000,20250,,
"2022-08-08",,,,,28000,20250,,
"2022-08-09",,,,,27950,20250,,
"2022-08-10",,,,,27900,20250,,
"2022-08-11",,,,,27000,22250,,
"2022-08-12",,,,,27200,24450,,
"2022-08-16",,,,,27300,26850,,
"2022-08-17",,,,,27400,26850,,
"2022-08-18",,,,,27400,26850,,
"2022-08-19",,,,,27700,26850,,
"2022-08-22",,,,,27700,26850,,
"2022-08-23",,,,,27100,26850,,
"2022-08-24",,,,,27100,26850,,
"2022-08-25",,,,,27100,26850,,
"2022-08-26",,,,,27300,26850,,
"2022-08-29",,,,,27300,26850,,
"2022-08-30",,,,,27650,26850,,
"2022-08-31",,,,,27750,26850,,
"2022-09-01",,,,,27600,26850,,
"2022-09-02",,,,,27500,26850,,
"2022-09-05",,,,,27000,26850,,
"2022-09-06",,,,,27100,26850,,
"2022-09-07",,,,,27100,26850,,
"2022-09-08",,,,,27100,26850,,
"2022-09-13",,,,,27100,26850,,
"2022-09-14",,,,,27050,26850,,
"2022-09-15",,,,,27000,26850,,
"2022-09-16",,,,,26900,26850,,
"2022-09-19",,,,,25450,26850,,
"2022-09-20",,,,,24000,26850,,
"2022-09-21",,,,,23200,26850,,
"2022-09-22",,,,,22400,26850,,
"2022-09-23",,,,,22250,26850,,
"2022-09-26",,,,,23000,26850,,
"2022-09-27",,,,,24100,26850,,
"2022-09-28",,,,,25000,26850,,
"2022-09-29",,,,,25000,26850,,
"2022-09-30",,,,,27500,26850,,
"2022-10-04",,,,,25700,26850,,
"2022-10-05",,,,,25400,26850,,
"2022-10-06",,,,,25200,26850,,
"2022-10-07",,,,,25200,26850,,
"2022-10-11",,,,,24700,26850,,
"2022-10-12",,,,,23000,26850,,
"2022-10-13",,,,,23300,26850,,
"2022-10-14",,,,,23700,26850,,
"2022-10-17",,,,,23300,26850,,
"2022-10-18",,,,,22800,26850,,
"2022-10-19",,,,,21800,26850,,
"2022-10-20",,,,,22500,26850,,
"2022-10-21",,,,,20950,26850,,
"2022-10-24",,,,,21950,26850,,
"2022-10-25",,,,,21300,26850,,
"2022-10-26",,,,,21350,26850,,
"2022-10-27",,,,,21250,26850,,
"2022-10-28",,,,,21450,26850,,
"2022-10-31",,,,,21100,26850,,
"2022-11-01",,,,,21300,26850,,
"2022-11-02",,,,,21100,26850,,
"2022-11-03",,,,,20800,26850,,
"2022-11-04",,,,,20000,26850,,
"2022-11-07",,,,,20000,26850,,
"2022-11-08",,,,,19500,26850,,
"2022-11-09",,,,,19500,26850,,
"2022-11-10",,,,,19400,26850,,
"2022-11-11",,,,,19150,26850,,
"2022-11-14",,,,,19300,26850,,
"2022-11-15",,,,,19150,25500,,
"2022-11-16",,,,,19000,25500,,
"2022-11-17",,,,,18650,25500,,
"2022-11-18",,,,,18300,25500,,
"2022-11-21",,,,,17800,25500,,
"2022-11-22",,,,,16900,25500,,
"2022-11-23",,,,,17000,25500,,
"2022-11-24",,,,,15850,25500,,
"2022-11-25",,,,,16600,25500,,
"2022-11-28",,,,,16500,25500,,
"2022-11-29",,,,,16200,25500,,
"2022-11-30",,,,,16050,25500,,
"2022-12-01",,,,,16000,25500,,
"2022-12-02",,,,,15950,25500,,
"2022-12-05",,,,,15700,25500,,
"2022-12-06",,,,,15500,25500,,
"2022-12-07",,,,,15300,25500,,
"2022-12-08",,,,,14950,25500,,
"2022-12-09",,,,,15200,25500,,
"2022-12-12",,,,,15000,25500,,
"2022-12-13",,,,,15000,25500,,
"2022-12-14",,,,,14800,25500,,
"2022-12-15",,,,,14700,25500,,
"2022-12-16",,,,,14500,25000,,
"2022-12-19",,,,,14000,22500,,
"2022-12-20",,,,,13200,20250,,
"2022-12-21",,,,,12900,18250,,
"2022-12-22",,,,,12800,16450,,
"2022-12-23",,,,,14000,14850,,
"2022-12-26",,,,,14000,14850,,
"2022-12-27",,,,,15000,14000,,
"2022-12-28",,,,,16400,14000,,
"2022-12-29",,,,,16000,14000,,
"2023-01-02",,,,,16800,14000,,
"2023-01-03",,,,,15650,14000,,
"2023-01-04",,,,,14600,14000,,
"2023-01-05",,,,,13300,14000,,
"2023-01-06",,,,,13150,14000,,
"2023-01-09",,,,,13300,14000,,
"2023-01-10",,,,,13200,14000,,
"2023-01-11",,,,,14500,14000,,
"2023-01-12",,,,,15600,14000,,
"2023-01-13",,,,,15850,14000,,
"2023-01-16",,,,,14700,14000,,
"2023-01-17",,,,,15250,14000,,
"2023-01-18",,,,,14500,14000,,
"2023-01-19",,,,,14150,14000,,
"2023-01-20",,,,,14500,14000,,
"2023-01-25",,,,,14500,14000,,
"2023-01-26",,,,,14100,14000,,
"2023-01-27",,,,,14850,14000,,
"2023-01-30",,,,,15000,14000,,
"2023-01-31",,,,,14800,14000,,
"2023-02-01",,,,,14750,14000,,
"2023-02-02",,,,,14100,14000,,
"2023-02-03",,,,,14000,14000,,
"2023-02-06",,,,,13850,14000,,
"2023-02-07",,,,,13200,14000,,
"2023-02-08",,,,,13000,14000,,
"2023-02-09",,,,,13300,14000,,
"2023-02-10",,,,,12900,14000,,
"2023-02-13",,,,,12900,14000,,
"2023-02-14",,,,,12850,14000,,
"2023-02-15",,,,,12800,14000,,
"2023-02-16",,,,,12800,14000,,
"2023-02-17",,,,,12750,14000,,
"2023-02-20",,,,,12800,14000,,
"2023-02-21",,,,,12800,14000,,
"2023-02-22",,,,,12800,14000,,
"2023-02-23",,,,,12850,14000,,
"2023-02-24",,,,,12700,14000,,
"2023-02-27",,,,,12600,14000,,
"2023-02-28",,,,,12800,14000,,
"2023-03-02",,,,,12950,14000,,
"2023-03-03",,,,,13000,14000,,
"2023-03-06",,,,,12950,14000,,
"2023-03-07",,,,,12950,14000,,
"2023-03-08",,,,,13100,14000,,
"2023-03-09",,,,,13100,14000,,
"2023-03-10",,,,,13200,14000,,
"2023-03-13",,,,,13050,14000,,
"2023-03-14",,,,,13400,14000,,
"2023-03-15",,,,,13450,14000,,
"2023-03-16",,,,,13800,14000,,
"2023-03-17",,,,,14400,14000,,
"2023-03-20",,,,,14450,14000,,
"2023-03-21",,,,,13700,14000,,
"2023-03-22",,,,,12500,14000,,
"2023-03-23",,,,,12600,14000,,
"2023-03-24",,,,,13300,14000,,
"2023-03-27",,,,,13400,14000,,
"2023-03-28",,,,,13650,14000,,
"2023-03-29",,,,,13850,14000,,
"2023-03-30",,,,,13900,14000,,
"2023-03-31",,,,,14650,14000,,
"2023-04-03",,,,,13950,14000,,
"2023-04-04",,,,,13500,14000,,
"2023-04-05",,,,,13550,14000,,
"2023-04-06",,,,,13600,14000,,
"2023-04-07",,,,,13650,14000,,
"2023-04-10",,,,,13600,13100,,
"2023-04-11",,,,,13450,13100,,
"2023-04-12",,,,,13300,13100,,
"2023-04-13",,,,,12800,13100,,
"2023-04-14",,,,,12900,13100,,
"2023-04-17",,,,,13000,13100,,
"2023-04-18",,,,,12900,13100,,
"2023-04-19",,,,,13000,13100,,
"2023-04-20",,,,,12900,13000,,
"2023-04-21",,,,,13000,12700,,
"2023-04-24",,,,,12950,12300,,
"2023-04-25",,,,,12700,12300,,
"2023-04-26",,,,,12450,11600,,
"2023-04-27",,,,,11250,10900,,
"2023-04-28",,,,,11250,10500,,
"2023-05-02",,,,,11600,10000,,
"2023-05-03",,,,,11650,9000,,
"2023-05-04",,,,,11700,8900,,
"2023-05-08",,,,,12400,8900,,
"2023-05-09",,,,,12450,8900,,
"2023-05-10",,,,,12600,9120,,
"2023-05-11",,,,,12400,8210,,
"2023-05-12",,,,,13000,8210,,
"2023-05-15",,,,,12800,8210,,
"2023-05-16",,,,,12700,8210,,
"2023-05-17",,,,,12400,8210,,
"2023-05-18",,,,,12400,8210,,
"2023-05-19",,,,,12300,8210,,
"2023-05-22",,,,,12000,8210,,
"2023-05-23",,,,,11750,8210,,
"2023-05-24",,,,,11500,8210,,
"2023-05-25",,,,,11200,8210,,
"2023-05-26",,,,,11350,8210,,
"2023-05-30",,,,,11500,8210,,
"2023-05-31",,,,,11900,8210,,
"2023-06-01",,,,,11900,8210,,
"2023-06-02",,,,,12000,8210,,
"2023-06-05",,,,,12000,8210,,
"2023-06-07",,,,,11950,8210,,
"2023-06-08",,,,,11900,8210,,
"2023-06-09",,,,,11850,8210,,
"2023-06-12",,,,,11750,8210,,
"2023-06-13",,,,,11800,8210,,
"2023-06-14",,,,,11800,8210,,
"2023-06-15",,,,,11700,8210,,
"2023-06-16",,,,,11700,8210,,
"2023-06-19",,,,,11550,8210,,
"2023-06-20",,,,,11250,8210,,
"2023-06-21",,,,,11000,8300,,
"2023-06-22",,,,,10700,8300,,
"2023-06-23",,,,,10600,8500,,
"2023-06-26",,,,,10600,8500,,
"2023-06-27",,,,,10200,8500,,
"2023-06-28",,,,,10950,8500,,
"2023-06-29",,,,,10750,8210,,
"2023-06-30",,,,,10300,8210,,
"2023-07-03",,,,,10000,8210,,
"2023-07-04",,,,,10000,8210,,
"2023-07-05",,,,,10000,8210,,
"2023-07-06",,,,,10000,8210,,
"2023-07-07",,,,,10000,8210,,
"2023-07-10",,,,,10500,8210,,
"2023-07-11",,,,,10500,8210,,
"2023-07-12",,,,,10500,8210,,
"2023-07-13",,,,,10550,8210,,
"2023-07-14",,,,,10550,8210,,
"2023-07-17",,,,,10600,8210,,
"2023-07-18",,,,,10600,8210,,
"2023-07-19",,,,,10600,8210,,
"2023-07-20",,,,,10600,8210,,
"2023-07-21",,,,,10600,8210,,
"2023-07-24",,,,,10600,8210,,
"2023-07-25",,,,,10600,8210,,
"2023-07-26",,,,,10600,8210,,
"2023-07-27",,,,,10600,8210,,
"2023-07-28",,,,,10800,8210,,
"2023-07-31",,,,,10800,8210,,
"2023-08-01",,,,,10800,8210,,
"2023-08-02",,,,,10600,8210,,
"2023-08-03",,,,,10600,8210,,
"2023-08-04",,,,,10600,8210,,
"2023-08-07",,,,,9740,8210,,
"2023-08-08",,,,,9000,8210,,
"2023-08-09",,,,,8100,8210,,
"2023-08-10",,,,,7700,8210,,
"2023-08-11",,,,,7750,8210,,
"2023-08-14",,,,,8000,8210,,
"2023-08-16",,,,,8000,8210,,
"2023-08-17",,,,,7700,8210,,
"2023-08-18",,,,,7700,8210,,
"2023-08-21",,,,,7500,8210,,
"2023-08-22",,,,,7500,8210,,
"2023-08-23",,,,,7390,8210,,
"2023-08-24",,,,,7350,8210,,
"2023-08-25",,,,,7250,8210,,
"2023-08-28",,,,,7200,8210,,
"2023-08-29",,,,,7230,8210,,
"2023-08-30",,,,,7640,8210,,
"2023-08-31",,,,,7750,8210,,
"2023-09-01",,,,,7750,5850,,
"2023-09-04",,,,,7700,5850,,
"2023-09-05",,,,,7640,5850,,
"2023-09-06",,,,,7770,5850,,
"2023-09-07",,,,,7990,5850,,
"2023-09-08",,,,,8000,5850,,
"2023-09-11",,,,,8150,5850,,
"2023-09-12",,,,,8300,5850,,
"2023-09-13",,,,,9100,5850,,
"2023-09-14",,,,,10000,5850,,
"2023-09-15",,,,,11000,6430,,
"2023-09-18",,,,,12100,6430,,
"2023-09-19",,,,,13300,7070,,
"2023-09-20",,,,,14600,7500,,
"2023-09-21",,,,,13900,7500,,
"2023-09-22",,,,,12900,7500,,
"2023-09-25",,,,,12800,7500,,
"2023-09-26",,,,,12850,7500,,
"2023-09-27",,,,,12900,7500,,
"2023-10-04",,,,,14000,7500,,
"2023-10-05",,,,,12600,7500,,
"2023-10-06",,,,,11700,7500,,
"2023-10-10",,,,,11600,7500,,
"2023-10-11",,,,,10850,7500,,
"2023-10-12",,,,,11000,7500,,
"2023-10-13",,,,,11950,7500,,
"2023-10-16",,,,,11800,7500,,
"2023-10-17",,,,,11700,7500,,
"2023-10-18",,,,,12000,7500,,
"2023-10-19",,,,,12000,7500,,
"2023-10-20",,,,,11800,7500,,
"2023-10-23",,,,,11800,7500,,
"2023-10-24",,,,,11600,7500,,
"2023-10-25",,,,,11400,7500,,
"2023-10-26",,,,,11300,7500,,
"2023-10-27",,,,,11300,7500,,
"2023-10-30",,,,,11500,7500,,
"2023-10-31",,,,,11000,7500,,
"2023-11-01",,,,,11000,7500,,
"2023-11-02",,,,,11000,7500,,
"2023-11-03",,,,,10900,7500,,
"2023-11-06",,,,,10900,7500,,
"2023-11-07",,,,,10350,7500,,
"2023-11-08",,,,,10000,7500,,
"2023-11-09",,,,,10450,7500,,
"2023-11-10",,,,,10050,7500,,
"2023-11-13",,,,,10000,7500,,
"2023-11-14",,,,,9950,7500,,
"2023-11-15",,,,,9900,7500,,
"2023-11-16",,,,,9650,7500,,
"2023-11-17",,,,,9550,7500,,
"2023-11-20",,,,,9400,7500,,
"2023-11-21",,,,,8930,7500,,
"2023-11-22",,,,,8130,7500,,
"2023-11-23",,,,,7900,7500,,
"2023-11-24",,,,,8440,7500,,
"2023-11-27",,,,,7950,7500,,
"2023-11-28",,,,,7750,7500,,
"2023-11-29",,,,,8200,7500,,
"2023-11-30",,,,,8490,7500,,
"2023-12-01",,,,,8500,7500,,
"2023-12-04",,,,,8780,7500,,
"2023-12-05",,,,,8780,7500,,
"2023-12-06",,,,,9500,7500,,
"2023-12-07",,,,,10450,7500,,
"2023-12-08",,,,,10000,7500,,
"2023-12-11",,,,,9000,7500,,
"2023-12-12",,,,,9080,7500,,
"2023-12-13",,,,,9540,7500,,
"2023-12-14",,,,,9670,7500,,
"2023-12-15",,,,,9450,7500,,
"2023-12-18",,,,,9440,7500,,
"2023-12-19",,,,,9000,7500,,
"2023-12-20",,,,,8600,7500,,
"2023-12-21",,,,,8300,7500,,
"2023-12-22",,,,,8090,7500,,
"2023-12-26",,,,,8270,7500,,
"2023-12-27",,,,,8200,7500,,
"2023-12-28",,,,,9020,7500,,
"2024-01-02",,,,,9350,7500,,
"2024-01-03",,,,,8730,7500,,
"2024-01-04",,,,,8900,7500,,
"2024-01-05",,,,,8490,7500,,
"2024-01-08",,,,,8160,7500,,
"2024-01-09",,,,,8030,7500,,
"2024-01-10",,,,,8250,7500,,
"2024-01-11",,,,,8460,7500,,
"2024-01-12",,,,,8680,7500,,
"2024-01-15",,,,,8520,7500,,
"2024-01-16",,,,,8620,7500,,
"2024-01-17",,,,,8930,7500,,
"2024-01-18",,,,,9000,7500,,
"2024-01-19",,,,,9020,7500,,
"2024-01-22",,,,,9070,7500,,
"2024-01-23",,,,,9070,7500,,
"2024-01-24",,,,,8990,7500,,
"2024-01-25",,,,,8800,7500,,
"2024-01-26",,,,,8990,7500,,
"2024-01-29",,,,,8920,7500,,
"2024-01-30",,,,,8920,7500,,
"2024-01-31",,,,,9200,7500,,
"2024-02-01",,,,,9150,7500,,
"2024-02-02",,,,,8970,7500,,
"2024-02-05",,,,,9030,7500,,
"2024-02-06",,,,,9030,7500,,
"2024-02-07",,,,,9110,7500,,
"2024-02-08",,,,,9100,7500,,
"2024-02-13",,,,,9100,7500,,
"2024-02-14",,,,,9120,7500,,
"2024-02-15",,,,,9140,7500,,
"2024-02-16",,,,,9130,7500,,
"2024-02-19",,,,,9150,7500,,
"2024-02-20",,,,,9120,7500,,
"2024-02-21",,,,,9130,7500,,
"2024-02-22",,,,,9140,7500,,
"2024-02-23",,,,,9130,7500,,
"2024-02-26",,,,,9130,7500,,
"2024-02-27",,,,,9100,7500,,
"2024-02-28",,,,,9140,7500,,
"2024-02-29",,,,,9140,7500,,
"2024-03-04",,,,,9090,7500,,
"2024-03-05",,,,,9100,7500,,
"2024-03-06",,,,,9100,7500,,
"2024-03-07",,,,,9090,7500,,
"2024-03-08",,,,,9090,7500,,
"2024-03-11",,,,,9100,7500,,
"2024-03-12",,,,,9090,7500,,
"2024-03-13",,,,,9100,7500,,
"2024-03-14",,,,,9100,7500,,
"2024-03-15",,,,,9100,7500,,
"2024-03-18",,,,,9100,7500,,
"2024-03-19",,,,,9050,7500,,
"2024-03-20",,,,,9030,7500,,
"2024-03-21",,,,,9020,7500,,
"2024-03-22",,,,,8910,7500,,
"2024-03-25",,,,,8690,7500,,
"2024-03-26",,,,,8420,7500,,
"2024-03-27",,,,,8100,7500,,
"2024-03-28",,,,,8100,7500,,
"2024-03-29",,,,,8130,7500,,
"2024-04-01",,,,,8160,7500,,
"2024-04-02",,,,,8200,7500,,
"2024-04-03",,,,,8220,7500,,
"2024-04-04",,,,,8240,7500,,
"2024-04-05",,,,,8490,7500,,
"2024-04-08",,,,,8560,7500,,
"2024-04-09",,,,,8700,7500,,
"2024-04-11",,,,,8850,7500,,
"2024-04-12",,,,,9100,7500,,
"2024-04-15",,,,,8990,7500,,
"2024-04-16",,,,,9000,7500,,
"2024-04-17",,,,,8900,7500,,
"2024-04-18",,,,,8750,7500,,
"2024-04-19",,,,,8750,7500,,
"2024-04-22",,,,,8650,7500,,
"2024-04-23",,,,,8650,7500,,
"2024-04-24",,,,,8530,7500,,
"2024-04-25",,,,,8520,7500,,
"2024-04-26",,,,,8660,7500,,
"2024-04-29",,,,,8710,7500,,
"2024-04-30",,,,,8760,7500,,
"2024-05-02",,,,,8750,7500,,
"2024-05-03",,,,,8730,7500,,
"2024-05-07",,,,,8780,7500,,
"2024-05-08",,,,,8730,7500,,
"2024-05-09",,,,,8790,7500,,
"2024-05-10",,,,,8830,7500,,
"2024-05-13",,,,,8850,7500,,
"2024-05-14",,,,,8810,7500,,
"2024-05-16",,,,,8870,7500,,
"2024-05-17",,,,,8950,7500,,
"2024-05-20",,,,,8900,7500,,
"2024-05-21",,,,,8880,7500,,
"2024-05-22",,,,,8850,7500,,
"2024-05-23",,,,,8860,7500,,
"2024-05-24",,,,,8870,7500,,
"2024-05-27",,,,,8880,7500,,
"2024-05-28",,,,,8870,7500,,
"2024-05-29",,,,,8860,7500,,
"2024-05-30",,,,,8900,7500,,
"2024-05-31",,,,,8890,7500,,
"2024-06-03",,,,,8850,7500,,
"2024-06-04",,,,,8640,7500,,
"2024-06-05",,,,,8600,7500,,
"2024-06-07",,,,,8640,7500,,
"2024-06-10",,,,,8650,7500,,
"2024-06-11",,,,,8680,7500,,
"2024-06-12",,,,,8670,7500,,
"2024-06-13",,,,,8710,7500,,
"2024-06-14",,,,,8760,7500,,
"2024-06-17",,,,,8820,7500,,
"2024-06-18",,,,,8850,7500,,
"2024-06-19",,,,,8910,7500,,
"2024-06-20",,,,,8900,7500,,
"2024-06-21",,,,,8940,7500,,
"2024-06-24",,,,,8920,7500,,
"2024-06-25",,,,,8930,7500,,
"2024-06-26",,,,,8950,7500,,
"2024-06-27",,,,,8950,7500,,
"2024-06-28",,,,,8950,7500,,
"2024-07-01",,,,,8900,7500,,
"2024-07-02",,,,,8900,7500,,
"2024-07-03",,,,,8900,7500,,
"2024-07-04",,,,,8900,7500,,
"2024-07-05",,,,,8900,7500,,
"2024-07-08",,,,,8900,7500,,
"2024-07-09",,,,,8900,7500,,
"2024-07-10",,,,,8900,7500,,
"2024-07-11",,,,,8900,7500,,
"2024-07-12",,,,,8900,7500,,
"2024-07-15",,,,,8900,7500,,
"2024-07-16",,,,,8900,7500,,
"2024-07-17",,,,,8900,7500,,
"2024-07-18",,,,,8900,7500,,
"2024-07-19",,,,,8900,7500,,
"2024-07-22",,,,,8900,7500,,
"2024-07-23",,,,,8900,7500,,
"2024-07-24",,,,,8900,7500,,
"2024-07-25",,,,,8900,7500,,
"2024-07-26",,,,,8900,7500,,
"2024-07-29",,,,,8900,7500,,
"2024-07-30",,,,,8950,7500,,
"2024-07-31",,,,,9000,7500,,
"2024-08-01",,,,,9000,7500,,
"2024-08-02",,,,,9000,7500,,
"2024-08-05",,,,,9000,7500,,
"2024-08-06",,,,,9000,7500,,
"2024-08-07",,,,,9150,7500,,
"2024-08-08",,,,,9150,7500,,
"2024-08-09",,,,,9150,7500,,
"2024-08-12",,,,,9150,7500,,
"2024-08-13",,,,,9150,7500,,
"2024-08-14",,,,,9150,7500,,
"2024-08-16",,,,,9140,7500,,
"2024-08-19",,,,,9140,7500,,
"2024-08-20",,,,,9140,7500,,
"2024-08-21",,,,,9140,7500,,
"2024-08-22",,,,,9250,7500,,
"2024-08-23",,,,,9250,7500,,